#	GID	5	15	30	45	60	90	120
3	YAL003W  	0.130000	-1.400000	-1.170000	-0.640000	-0.160000	-0.500000	-0.470000
24	YAL025C  	-0.740000	-1.720000	-0.430000	-0.180000	0.010000	-0.070000	-0.220000
36	YAL035W  	-0.340000	-1.150000	-0.450000	-0.230000	-0.240000	-0.180000	-0.380000
37	YAL036C  	-0.210000	-1.080000	-0.500000	-0.190000	-0.040000	-0.240000	-0.370000
61	YAL061W  	0.510000	1.170000	0.030000	0.110000	-0.150000	-0.120000	-0.180000
85	YAR027W  	0.300000	1.040000	0.710000	0.460000	-0.120000	-0.040000	0.130000
96	YAR053W  	-0.270000	-1.000000	-0.120000	0.100000	-0.040000	-0.060000	-0.340000
105	YAR071W  	-0.380000	-1.090000	-1.500000	-0.540000	-0.400000	-0.190000	-0.300000
107	YAR075W  	-0.100000	-1.220000	-0.670000	0.010000	-0.340000	-0.340000	-0.200000
118	YBL009W  	-0.350000	-0.590000	-1.060000	-0.160000	0.150000	0.000000	0.280000
127	YBL018C  	-0.370000	-1.090000	-0.480000	-0.150000	0.090000	-0.070000	-0.150000
133	YBL024W  	-0.430000	-1.120000	-0.400000	-0.140000	0.080000	0.130000	0.230000
136	YBL027W  	-0.200000	-1.380000	-0.730000	-0.050000	0.010000	0.370000	-0.140000
137	YBL028C  	-0.800000	-2.160000	-0.560000	-0.060000	0.040000	-0.070000	-0.180000
148	YBL039C  	-0.750000	-3.120000	-1.240000	-0.460000	-0.070000	-0.110000	-0.030000
151	YBL042C  	-0.400000	-1.580000	-0.320000	-0.360000	-0.250000	0.290000	-0.200000
170	YBL061C  	-0.340000	-0.940000	-0.320000	-0.340000	0.240000	-0.500000	0.120000
184	YBL075C  	0.650000	1.660000	1.520000	0.580000	0.050000	-0.080000	-0.180000
186	YBL077W  	-0.240000	-1.340000	-0.550000	-0.090000	0.080000	-0.070000	-0.040000
229	YBR006W  	0.350000	1.330000	1.490000	0.740000	0.270000	0.540000	0.530000
232	YBR009C  	-0.640000	-0.500000	-0.920000	-0.930000	-0.210000	-0.430000	-0.130000
239	YBR014C  	0.250000	1.120000	1.090000	0.570000	0.050000	0.240000	0.510000
243	YBR018C  	0.330000	1.810000	0.750000	0.170000	-0.030000	0.160000	0.040000
251	YBR026C  	0.290000	0.370000	0.930000	0.830000	-0.050000	-0.130000	0.590000
256	YBR031W  	-0.280000	-1.180000	-0.940000	-0.190000	-0.030000	-0.340000	-0.470000
259	YBR034C  	-1.040000	-1.740000	-0.460000	-0.350000	0.100000	-0.140000	0.090000
271	YBR046C  	0.230000	0.660000	1.140000	0.630000	-0.150000	0.010000	-0.040000
275	YBR050C  	0.450000	1.970000	1.040000	0.340000	0.240000	0.580000	0.580000
277	YBR052C  	0.560000	1.220000	1.350000	1.170000	-0.030000	0.060000	0.460000
279	YBR054W  	0.020000	-0.090000	0.630000	1.390000	0.360000	0.690000	0.600000
281	YBR056W  	1.050000	1.790000	1.870000	1.430000	-0.110000	-0.040000	0.580000
291	YBR066C  	0.560000	1.200000	-0.040000	-0.090000	0.010000	0.520000	0.440000
292	YBR067C  	-0.170000	-0.630000	-0.960000	-0.350000	-0.400000	-0.260000	-0.580000
303	YBR078W  	-0.170000	-1.460000	-1.000000	-0.120000	0.120000	0.300000	0.400000
304	YBR079C  	-0.350000	-1.210000	-0.500000	-0.220000	-0.070000	-0.190000	-0.010000
308	YBR083W  	-0.240000	-0.800000	-0.940000	-0.770000	-0.560000	-0.040000	-0.050000
309	YBR084C-A	-0.090000	-0.930000	-0.600000	-0.040000	0.210000	0.320000	-0.120000
310	YBR084W  	-0.450000	-1.630000	-0.820000	-0.290000	0.010000	-0.260000	-0.280000
314	YBR088C  	-0.940000	-1.100000	-1.010000	-0.250000	0.280000	-0.050000	0.200000
318	YBR092C  	-0.420000	-1.430000	-1.600000	-0.910000	-0.540000	-0.240000	-0.350000
319	YBR093C  	-0.220000	-1.190000	-1.500000	-0.620000	-0.520000	-0.410000	-0.370000
330	YBR104W  	-0.360000	-1.720000	-0.790000	-0.250000	-0.150000	-0.140000	-0.270000
331	YBR105C  	0.400000	0.400000	0.780000	1.040000	0.030000	-0.110000	-0.020000
332	YBR106W  	-0.210000	-1.040000	-0.570000	-0.330000	0.080000	0.050000	0.130000
340	YBR114W  	0.320000	1.000000	0.670000	0.540000	0.160000	0.370000	0.460000
342	YBR116C  	0.740000	2.260000	2.480000	1.620000	0.060000	0.060000	0.210000
343	YBR117C  	0.370000	1.580000	1.370000	0.480000	-0.200000	0.120000	0.060000
347	YBR121C  	-0.230000	-1.100000	-0.700000	-0.170000	-0.100000	-0.010000	0.140000
352	YBR126C  	1.010000	1.620000	0.390000	0.690000	-0.070000	-0.100000	-0.430000
358	YBR132C  	0.070000	1.210000	0.630000	0.210000	-0.210000	0.460000	0.030000
368	YBR142W  	-0.430000	-1.690000	-0.480000	0.000000	0.100000	-0.010000	-0.070000
380	YBR154C  	-0.490000	-1.200000	0.080000	-0.200000	-0.100000	-0.030000	-0.100000
384	YBR158W  	-0.640000	-1.310000	-0.730000	-0.530000	-0.350000	-0.140000	-0.260000
386	YBR160W  	0.650000	1.150000	0.760000	0.380000	0.480000	0.600000	1.100000
387	YBR161W  	1.330000	1.500000	-0.080000	0.140000	0.070000	0.410000	0.560000
388	YBR162C  	0.320000	-0.570000	-1.030000	-0.520000	0.040000	0.390000	0.230000
392	YBR165W  	0.910000	0.970000	0.220000	0.040000	0.080000	0.200000	0.290000
395	YBR168W  	0.290000	0.930000	0.520000	0.120000	0.010000	0.240000	0.390000
396	YBR169C  	1.060000	2.050000	1.880000	1.650000	0.310000	0.160000	0.880000
408	YBR181C  	0.010000	-1.360000	-0.940000	-0.220000	0.240000	0.500000	0.120000
410	YBR183W  	1.210000	2.530000	1.210000	1.490000	0.190000	0.370000	0.730000
411	YBR184W  	0.070000	-0.200000	-0.990000	0.080000	0.250000	0.050000	0.190000
416	YBR189W  	-0.310000	-1.070000	-0.400000	-0.230000	0.280000	0.370000	0.310000
418	YBR191W  	-0.070000	-1.070000	-0.650000	-0.200000	0.170000	0.240000	0.220000
430	YBR203W  	0.390000	1.130000	-0.040000	0.520000	0.140000	0.260000	0.170000
457	YBR230C  	0.420000	1.140000	1.700000	0.300000	0.130000	0.350000	0.490000
464	YBR237W  	0.200000	0.960000	0.440000	-0.070000	0.010000	0.160000	0.090000
465	YBR238C  	0.160000	-2.080000	-0.570000	0.000000	-0.040000	-0.140000	-0.280000
474	YBR247C  	-0.310000	-2.120000	-0.480000	-0.120000	0.090000	-0.010000	0.200000
476	YBR249C  	0.210000	-0.470000	-1.030000	0.040000	0.160000	0.400000	-0.240000
493	YBR266C  	-0.790000	-1.540000	-0.420000	-0.310000	0.030000	-0.310000	-0.340000
512	YBR285W  	0.210000	1.420000	1.890000	1.060000	0.030000	0.370000	0.700000
520	YBR293W  	0.520000	0.980000	0.340000	0.210000	-0.010000	0.150000	0.190000
524	YBR297W  	0.210000	1.070000	-0.070000	0.330000	-0.010000	0.190000	-0.010000
525	YBR298C  	0.370000	0.740000	-0.320000	1.050000	0.070000	-0.030000	-0.020000
547	YCL022C  	-0.060000	-0.360000	-1.670000	-0.200000	-0.100000	-0.030000	0.000000
551	YCL027W  	0.760000	1.150000	0.270000	-0.290000	0.290000	-0.050000	0.050000
559	YCL035C  	-0.260000	1.070000	1.500000	1.280000	0.030000	0.220000	0.460000
563	YCL039W  	-0.120000	-1.200000	-0.050000	0.040000	0.040000	-0.120000	-0.300000
564	YCL040W  	1.380000	2.140000	1.970000	1.360000	0.060000	0.230000	0.080000
565	YCL041C  	0.220000	1.610000	0.250000	0.150000	-0.050000	0.100000	-0.300000
566	YCL042W  	0.440000	1.340000	0.750000	0.540000	0.030000	0.150000	-0.010000
577	YCL054W  	-1.260000	-2.310000	-0.420000	-0.420000	0.140000	0.110000	0.000000
582	YCL059C  	-0.730000	-2.060000	-1.580000	-0.320000	0.020000	-0.150000	-0.280000
585	YCL064C  	-0.310000	0.050000	1.070000	0.210000	-0.840000	0.700000	0.820000
599	YCR005C  	0.520000	1.280000	1.220000	0.100000	-0.510000	-0.120000	-0.030000
610	YCR016W  	-0.670000	-1.480000	-0.690000	-0.340000	-0.180000	-0.140000	-0.420000
616	YCR021C  	-0.010000	-0.350000	-0.550000	1.590000	-0.180000	-0.640000	-0.940000
618	YCR023C  	0.010000	0.300000	-0.010000	0.010000	1.130000	0.020000	0.160000
629	YCR034W  	-0.140000	-0.990000	-0.620000	-0.120000	0.320000	0.180000	0.150000
647	YCR052W  	-0.100000	-1.090000	-0.410000	-0.530000	-0.170000	-0.760000	-0.510000
648	YCR053W  	-0.400000	-1.180000	-0.510000	-0.360000	-0.010000	-0.300000	-0.230000
708	YDL014W  	-0.320000	-1.330000	-0.690000	0.020000	-0.220000	-0.290000	-0.470000
711	YDL017W  	0.400000	1.130000	0.230000	-0.050000	0.110000	-0.090000	0.010000
714	YDL020C  	2.060000	1.810000	0.370000	0.500000	-0.280000	0.050000	0.110000
715	YDL021W  	-0.350000	-1.540000	1.770000	1.590000	0.270000	0.310000	1.050000
716	YDL022W  	3.100000	3.710000	2.400000	1.030000	0.150000	1.100000	1.000000
717	YDL023C  	-0.070000	-0.200000	1.850000	0.760000	-0.040000	0.680000	1.020000
718	YDL024C  	1.300000	4.690000	2.600000	0.410000	0.390000	1.400000	0.090000
741	YDL046W  	0.480000	1.070000	1.060000	0.560000	-0.070000	0.150000	0.480000
746	YDL051W  	-0.100000	-1.000000	-0.580000	-0.060000	0.180000	0.010000	0.160000
748	YDL053C  	0.000000	-0.600000	-0.100000	-0.320000	-0.490000	-1.060000	-0.580000
750	YDL055C  	0.030000	-1.690000	-1.120000	-0.120000	0.230000	0.110000	0.060000
757	YDL062W  	-1.290000	-1.400000	-0.970000	-0.450000	0.040000	-0.100000	-0.270000
758	YDL063C  	-0.840000	-2.940000	-0.580000	-0.150000	-0.140000	-0.170000	-0.170000
770	YDL075W  	0.030000	-1.030000	-0.760000	-0.140000	-0.070000	-0.030000	0.060000
774	YDL079C  	0.190000	0.960000	-0.340000	-0.090000	-0.030000	0.040000	-0.150000
776	YDL081C  	0.160000	-1.360000	-0.860000	-0.320000	-0.140000	-0.580000	-0.270000
778	YDL083C  	-0.040000	-1.120000	-0.640000	-0.010000	-0.060000	-0.120000	-0.040000
804	YDL109C  	-0.010000	-0.120000	-0.580000	-0.010000	0.510000	-1.000000	-1.090000
806	YDL111C  	-0.170000	-0.930000	-0.320000	-0.100000	-0.070000	-0.160000	-0.190000
819	YDL124W  	1.450000	2.740000	2.870000	2.430000	0.850000	0.390000	1.440000
842	YDL147W  	-0.120000	0.500000	1.080000	0.360000	-0.400000	-0.320000	0.110000
843	YDL148C  	-0.620000	-2.400000	-0.560000	-0.380000	0.250000	-0.140000	-0.140000
845	YDL150W  	-0.490000	-1.470000	-0.510000	-0.740000	-0.140000	-1.000000	-0.670000
847	YDL152W  	-0.070000	-1.090000	-0.490000	-0.140000	0.250000	0.040000	0.040000
848	YDL153C  	-0.640000	-2.320000	-0.670000	-0.040000	0.200000	-0.120000	0.010000
862	YDL167C  	-0.710000	-2.060000	-0.250000	-0.620000	0.120000	-0.120000	0.100000
894	YDL199C  	-0.100000	2.200000	1.360000	0.400000	-0.010000	0.320000	0.370000
896	YDL201W  	0.120000	-1.220000	-0.540000	-0.200000	-0.150000	-0.200000	-0.150000
899	YDL204W  	0.420000	2.700000	3.120000	1.750000	0.410000	0.840000	1.150000
910	YDL215C  	0.160000	0.940000	-0.180000	0.080000	0.490000	0.000000	0.170000
917	YDL222C  	0.340000	1.410000	1.280000	0.750000	0.100000	0.110000	0.100000
944	YDR001C  	0.480000	1.000000	0.730000	0.260000	-0.060000	-0.270000	0.030000
955	YDR012W  	-0.270000	-1.290000	-0.970000	-0.170000	-0.120000	-0.320000	-0.360000
961	YDR018C  	0.380000	1.280000	1.060000	0.440000	0.000000	0.140000	0.030000
962	YDR019C  	0.000000	-0.670000	0.950000	0.080000	0.380000	0.360000	0.060000
964	YDR021W  	-0.490000	-1.250000	-0.380000	-0.300000	-0.070000	-0.140000	-0.270000
974	YDR031W  	0.060000	0.460000	1.080000	0.330000	0.120000	-0.220000	-0.100000
986	YDR043C  	-0.420000	2.330000	0.360000	-0.180000	-0.300000	0.200000	-0.100000
1001	YDR058C  	0.430000	1.310000	0.410000	0.550000	0.040000	0.210000	0.100000
1002	YDR059C  	0.040000	-0.220000	1.340000	0.400000	0.250000	0.140000	0.250000
1006	YDR063W  	-0.400000	-1.250000	0.770000	0.500000	-0.070000	-0.040000	0.100000
1007	YDR064W  	-0.270000	-1.060000	-0.200000	-0.320000	-0.340000	0.160000	0.070000
1012	YDR069C  	0.890000	1.330000	-0.040000	-0.140000	-0.490000	-0.140000	-0.030000
1013	YDR070C  	0.640000	2.330000	3.000000	1.890000	0.160000	0.430000	0.190000
1017	YDR074W  	3.660000	4.870000	3.420000	3.160000	0.290000	0.930000	1.940000
1019	YDR076W  	1.030000	1.490000	0.260000	0.060000	0.250000	0.600000	0.360000
1020	YDR077W  	0.530000	1.100000	1.170000	1.460000	1.140000	1.090000	0.930000
1026	YDR083W  	-1.120000	-2.250000	-0.640000	-0.010000	0.190000	-0.040000	-0.180000
1028	YDR085C  	2.150000	2.490000	1.170000	1.700000	0.030000	0.320000	0.710000
1034	YDR091C  	-0.540000	-1.600000	-0.620000	-0.180000	0.120000	0.070000	0.100000
1039	YDR096W  	0.450000	1.530000	0.190000	0.490000	-0.040000	0.180000	0.100000
1040	YDR097C  	-0.320000	-1.220000	-1.180000	-0.090000	0.310000	-0.060000	0.230000
1044	YDR101C  	-0.710000	-1.250000	-0.510000	-0.230000	0.120000	0.100000	0.040000
1063	YDR120C  	-0.600000	-2.120000	-0.860000	-0.340000	0.070000	0.330000	0.040000
1069	YDR126W  	0.400000	0.940000	-0.470000	0.240000	0.190000	0.200000	0.540000
1085	YDR142C  	-0.010000	1.020000	0.280000	0.190000	0.030000	-0.090000	0.140000
1100	YDR157W  	0.680000	1.610000	-0.920000	-1.060000	-0.430000	-1.030000	-1.470000
1108	YDR165W  	-0.560000	-1.790000	-0.670000	-0.140000	-0.030000	-0.040000	-0.090000
1112	YDR169C  	0.150000	1.080000	0.770000	0.150000	0.040000	0.260000	0.450000
1114	YDR171W  	1.280000	2.710000	2.040000	1.070000	-0.670000	-0.470000	-0.180000
1128	YDR184C  	-0.690000	-1.510000	-0.300000	-0.380000	0.010000	0.070000	-0.060000
1136	YDR192C  	-0.140000	0.500000	0.240000	0.250000	1.090000	0.560000	0.230000
1146	YDR202C  	0.580000	1.260000	0.720000	0.410000	-0.290000	0.000000	0.200000
1167	YDR223W  	0.500000	1.690000	0.610000	0.330000	0.290000	0.160000	0.250000
1172	YDR228C  	0.550000	0.940000	0.260000	0.100000	0.040000	0.400000	-0.510000
1191	YDR247W  	0.540000	1.590000	0.460000	1.600000	-0.010000	-0.250000	0.250000
1193	YDR249C  	0.210000	1.080000	0.060000	-0.270000	0.040000	0.010000	-0.100000
1194	YDR250C  	0.110000	0.320000	-0.100000	-0.340000	0.080000	-1.250000	-0.270000
1198	YDR254W  	0.200000	1.200000	0.550000	0.450000	0.190000	0.060000	0.380000
1202	YDR258C  	0.540000	1.290000	0.910000	0.820000	-0.480000	-0.370000	0.020000
1216	YDR272W  	0.280000	1.090000	1.440000	1.160000	0.190000	0.200000	0.560000
1217	YDR273W  	0.430000	1.200000	0.790000	0.360000	0.240000	0.550000	0.240000
1221	YDR277C  	0.780000	1.300000	-0.620000	1.850000	0.010000	0.420000	0.760000
1223	YDR279W  	-0.430000	-1.030000	-0.400000	-0.270000	0.060000	-0.070000	0.000000
1228	YDR284C  	0.370000	1.010000	0.640000	0.540000	0.100000	0.120000	0.670000
1229	YDR285W  	0.330000	1.020000	0.290000	0.070000	0.010000	-0.030000	-0.150000
1243	YDR299W  	-0.740000	-2.320000	-0.290000	-0.380000	0.160000	0.120000	0.010000
1249	YDR305C  	0.160000	0.970000	0.490000	0.150000	0.000000	-0.120000	0.030000
1250	YDR306C  	0.430000	1.300000	0.580000	0.250000	-0.140000	-0.170000	0.040000
1256	YDR312W  	-0.790000	-2.320000	-0.040000	-0.400000	0.300000	0.310000	0.140000
1265	YDR321W  	0.140000	-0.640000	-0.940000	0.010000	0.000000	-0.200000	0.190000
1268	YDR324C  	-0.670000	-2.060000	-0.790000	-0.420000	-0.150000	-0.170000	-0.400000
1285	YDR341C  	-0.090000	-1.060000	-0.940000	-0.200000	0.120000	0.010000	-0.010000
1286	YDR342C  	0.880000	0.800000	-0.840000	1.730000	-0.290000	0.230000	0.330000
1287	YDR343C  	-0.030000	0.100000	-0.710000	1.230000	-0.080000	0.120000	0.240000
1289	YDR345C  	-0.540000	0.460000	-1.090000	1.220000	-0.040000	0.180000	0.160000
1290	YDR346C  	-0.790000	-1.180000	-0.490000	0.040000	0.080000	-0.010000	0.410000
1294	YDR350C  	0.480000	1.060000	0.420000	0.080000	-0.170000	0.110000	0.120000
1297	YDR353W  	-1.510000	1.580000	-0.360000	-0.320000	0.150000	-0.100000	-0.230000
1302	YDR358W  	0.740000	1.600000	1.210000	0.790000	0.490000	0.300000	0.390000
1305	YDR361C  	-0.180000	-1.000000	-0.250000	0.030000	0.240000	0.160000	0.010000
1309	YDR365C  	-0.270000	-1.120000	-0.150000	-0.040000	0.060000	-0.150000	-0.140000
1312	YDR368W  	0.450000	1.770000	1.680000	1.340000	0.670000	0.320000	0.800000
1318	YDR374C  	0.200000	1.620000	0.300000	0.260000	0.390000	0.520000	0.070000
1323	YDR379W  	0.300000	1.210000	0.610000	0.060000	-0.090000	0.140000	0.260000
1324	YDR380W  	0.230000	1.700000	1.520000	0.060000	-0.300000	0.860000	0.980000
1326	YDR382W  	0.340000	-1.030000	-0.490000	-0.060000	0.580000	-0.270000	-0.180000
1335	YDR391C  	0.500000	2.110000	2.080000	1.640000	0.110000	-0.220000	0.660000
1339	YDR395W  	-0.540000	-1.430000	-0.220000	-0.180000	0.100000	-0.180000	0.040000
1340	YDR396W  	-0.220000	-0.970000	-0.580000	-0.300000	-0.230000	-0.090000	-0.360000
1341	YDR397C  	-0.300000	-1.220000	-0.400000	-0.430000	-0.140000	-0.120000	-0.180000
1342	YDR398W  	-0.140000	-1.220000	-0.940000	-0.490000	0.400000	-0.140000	-0.290000
1343	YDR399W  	-1.360000	-2.840000	-0.060000	0.080000	-0.090000	-0.400000	0.330000
1356	YDR412W  	-0.090000	-1.120000	-0.380000	-0.220000	0.010000	0.000000	0.120000
1357	YDR413C  	-0.120000	-1.150000	-0.380000	-0.010000	0.230000	-0.040000	0.080000
1361	YDR417C  	-0.030000	-0.940000	-0.490000	0.330000	0.100000	0.410000	0.080000
1362	YDR418W  	-0.140000	-1.320000	-0.840000	0.010000	0.280000	-0.030000	0.140000
1369	YDR425W  	0.410000	1.320000	0.460000	-0.120000	-0.200000	-0.230000	0.140000
1371	YDR427W  	0.960000	0.360000	1.030000	0.260000	0.060000	-0.320000	-0.140000
1373	YDR429C  	-0.230000	-1.890000	-0.070000	-0.010000	-0.010000	-0.230000	-0.290000
1380	YDR436W  	0.010000	1.680000	1.140000	0.410000	0.080000	-0.380000	0.030000
1396	YDR452W  	0.640000	0.960000	1.000000	0.580000	0.300000	0.520000	0.680000
1397	YDR453C  	0.100000	0.820000	1.790000	1.180000	0.980000	0.240000	0.750000
1404	YDR460W  	0.440000	1.100000	0.560000	0.360000	0.140000	0.390000	0.580000
1409	YDR465C  	-0.290000	-1.120000	-0.620000	-0.040000	0.040000	-0.120000	-0.250000
1415	YDR471W  	-0.490000	-1.470000	-0.270000	0.380000	0.430000	0.310000	0.340000
1435	YDR491C  	-0.430000	-1.250000	-0.620000	-0.230000	-0.140000	-0.140000	-0.200000
1436	YDR492W  	-0.710000	-1.740000	-1.120000	-0.510000	-0.450000	-0.290000	-0.300000
1440	YDR496C  	-0.670000	-1.900000	-0.580000	-0.480000	0.090000	-0.080000	-0.140000
1445	YDR501W  	1.370000	1.280000	-0.380000	0.180000	0.100000	0.230000	0.410000
1449	YDR505C  	0.200000	1.040000	0.890000	0.310000	0.000000	0.000000	0.480000
1452	YDR508C  	0.670000	0.930000	-0.070000	-0.430000	-0.040000	0.240000	0.060000
1457	YDR513W  	1.270000	2.030000	1.740000	1.020000	0.210000	0.290000	0.460000
1459	YDR515W  	-0.340000	0.510000	0.990000	-0.230000	-0.270000	-0.220000	-0.040000
1460	YDR516C  	0.980000	2.260000	-0.070000	0.990000	0.280000	0.040000	-0.300000
1472	YDR528W  	0.430000	0.040000	-0.340000	-1.090000	0.000000	0.140000	0.410000
1475	YDR531W  	0.100000	0.990000	0.580000	0.010000	0.120000	0.040000	0.460000
1480	YDR536W  	2.150000	5.150000	3.720000	-0.170000	-0.170000	0.010000	0.460000
1481	YDR537C  	0.610000	0.990000	-0.120000	-0.120000	0.420000	0.240000	0.190000
1498	YEL009C  	-0.470000	-1.220000	0.040000	0.250000	-0.010000	0.210000	0.390000
1500	YEL011W  	0.720000	1.430000	0.820000	2.090000	-0.340000	0.360000	0.820000
1501	YEL012W  	0.120000	1.370000	1.080000	0.310000	0.060000	0.260000	0.750000
1514	YEL024W  	0.360000	1.080000	0.750000	0.410000	-0.030000	0.250000	0.820000
1529	YEL039C  	0.500000	1.490000	1.040000	0.630000	0.000000	-0.060000	0.550000
1530	YEL040W  	-0.890000	-0.510000	-1.030000	-0.690000	-0.580000	-0.510000	-0.430000
1532	YEL042W  	-0.250000	-0.760000	-1.220000	-0.060000	0.010000	0.210000	0.000000
1544	YEL054C  	-0.140000	-1.400000	-0.580000	-0.180000	0.110000	0.070000	-0.090000
1545	YEL055C  	-0.050000	-1.140000	-0.660000	-0.300000	0.110000	-0.180000	-0.270000
1562	YEL071W  	-0.270000	0.280000	1.020000	-0.060000	-0.580000	-0.380000	0.290000
1563	YEL072W  	0.290000	0.960000	-0.220000	-0.430000	0.110000	-0.170000	-0.070000
1571	YER001W  	-0.250000	-1.290000	-0.430000	-0.360000	0.530000	-0.150000	0.150000
1576	YER006W  	0.080000	-1.640000	-0.940000	-0.070000	-0.140000	0.150000	-0.150000
1592	YER020W  	0.580000	1.230000	0.600000	0.180000	-0.100000	0.360000	0.160000
1593	YER021W  	0.430000	0.520000	1.000000	0.190000	-0.380000	-0.100000	0.150000
1598	YER026C  	0.340000	0.940000	1.450000	0.950000	0.500000	0.640000	0.860000
1609	YER037W  	0.780000	1.720000	1.280000	0.550000	0.060000	-0.010000	0.310000
1610	YER038C  	1.220000	1.610000	0.970000	0.450000	-0.150000	0.110000	0.190000
1615	YER043C  	-0.140000	-1.030000	-0.710000	-0.320000	-0.090000	-0.290000	-0.420000
1622	YER049W  	-0.290000	-0.940000	-0.290000	-0.090000	0.030000	0.120000	0.230000
1626	YER053C  	1.700000	2.450000	1.820000	2.670000	-0.580000	-0.270000	0.680000
1629	YER056C  	-1.030000	-1.640000	0.000000	-0.150000	0.120000	0.250000	0.440000
1637	YER062C  	1.900000	3.180000	2.700000	1.630000	0.640000	0.930000	0.790000
1642	YER066W  	0.420000	1.250000	0.380000	0.110000	-0.090000	0.160000	0.230000
1643	YER067W  	1.610000	3.540000	1.600000	3.120000	-0.070000	0.110000	0.910000
1646	YER070W  	-0.710000	-1.890000	-0.920000	-0.270000	0.750000	0.370000	0.540000
1650	YER074W  	0.150000	-1.180000	-0.740000	-0.150000	0.110000	0.060000	0.160000
1654	YER078C  	0.240000	0.980000	0.540000	0.250000	-0.180000	0.210000	0.040000
1655	YER079W  	1.390000	2.760000	2.290000	1.160000	-0.100000	0.160000	0.440000
1657	YER081W  	1.110000	1.120000	0.330000	-0.140000	-0.090000	-0.070000	-0.100000
1658	YER082C  	-0.230000	-1.120000	-0.760000	-0.450000	0.380000	-0.430000	-0.420000
1662	YER086W  	-0.300000	-1.000000	-0.690000	0.080000	0.110000	0.160000	0.080000
1664	YER087W  	0.190000	0.960000	0.630000	0.230000	0.060000	0.180000	0.610000
1665	YER088C  	-0.940000	-0.140000	0.180000	0.300000	0.100000	0.410000	0.010000
1668	YER091C  	-0.170000	-1.640000	-1.090000	-0.360000	1.520000	-1.150000	0.000000
1681	YER103W  	1.010000	2.800000	2.440000	0.990000	-0.120000	-0.470000	0.180000
1687	YER110C  	-0.220000	-1.150000	-1.360000	-0.320000	0.250000	0.080000	-0.200000
1694	YER117W  	-0.180000	-1.060000	-0.620000	-0.150000	0.320000	0.390000	0.250000
1704	YER126C  	-0.290000	-1.510000	-0.290000	0.160000	0.400000	0.310000	0.260000
1705	YER127W  	-0.380000	-1.600000	-0.010000	-0.580000	0.210000	0.070000	-0.180000
1720	YER142C  	0.010000	0.900000	1.530000	0.490000	-0.360000	-0.140000	-0.040000
1724	YER146W  	-0.170000	-1.060000	-0.430000	-0.300000	-0.270000	-0.510000	-0.620000
1728	YER150W  	1.120000	3.020000	2.770000	2.420000	0.960000	0.760000	0.620000
1734	YER156C  	-0.270000	-1.150000	-0.470000	0.000000	-0.040000	0.070000	0.010000
1736	YER158C  	-0.290000	-0.340000	0.620000	0.930000	0.510000	0.450000	0.240000
1743	YER165W  	0.030000	-0.970000	-0.940000	-0.100000	0.060000	0.190000	0.120000
1760	YER182W  	0.280000	1.140000	0.800000	0.290000	-0.200000	-0.270000	0.230000
1763	YER185W  	-0.010000	1.140000	0.440000	-0.090000	0.250000	0.650000	-0.360000
1770	YFL002C  	0.040000	-1.360000	-0.420000	-0.120000	-0.100000	-0.010000	-0.320000
1779	YFL011W  	-0.070000	-1.180000	-0.890000	-0.030000	-0.180000	0.060000	-0.490000
1781	YFL013C  	-0.940000	-2.640000	0.380000	-0.100000	0.070000	-0.060000	0.040000
1783	YFL014W  	2.730000	4.600000	4.760000	4.720000	3.590000	1.240000	2.600000
1785	YFL016C  	0.910000	1.170000	0.480000	0.360000	-0.580000	-0.290000	0.000000
1808	YFL040W  	0.240000	0.990000	0.640000	0.140000	0.040000	0.200000	0.250000
1837	YFR001W  	-0.380000	-1.510000	-0.640000	-0.140000	0.230000	-0.150000	-0.320000
1839	YFR003C  	0.100000	0.730000	0.950000	0.300000	0.280000	0.000000	-0.060000
1846	YFR010W  	0.340000	0.900000	0.990000	0.190000	-0.040000	-0.120000	0.190000
1850	YFR014C  	0.260000	0.990000	0.500000	0.490000	-0.170000	0.320000	0.260000
1853	YFR017C  	0.410000	0.700000	0.300000	1.040000	0.410000	-0.090000	-0.560000
1866	YFR029W  	0.920000	0.650000	1.080000	-0.220000	-0.010000	0.200000	-0.200000
1867	YFR030W  	0.420000	0.800000	-0.340000	-0.230000	1.010000	-0.090000	0.160000
1869	YFR031C-A	-0.070000	-1.600000	-1.470000	-0.400000	-0.180000	-0.400000	-0.090000
1877	YFR039C  	0.140000	0.940000	0.560000	0.070000	0.930000	0.700000	0.850000
1887	YFR049W  	0.390000	1.040000	1.020000	0.550000	-0.300000	0.120000	0.450000
1888	YFR050C  	0.100000	0.580000	0.980000	0.340000	-0.150000	-0.030000	0.300000
1890	YFR052W  	0.080000	0.410000	0.990000	0.320000	-0.420000	-0.220000	0.120000
1891	YFR053C  	1.260000	2.290000	2.250000	2.070000	-0.100000	0.650000	1.420000
1905	YGL010W  	0.640000	1.530000	0.710000	0.180000	-0.030000	0.140000	0.290000
1916	YGL021W  	-0.470000	-1.090000	-0.470000	0.120000	0.310000	0.240000	0.300000
1923	YGL028C  	-1.150000	-0.790000	-0.270000	-0.580000	-0.120000	0.180000	0.630000
1924	YGL029W  	-0.490000	-2.470000	-0.290000	-0.360000	-0.120000	-0.340000	-0.490000
1926	YGL031C  	-0.090000	-1.250000	-0.840000	-0.100000	0.120000	-0.010000	0.180000
1927	YGL032C  	-0.120000	-1.510000	-0.940000	-0.760000	-0.620000	-0.270000	-0.200000
1930	YGL035C  	0.240000	0.520000	-0.340000	-0.200000	0.040000	-0.010000	1.330000
1931	YGL036W  	1.380000	2.080000	1.060000	0.510000	0.040000	0.220000	0.370000
1932	YGL037C  	1.510000	2.640000	2.330000	1.420000	-0.070000	0.330000	0.660000
1943	YGL048C  	0.300000	0.560000	1.060000	0.490000	0.010000	-0.140000	-0.140000
1948	YGL053W  	0.310000	1.370000	0.930000	0.370000	-0.060000	-0.040000	0.240000
1950	YGL055W  	-0.030000	-1.560000	-1.360000	0.570000	0.480000	0.080000	0.180000
1952	YGL057C  	0.060000	0.930000	0.450000	-0.120000	-0.200000	0.160000	0.060000
1954	YGL059W  	0.120000	1.240000	0.760000	0.520000	-0.540000	0.140000	0.010000
1957	YGL062W  	0.230000	0.960000	0.490000	0.080000	0.050000	0.050000	-0.170000
1973	YGL078C  	-1.060000	-3.180000	-0.510000	-0.140000	0.140000	-0.060000	-0.120000
1976	YGL081W  	0.160000	1.330000	1.460000	0.370000	0.490000	0.580000	0.760000
1989	YGL094C  	-1.180000	-0.450000	-0.380000	-0.120000	0.010000	-0.060000	0.250000
1992	YGL097W  	-0.560000	-1.180000	-0.560000	-0.540000	0.080000	-0.340000	-0.450000
1993	YGL098W  	0.250000	1.220000	0.700000	0.420000	-0.010000	0.250000	0.640000
1994	YGL099W  	-0.360000	-1.180000	-0.340000	-0.200000	0.180000	0.320000	0.100000
1997	YGL102C  	-0.430000	-1.060000	-0.640000	-0.040000	0.250000	-0.040000	-0.250000
1998	YGL103W  	-0.560000	-1.400000	-0.490000	-0.170000	0.060000	-0.060000	-0.140000
1999	YGL104C  	0.620000	1.440000	1.060000	0.360000	0.440000	0.520000	0.650000
2006	YGL111W  	-0.220000	-1.400000	-0.490000	-0.230000	0.060000	0.240000	-0.030000
2015	YGL120C  	-0.100000	-1.120000	-0.540000	-0.100000	0.010000	0.080000	0.060000
2016	YGL121C  	0.010000	0.630000	1.740000	1.310000	0.760000	0.330000	0.900000
2018	YGL123W  	-0.540000	-1.360000	-0.760000	-0.200000	0.040000	-0.220000	-0.400000
2020	YGL125W  	0.280000	1.450000	0.210000	-0.040000	0.100000	-0.270000	-0.030000
2023	YGL128C  	0.390000	1.010000	0.110000	-0.300000	-0.010000	0.010000	0.110000
2029	YGL134W  	0.330000	0.930000	0.740000	0.110000	0.110000	0.100000	0.400000
2042	YGL147C  	0.070000	-0.890000	-1.060000	0.160000	0.340000	0.230000	0.380000
2043	YGL148W  	-0.140000	-1.790000	-1.360000	-0.710000	0.060000	-0.670000	-0.040000
2052	YGL157W  	0.120000	1.760000	2.280000	1.280000	0.300000	0.580000	0.920000
2053	YGL158W  	0.110000	2.180000	0.890000	0.330000	0.580000	0.360000	-0.290000
2055	YGL160W  	0.080000	1.120000	0.580000	0.310000	0.060000	0.230000	0.430000
2066	YGL171W  	0.100000	1.040000	-0.920000	-0.180000	0.030000	-0.180000	-0.450000
2073	YGL178W  	0.410000	1.090000	0.490000	0.160000	0.120000	0.240000	0.330000
2074	YGL179C  	0.800000	1.590000	0.480000	0.260000	0.100000	0.120000	0.400000
2075	YGL180W  	0.320000	1.120000	0.900000	0.400000	0.100000	0.340000	0.430000
2079	YGL184C  	0.330000	0.400000	0.400000	0.970000	1.620000	0.710000	0.040000
2087	YGL192W  	0.810000	1.230000	-0.010000	0.210000	-0.140000	0.250000	0.390000
2125	YGL229C  	1.290000	1.880000	0.520000	0.150000	-0.340000	-0.010000	0.080000
2144	YGL248W  	0.230000	0.920000	1.230000	0.770000	0.160000	0.300000	0.100000
2145	YGL249W  	0.300000	1.130000	0.230000	-0.200000	0.110000	0.110000	-0.220000
2146	YGL250W  	0.410000	1.440000	0.460000	0.240000	0.150000	0.460000	-0.180000
2154	YGL258W  	0.000000	1.060000	0.720000	-0.290000	0.200000	0.390000	0.240000
2167	YGR008C  	0.200000	0.360000	2.140000	1.750000	-0.060000	0.030000	0.870000
2178	YGR019W  	0.560000	1.380000	1.060000	0.740000	-0.170000	0.430000	0.560000
2182	YGR023W  	0.600000	1.550000	0.750000	0.670000	0.230000	0.190000	0.400000
2193	YGR034W  	0.060000	-1.120000	-0.690000	-0.070000	0.070000	0.100000	0.100000
2201	YGR042W  	0.190000	1.620000	1.880000	1.160000	0.840000	0.830000	0.410000
2202	YGR043C  	0.700000	3.970000	4.640000	3.430000	2.990000	1.900000	1.700000
2205	YGR046W  	0.620000	1.260000	0.510000	0.300000	0.070000	0.200000	0.420000
2207	YGR048W  	0.490000	0.850000	1.170000	0.080000	-0.490000	-0.470000	0.060000
2208	YGR049W  	0.460000	2.070000	0.040000	-0.120000	0.110000	0.280000	0.320000
2211	YGR052W  	3.830000	4.840000	2.680000	2.350000	-0.220000	-0.010000	0.560000
2212	YGR053C  	0.310000	1.560000	0.650000	0.710000	-0.120000	0.230000	0.390000
2218	YGR059W  	0.450000	1.040000	0.520000	0.240000	0.330000	0.710000	0.560000
2224	YGR065C  	0.460000	1.060000	-0.040000	-0.690000	-0.140000	0.060000	0.300000
2225	YGR066C  	0.860000	3.460000	1.860000	0.150000	0.280000	0.240000	0.400000
2226	YGR067C  	0.210000	1.860000	0.100000	0.160000	0.380000	0.440000	0.410000
2229	YGR070W  	-0.950000	0.190000	-0.350000	0.960000	1.220000	0.070000	-0.300000
2239	YGR080W  	0.140000	0.360000	0.970000	0.660000	0.280000	0.280000	0.410000
2240	YGR081C  	-0.450000	-1.000000	0.080000	-0.150000	-0.150000	0.000000	0.030000
2245	YGR086C  	0.080000	1.790000	1.050000	0.010000	0.040000	0.040000	0.000000
2247	YGR088W  	0.150000	4.540000	4.350000	2.570000	0.280000	1.180000	1.830000
2249	YGR090W  	0.150000	-0.940000	-0.010000	-0.150000	0.320000	0.200000	-0.200000
2253	YGR094W  	-0.170000	-1.890000	-0.420000	-0.060000	0.140000	-0.010000	0.080000
2262	YGR103W  	-0.940000	-3.470000	-1.560000	-0.600000	0.150000	-0.290000	-0.740000
2267	YGR108W  	-0.490000	-1.290000	-0.380000	-0.320000	0.060000	0.820000	0.590000
2268	YGR109C  	-0.450000	-0.670000	-0.670000	-0.300000	0.680000	0.820000	1.080000
2269	YGR110W  	0.160000	1.260000	1.320000	0.440000	-0.090000	0.250000	0.260000
2270	YGR111W  	0.550000	1.120000	1.260000	0.770000	0.080000	0.310000	0.760000
2277	YGR118W  	-0.090000	-1.090000	-0.400000	0.100000	0.250000	0.210000	0.290000
2281	YGR122W  	0.620000	1.190000	0.420000	0.230000	-0.030000	0.070000	0.070000
2283	YGR124W  	-0.250000	-1.120000	-0.430000	-0.340000	-0.170000	-0.090000	-0.540000
2286	YGR127W  	0.330000	1.640000	0.820000	0.550000	-0.090000	0.150000	0.390000
2287	YGR128C  	-0.710000	-2.250000	-0.320000	-0.150000	0.110000	-0.150000	-0.220000
2289	YGR130C  	0.730000	1.320000	0.580000	0.180000	-0.400000	-0.120000	0.000000
2290	YGR131W  	0.360000	1.000000	0.200000	0.030000	0.410000	0.340000	0.040000
2291	YGR132C  	-0.070000	0.690000	0.960000	0.410000	0.160000	0.330000	0.830000
2297	YGR138C  	-0.320000	-0.940000	0.810000	0.810000	-0.040000	-0.580000	-0.300000
2301	YGR142W  	1.970000	2.480000	0.970000	0.840000	-1.320000	-1.600000	-0.740000
2304	YGR145W  	-0.540000	-2.470000	-1.320000	-0.640000	0.060000	-0.450000	-0.510000
2307	YGR148C  	-0.100000	-1.320000	-1.030000	-0.220000	0.040000	-0.200000	-0.070000
2308	YGR149W  	0.580000	1.400000	1.330000	0.520000	0.060000	0.410000	0.580000
2317	YGR158C  	-0.140000	-0.970000	-0.140000	-0.230000	-0.250000	-0.200000	-0.030000
2318	YGR159C  	-0.680000	-1.540000	-0.430000	-0.380000	0.270000	-0.080000	0.000000
2319	YGR160W  	-1.180000	-3.320000	-1.120000	-0.810000	-0.170000	-0.430000	-0.220000
2320	YGR161C  	0.520000	2.010000	0.080000	-0.180000	0.030000	0.140000	-0.070000
2321	YGR162W  	-0.200000	-0.980000	-0.330000	-0.410000	0.050000	-0.510000	-0.220000
2346	YGR187C  	-0.600000	-1.430000	-0.320000	-0.620000	0.000000	0.060000	-0.230000
2353	YGR194C  	-0.060000	0.310000	0.940000	0.420000	-0.230000	0.250000	0.190000
2366	YGR207C  	0.040000	0.450000	0.950000	0.560000	-0.010000	0.180000	0.450000
2373	YGR214W  	-0.150000	-1.560000	-0.890000	-0.400000	0.150000	-0.030000	0.000000
2384	YGR225W  	0.260000	1.580000	0.490000	0.210000	0.360000	0.400000	0.120000
2393	YGR234W  	0.000000	-0.890000	-2.000000	-1.250000	-0.760000	0.000000	-0.030000
2396	YGR237C  	0.430000	1.340000	0.990000	0.440000	-0.060000	0.180000	0.340000
2397	YGR238C  	0.070000	0.950000	0.320000	-0.060000	-0.040000	-0.060000	0.250000
2404	YGR245C  	-0.200000	-2.180000	-1.360000	-0.540000	-0.030000	-0.320000	-0.560000
2407	YGR248W  	0.390000	2.100000	2.590000	1.830000	0.290000	0.120000	0.690000
2408	YGR249W  	0.390000	1.400000	0.420000	1.550000	0.250000	0.440000	-0.140000
2423	YGR264C  	-0.120000	-1.430000	-0.790000	-0.180000	-0.060000	-0.150000	-0.070000
2431	YGR272C  	-1.000000	-2.250000	-0.540000	-0.270000	0.150000	-0.010000	-0.300000
2438	YGR279C  	0.690000	-0.150000	-0.940000	-0.290000	0.210000	0.650000	-0.030000
2439	YGR280C  	-0.140000	-2.740000	-1.430000	-0.690000	-0.180000	-0.250000	-0.840000
2442	YGR283C  	-0.360000	-1.740000	-0.220000	-0.170000	0.070000	-0.060000	-0.140000
2444	YGR285C  	-0.170000	-2.060000	-1.320000	-1.090000	0.160000	-0.790000	-0.710000
2456	YHL001W  	-0.060000	-1.090000	-0.560000	0.120000	0.240000	0.370000	0.120000
2466	YHL011C  	-0.270000	-1.120000	-0.760000	-0.010000	0.010000	0.180000	0.030000
2476	YHL021C  	0.990000	3.640000	2.660000	1.720000	-0.540000	-0.070000	0.480000
2488	YHL033C  	-0.320000	-1.360000	-1.120000	-0.490000	0.100000	0.070000	-0.120000
2491	YHL036W  	-0.090000	0.790000	1.050000	0.450000	0.280000	0.040000	0.380000
2494	YHL039W  	-0.380000	-1.210000	-0.480000	-0.260000	-0.030000	-0.330000	-0.270000
2499	YHL044W  	0.040000	1.040000	1.300000	0.540000	0.290000	0.230000	0.510000
2507	YHR001W-A	0.190000	0.560000	0.640000	0.680000	0.030000	1.550000	0.480000
2510	YHR004C  	0.830000	1.400000	0.430000	0.310000	0.030000	0.210000	0.210000
2517	YHR010W  	-0.180000	-0.940000	-0.400000	0.100000	-0.010000	0.280000	0.300000
2521	YHR014W  	0.190000	-0.070000	-2.000000	-0.100000	-0.140000	-0.230000	-0.410000
2524	YHR017W  	0.160000	1.040000	0.420000	0.390000	0.110000	0.070000	-0.150000
2529	YHR021W-A	0.350000	2.050000	2.020000	0.760000	-0.150000	0.470000	0.500000
2530	YHR022C  	1.250000	2.060000	2.010000	0.320000	0.140000	0.250000	0.550000
2533	YHR025W  	0.060000	-0.710000	-1.000000	-0.250000	-0.180000	-0.270000	-0.580000
2537	YHR029C  	0.430000	1.030000	0.610000	0.360000	0.460000	0.630000	0.250000
2539	YHR031C  	0.120000	1.560000	-0.070000	-0.100000	0.520000	0.450000	0.590000
2541	YHR033W  	0.420000	1.120000	0.740000	0.200000	0.440000	0.310000	-0.140000
2542	YHR034C  	0.010000	1.090000	0.750000	0.200000	-0.010000	0.120000	0.050000
2553	YHR045W  	0.540000	0.950000	-0.340000	-0.230000	-0.160000	-0.190000	-0.190000
2558	YHR049W  	0.100000	1.340000	0.810000	0.100000	0.540000	0.780000	1.460000
2561	YHR052W  	-1.180000	-2.180000	-0.640000	-0.340000	0.140000	0.120000	0.160000
2573	YHR064C  	0.010000	-0.810000	-0.970000	-0.230000	-0.060000	0.160000	0.210000
2574	YHR065C  	-0.640000	-1.600000	-0.140000	-0.180000	0.260000	0.040000	0.010000
2575	YHR066W  	-1.030000	-2.470000	-0.090000	-0.230000	0.490000	0.290000	0.100000
2580	YHR071W  	0.310000	1.080000	1.070000	0.520000	0.430000	0.850000	0.600000
2589	YHR080C  	0.000000	1.000000	0.640000	0.080000	-0.010000	-0.040000	-0.170000
2596	YHR087W  	1.090000	3.130000	1.800000	1.690000	0.280000	0.300000	0.830000
2597	YHR088W  	-0.100000	-1.320000	-0.470000	-0.060000	0.250000	0.010000	-0.180000
2598	YHR089C  	-0.710000	-2.560000	-1.430000	-0.890000	-0.430000	-1.000000	-0.860000
2603	YHR094C  	1.460000	2.330000	1.040000	1.720000	0.240000	1.210000	1.240000
2605	YHR096C  	0.790000	2.380000	1.710000	1.410000	0.010000	0.830000	0.740000
2606	YHR097C  	0.490000	1.490000	1.280000	0.380000	-0.120000	-0.320000	0.340000
2613	YHR104W  	0.530000	3.210000	3.550000	2.320000	-0.090000	0.240000	1.710000
2621	YHR112C  	-0.040000	0.660000	1.090000	0.560000	0.460000	-0.120000	0.600000
2631	YHR122W  	1.450000	0.180000	-0.040000	0.010000	0.360000	0.210000	-0.270000
2633	YHR124W  	2.210000	0.430000	0.250000	0.030000	-0.100000	0.080000	-0.180000
2646	YHR137W  	1.510000	2.850000	2.440000	0.290000	-0.170000	0.990000	0.580000
2647	YHR138C  	0.040000	-0.180000	2.140000	1.030000	-0.180000	0.000000	0.010000
2648	YHR139C  	0.590000	2.630000	2.920000	0.580000	0.700000	0.740000	0.150000
2650	YHR140W  	-0.220000	-0.170000	1.660000	0.900000	0.490000	0.560000	0.920000
2651	YHR141C  	-0.070000	-1.030000	-0.380000	-0.060000	0.060000	0.110000	0.190000
2659	YHR148W  	-0.200000	-1.150000	-0.300000	-0.150000	-0.010000	0.180000	0.260000
2663	YHR152W  	0.240000	0.160000	0.230000	0.580000	0.210000	0.700000	0.930000
2671	YHR160C  	0.290000	0.850000	1.330000	0.340000	0.340000	0.550000	0.150000
2682	YHR171W  	-0.040000	1.430000	0.900000	0.300000	-0.250000	0.230000	0.320000
2688	YHR177W  	0.040000	-1.120000	0.260000	0.070000	0.120000	0.280000	-0.040000
2705	YHR194W  	0.380000	0.950000	0.340000	-0.170000	0.370000	0.280000	0.200000
2707	YHR196W  	-0.540000	-2.060000	-0.140000	-0.580000	0.140000	0.030000	0.060000
2708	YHR197W  	-0.250000	-1.560000	-0.690000	-0.640000	0.010000	-0.120000	-0.270000
2714	YHR203C  	-0.150000	-1.000000	-0.710000	0.010000	0.280000	0.400000	0.110000
2719	YHR208W  	-0.040000	-0.970000	-0.810000	-0.430000	-0.340000	0.120000	0.260000
2728	YHR215W  	0.700000	-1.000000	-1.510000	-0.760000	-0.040000	-0.070000	-0.620000
2733	YIL001W  	0.460000	1.140000	0.670000	0.230000	0.110000	0.240000	0.080000
2743	YIL010W  	0.280000	1.480000	1.010000	0.550000	0.040000	-0.090000	0.360000
2748	YIL015C-A	-0.620000	-1.000000	-0.340000	0.290000	-0.270000	0.690000	-0.070000
2750	YIL016W  	-0.340000	-1.120000	0.040000	0.240000	0.370000	0.190000	0.160000
2751	YIL018W  	-0.070000	-1.690000	-1.030000	-0.430000	-0.220000	-0.300000	-0.420000
2764	YIL031W  	0.750000	1.040000	0.300000	0.150000	0.140000	0.180000	0.030000
2770	YIL037C  	0.640000	1.040000	0.440000	0.210000	0.100000	0.320000	0.320000
2778	YIL045W  	1.380000	2.770000	0.400000	1.370000	0.000000	0.310000	0.280000
2781	YIL048W  	0.390000	1.100000	0.080000	-0.040000	-0.100000	-0.100000	0.100000
2782	YIL049W  	0.690000	1.050000	0.030000	-0.430000	-0.250000	0.100000	0.030000
2786	YIL053W  	1.440000	2.130000	1.320000	0.450000	0.060000	0.610000	0.340000
2788	YIL055C  	0.660000	1.280000	0.620000	0.130000	0.030000	-0.060000	-0.320000
2789	YIL056W  	1.000000	2.020000	0.310000	-0.170000	-0.270000	0.030000	0.230000
2819	YIL086C  	0.110000	-0.100000	-0.250000	-0.130000	0.100000	1.890000	0.130000
2830	YIL097W  	-0.270000	1.230000	0.900000	0.510000	0.040000	-0.060000	-0.220000
2832	YIL099W  	0.260000	1.320000	0.860000	0.190000	0.080000	0.670000	-0.270000
2834	YIL101C  	0.370000	1.710000	0.960000	0.360000	0.060000	0.930000	-0.060000
2839	YIL106W  	0.610000	1.230000	0.110000	-0.030000	0.060000	0.190000	-0.140000
2840	YIL107C  	0.070000	0.110000	1.320000	0.770000	0.140000	0.400000	0.700000
2843	YIL110W  	-0.670000	-1.000000	-0.560000	-0.250000	-0.100000	-0.060000	-0.380000
2850	YIL117C  	0.060000	0.230000	1.190000	0.570000	-0.470000	-0.700000	-0.720000
2857	YIL124W  	0.240000	0.580000	1.200000	0.820000	0.040000	0.250000	1.090000
2860	YIL127C  	-0.740000	-1.790000	-0.470000	-0.040000	0.210000	0.010000	-0.060000
2866	YIL133C  	-0.340000	-1.740000	-0.470000	0.290000	0.250000	0.230000	0.210000
2869	YIL136W  	0.570000	1.800000	1.930000	1.160000	0.300000	0.600000	-0.290000
2877	YIL144W  	0.480000	1.000000	0.200000	-0.200000	0.140000	0.320000	0.330000
2879	YIL146C  	0.280000	1.010000	0.680000	0.010000	0.300000	0.660000	0.390000
2888	YIL155C  	0.200000	0.700000	1.280000	0.290000	0.230000	0.270000	0.040000
2895	YIL162W  	0.340000	1.080000	-0.100000	-0.200000	0.070000	0.310000	0.410000
2922	YIR012W  	0.030000	-1.000000	-0.170000	-0.220000	0.200000	-0.090000	-0.670000
2924	YIR014W  	0.120000	1.100000	0.230000	0.120000	0.240000	0.150000	-0.060000
2947	YIR037W  	0.250000	0.440000	0.880000	0.980000	0.360000	0.210000	0.800000
2948	YIR038C  	0.190000	0.790000	1.690000	1.140000	1.240000	0.120000	0.990000
2949	YIR039C  	0.370000	0.770000	0.930000	0.480000	0.140000	0.440000	0.620000
2955	YJL001W  	-0.060000	0.510000	1.410000	0.660000	-0.030000	-0.010000	0.620000
2964	YJL010C  	-0.560000	-1.410000	-0.720000	-0.320000	-0.030000	-0.200000	-0.220000
2969	YJL015C  	0.290000	0.980000	0.840000	0.710000	0.000000	-0.100000	0.180000
2971	YJL017W  	0.300000	1.080000	0.960000	0.700000	0.160000	0.230000	0.430000
2995	YJL042W  	0.850000	1.070000	0.260000	0.050000	0.090000	-0.030000	0.190000
3010	YJL057C  	0.840000	1.830000	1.180000	0.860000	-0.060000	-0.140000	0.400000
3022	YJL069C  	0.250000	-2.180000	-0.670000	-0.740000	-0.070000	-0.230000	-0.640000
3036	YJL083W  	0.820000	2.210000	0.150000	0.230000	0.400000	0.180000	-0.140000
3038	YJL085W  	0.260000	1.540000	0.230000	-0.180000	0.150000	-0.030000	-0.230000
3041	YJL088W  	0.200000	0.910000	0.530000	0.640000	1.120000	0.860000	0.340000
3042	YJL089W  	0.150000	1.520000	1.900000	0.210000	0.150000	0.290000	0.000000
3046	YJL093C  	0.040000	0.520000	1.240000	0.340000	-0.010000	0.340000	0.360000
3050	YJL097W  	-0.340000	-1.090000	-0.620000	-0.180000	-0.150000	-0.140000	0.000000
3056	YJL103C  	-0.200000	1.180000	0.650000	0.190000	-0.070000	0.300000	0.440000
3059	YJL106W  	1.080000	1.980000	0.010000	0.400000	-0.220000	0.320000	-0.030000
3060	YJL107C  	1.370000	3.350000	0.820000	0.110000	0.580000	0.750000	0.650000
3061	YJL108C  	2.190000	4.070000	1.400000	0.780000	0.670000	1.040000	1.060000
3062	YJL109C  	-0.190000	-1.520000	-0.790000	-0.110000	0.000000	-0.240000	-0.350000
3068	YJL115W  	-0.380000	-1.220000	-0.670000	-0.540000	0.140000	-0.320000	-0.250000
3075	YJL122W  	-0.640000	-1.690000	-0.920000	-0.810000	0.210000	-0.180000	-0.380000
3085	YJL132W  	0.250000	1.160000	0.340000	0.110000	-0.060000	0.190000	0.360000
3101	YJL148W  	-0.400000	-2.400000	-0.640000	-0.150000	-0.040000	-0.040000	-0.170000
3102	YJL149W  	0.610000	1.110000	0.640000	0.230000	0.080000	0.200000	0.340000
3107	YJL154C  	-0.140000	0.390000	0.300000	0.030000	0.480000	-0.120000	1.010000
3108	YJL155C  	0.040000	1.060000	1.150000	0.450000	0.110000	0.230000	0.820000
3110	YJL157C  	-0.170000	-1.030000	-0.420000	-0.290000	0.030000	0.330000	0.580000
3111	YJL158C  	0.240000	-0.950000	-0.340000	0.310000	0.670000	-0.070000	-0.300000
3114	YJL161W  	-0.070000	2.040000	2.420000	1.090000	0.150000	0.290000	0.520000
3116	YJL163C  	0.460000	1.930000	0.180000	0.260000	0.060000	0.060000	0.200000
3117	YJL164C  	0.520000	1.920000	1.380000	0.560000	0.140000	0.380000	0.600000
3119	YJL166W  	0.300000	1.170000	0.780000	0.640000	0.040000	0.290000	0.300000
3143	YJL190C  	0.120000	-0.940000	-1.060000	0.110000	0.070000	0.150000	0.330000
3153	YJL200C  	-0.040000	-1.090000	-0.970000	0.440000	0.590000	0.200000	0.140000
3166	YJL214W  	0.200000	1.070000	0.120000	1.210000	0.480000	0.640000	0.290000
3169	YJL217W  	0.190000	-0.230000	-1.180000	-0.100000	-0.620000	0.160000	0.420000
3178	YJR002W  	-0.200000	-1.270000	-0.670000	-0.120000	-0.020000	-0.070000	-0.290000
3184	YJR008W  	0.770000	2.480000	1.810000	1.200000	0.060000	0.300000	0.640000
3202	YJR025C  	0.360000	0.790000	1.010000	0.830000	-0.140000	0.290000	0.070000
3209	YJR032W  	0.030000	-1.060000	0.010000	-0.100000	0.040000	-0.010000	0.150000
3213	YJR036C  	0.420000	1.010000	0.450000	0.190000	0.150000	0.160000	0.060000
3216	YJR039W  	0.070000	0.950000	0.280000	0.120000	0.160000	0.180000	0.100000
3217	YJR040W  	0.930000	-0.220000	0.030000	-0.030000	0.240000	0.190000	-0.290000
3218	YJR041C  	-0.940000	-1.640000	-0.470000	-0.360000	-0.120000	-0.010000	-0.180000
3221	YJR044C  	0.370000	1.260000	0.680000	0.260000	-0.060000	0.070000	-0.060000
3223	YJR046W  	1.170000	2.360000	0.330000	0.010000	-0.030000	-0.200000	-0.400000
3227	YJR050W  	0.330000	1.200000	0.280000	0.110000	-0.060000	-0.120000	-0.060000
3229	YJR052W  	0.370000	1.080000	0.430000	0.180000	-0.060000	0.030000	-0.010000
3236	YJR059W  	1.320000	1.700000	0.940000	0.600000	0.080000	0.230000	0.480000
3240	YJR063W  	-0.560000	-1.120000	-0.220000	-0.140000	0.030000	0.060000	0.210000
3247	YJR070C  	-0.150000	-1.290000	-1.030000	-0.420000	-0.040000	-0.180000	-0.620000
3248	YJR071W  	-0.120000	-0.790000	-0.970000	-0.290000	-0.420000	-0.010000	-0.170000
3249	YJR072C  	0.000000	-1.180000	-0.270000	-0.170000	0.000000	0.030000	-0.560000
3250	YJR073C  	0.120000	0.000000	1.160000	1.270000	1.050000	0.440000	0.330000
3267	YJR091C  	0.120000	1.160000	0.730000	0.410000	-0.120000	-0.070000	0.110000
3271	YJR094W-A	-0.140000	-1.060000	-0.640000	-0.250000	0.150000	0.140000	-0.250000
3273	YJR096W  	0.450000	1.820000	2.450000	1.940000	0.330000	0.110000	0.900000
3274	YJR097W  	-0.150000	-1.090000	-0.100000	-0.270000	0.420000	0.240000	-0.060000
3287	YJR110W  	0.260000	1.260000	0.100000	0.030000	-0.090000	0.030000	0.280000
3300	YJR123W  	-0.290000	-1.120000	-0.540000	-0.060000	0.580000	0.370000	0.420000
3308	YJR131W  	1.200000	-0.040000	0.030000	0.000000	0.100000	0.580000	-0.290000
3314	YJR137C  	0.100000	-0.170000	-0.430000	-0.180000	-1.090000	-0.040000	-0.470000
3322	YJR145C  	0.290000	0.970000	-0.510000	0.030000	0.400000	0.560000	0.180000
3326	YJR149W  	0.200000	0.230000	0.930000	0.180000	0.070000	0.230000	-0.150000
3346	YKL006W  	-0.300000	-1.690000	-0.450000	0.040000	0.210000	0.160000	-0.180000
3347	YKL007W  	0.310000	0.660000	0.930000	0.520000	0.060000	0.120000	0.370000
3349	YKL009W  	-1.360000	-2.470000	-0.710000	-0.300000	0.260000	0.280000	0.030000
3365	YKL025C  	0.180000	1.130000	0.490000	0.260000	0.100000	0.120000	0.630000
3366	YKL026C  	0.140000	0.900000	1.450000	1.490000	0.110000	0.000000	0.290000
3369	YKL029C  	-0.150000	-1.060000	-0.670000	-0.300000	-0.150000	-0.170000	-0.470000
3370	YKL030W  	-0.760000	-2.120000	-0.600000	-0.430000	-0.490000	-0.640000	-0.920000
3374	YKL034W  	0.180000	1.060000	0.790000	0.480000	0.180000	0.430000	0.660000
3375	YKL035W  	1.010000	2.280000	2.390000	1.750000	0.320000	0.460000	1.080000
3383	YKL043W  	0.000000	-0.070000	-0.810000	-1.120000	-0.490000	-0.040000	-0.290000
3396	YKL056C  	-0.170000	-0.600000	-0.970000	-0.150000	0.080000	0.100000	0.040000
3397	YKL057C  	-0.400000	-0.170000	-0.070000	-0.290000	0.780000	0.100000	1.240000
3405	YKL065C  	0.930000	1.590000	1.340000	1.150000	0.310000	0.210000	0.490000
3407	YKL067W  	0.450000	1.090000	1.230000	0.830000	0.630000	0.260000	1.010000
3419	YKL079W  	-0.150000	0.540000	1.210000	0.250000	-0.030000	0.100000	0.260000
3421	YKL081W  	0.280000	-0.670000	-1.220000	-0.540000	-0.030000	0.250000	-0.250000
3431	YKL091C  	1.080000	2.780000	2.100000	1.470000	-0.010000	0.230000	1.230000
3433	YKL093W  	0.780000	2.050000	1.520000	0.980000	0.070000	0.400000	0.990000
3436	YKL096W  	0.940000	2.260000	1.650000	0.870000	1.120000	0.740000	1.140000
3439	YKL099C  	-0.620000	-1.890000	-0.200000	-0.320000	0.200000	-0.040000	-0.060000
3443	YKL103C  	0.510000	1.230000	1.840000	0.870000	0.010000	0.120000	0.720000
3449	YKL109W  	-0.400000	-0.760000	-1.360000	1.900000	-0.670000	-0.840000	-0.400000
3461	YKL121W  	0.240000	1.230000	0.810000	0.280000	-0.140000	-0.220000	0.380000
3463	YKL123W  	0.000000	1.000000	0.430000	0.040000	-0.070000	-0.250000	0.060000
3464	YKL124W  	0.430000	1.590000	0.860000	0.480000	0.040000	0.430000	0.550000
3473	YKL133C  	0.290000	1.640000	0.820000	0.320000	-0.320000	0.060000	0.110000
3474	YKL134C  	0.080000	1.340000	0.550000	-0.040000	0.190000	0.380000	0.490000
3482	YKL142W  	0.880000	1.770000	1.680000	1.110000	0.010000	-0.060000	0.550000
3483	YKL143W  	-0.470000	-2.250000	-1.220000	-0.420000	0.070000	-0.150000	-0.580000
3484	YKL144C  	-0.100000	-1.120000	-0.380000	-0.090000	-0.320000	-0.010000	0.100000
3485	YKL145W  	-0.030000	0.120000	0.970000	0.600000	-0.360000	-0.270000	-0.040000
3490	YKL150W  	0.590000	1.810000	2.150000	1.730000	0.080000	0.540000	0.060000
3496	YKL156W  	-0.200000	-1.220000	-0.090000	-0.040000	0.010000	0.250000	0.070000
3497	YKL157W  	1.060000	0.460000	0.450000	0.410000	-0.150000	0.080000	0.380000
3501	YKL161C  	0.330000	0.930000	0.390000	0.340000	0.320000	0.410000	0.360000
3502	YKL162C  	0.140000	1.330000	0.850000	0.410000	0.120000	0.450000	0.200000
3507	YKL167C  	0.440000	1.270000	0.370000	0.070000	-0.180000	0.120000	0.150000
3512	YKL172W  	-1.000000	-2.320000	-0.320000	-0.200000	0.360000	0.240000	-0.100000
3524	YKL184W  	0.360000	0.700000	0.890000	0.580000	0.700000	1.140000	0.740000
3525	YKL185W  	-0.760000	-1.220000	-0.890000	-0.400000	0.010000	0.190000	0.380000
3528	YKL188C  	0.330000	1.340000	0.660000	0.230000	-0.180000	0.540000	0.380000
3530	YKL190W  	0.260000	0.630000	0.990000	0.330000	0.360000	0.490000	0.870000
3533	YKL193C  	0.580000	1.190000	1.150000	0.720000	-0.120000	0.000000	0.500000
3538	YKL198C  	0.200000	1.010000	0.280000	0.240000	0.230000	0.560000	0.310000
3540	YKL201C  	0.860000	1.080000	0.520000	0.210000	0.480000	0.500000	0.370000
3541	YKL202W  	0.930000	1.420000	0.330000	0.150000	0.540000	0.640000	0.540000
3544	YKL205W  	-0.620000	-0.940000	-0.320000	-0.220000	-0.060000	-0.200000	0.010000
3546	YKL207W  	-0.010000	-0.200000	-0.070000	0.000000	0.030000	1.730000	-0.420000
3549	YKL210W  	0.150000	0.320000	1.040000	0.490000	-0.100000	-0.070000	0.160000
3555	YKL216W  	-0.180000	-1.430000	-1.180000	-0.450000	-0.030000	0.360000	0.180000
3575	YKR011C  	1.230000	2.750000	2.100000	0.780000	-0.290000	0.180000	0.500000
3588	YKR024C  	-0.290000	-1.180000	-0.340000	-0.340000	0.180000	-0.060000	-0.070000
3591	YKR027W  	0.140000	1.080000	0.440000	0.080000	0.110000	0.230000	0.250000
3620	YKR056W  	-0.940000	-2.840000	-0.510000	-0.490000	-0.100000	-0.100000	-0.150000
3639	YKR075C  	0.840000	0.310000	-0.450000	1.570000	0.290000	0.320000	0.210000
3640	YKR076W  	0.000000	0.620000	1.170000	0.540000	0.460000	0.640000	0.860000
3644	YKR080W  	-0.180000	-0.400000	1.340000	0.520000	0.070000	-0.070000	0.400000
3645	YKR081C  	-0.740000	-2.320000	-0.420000	-0.270000	0.360000	0.010000	0.120000
3656	YKR092C  	-0.360000	-1.640000	-0.840000	-0.620000	-0.230000	-0.400000	-0.560000
3662	YKR098C  	0.280000	1.250000	0.930000	0.740000	0.030000	0.340000	0.520000
3678	YLL008W  	-0.270000	-1.840000	-0.860000	-0.490000	0.000000	-0.180000	-0.540000
3693	YLL023C  	0.430000	1.870000	1.830000	1.060000	0.080000	0.340000	0.370000
3696	YLL026W  	0.070000	2.480000	1.770000	1.480000	1.110000	-0.890000	0.120000
3704	YLL034C  	-0.240000	-1.080000	-0.520000	-0.190000	0.150000	-0.100000	-0.320000
3705	YLL035W  	-0.290000	-0.970000	-0.320000	-0.320000	-0.070000	-0.170000	-0.120000
3708	YLL038C  	0.420000	0.960000	-0.380000	-0.400000	0.030000	-0.060000	-0.840000
3709	YLL039C  	0.280000	0.900000	1.150000	0.760000	0.310000	0.170000	0.490000
3714	YLL044W  	-0.150000	-1.290000	-1.150000	-0.360000	-0.070000	-0.140000	-0.090000
3715	YLL045C  	-0.180000	-1.510000	-1.030000	-0.150000	0.240000	0.190000	0.040000
3728	YLL058W  	0.280000	0.290000	1.000000	0.440000	0.420000	0.400000	0.210000
3732	YLL062C  	-0.060000	-0.450000	-0.470000	-0.060000	1.150000	-0.250000	0.010000
3739	YLR002C  	-0.140000	-1.740000	-0.340000	-0.140000	0.150000	0.070000	0.160000
3740	YLR003C  	-0.690000	-2.000000	-0.300000	-0.270000	0.070000	-0.430000	-0.360000
3743	YLR006C  	0.070000	1.150000	0.540000	0.100000	-0.060000	0.080000	0.400000
3746	YLR009W  	-0.970000	-2.320000	-0.600000	-0.320000	-0.040000	-0.220000	-0.270000
3760	YLR023C  	0.770000	0.930000	0.200000	-0.400000	0.290000	-0.150000	0.040000
3766	YLR029C  	-0.250000	-1.430000	-0.790000	-0.200000	-0.140000	0.280000	-0.400000
3768	YLR031W  	0.350000	0.950000	1.060000	0.360000	-0.200000	0.120000	0.330000
3779	YLR042C  	1.040000	2.570000	1.820000	1.010000	-0.070000	0.960000	-0.220000
3785	YLR048W  	-0.230000	-1.250000	-0.860000	-0.170000	0.280000	0.250000	0.030000
3788	YLR051C  	0.160000	-1.890000	-0.290000	-0.230000	0.160000	-0.090000	-0.320000
3791	YLR054C  	0.030000	0.940000	0.210000	0.140000	0.330000	0.820000	-0.120000
3793	YLR056W  	-0.420000	-1.430000	-0.860000	-0.620000	-0.220000	-0.060000	-0.430000
3795	YLR058C  	-0.170000	-1.640000	0.490000	0.340000	0.300000	-0.060000	0.180000
3797	YLR060W  	-0.070000	-0.940000	-0.600000	-0.100000	-0.200000	-0.070000	-0.290000
3799	YLR062C  	0.030000	-0.690000	-1.000000	-0.140000	0.040000	0.360000	0.160000
3804	YLR067C  	-0.900000	-1.230000	-0.210000	-0.380000	-0.270000	-0.050000	-0.010000
3805	YLR068W  	-0.670000	-1.060000	-0.360000	-0.140000	0.230000	-0.030000	0.060000
3817	YLR080W  	0.180000	0.840000	1.330000	0.610000	-0.060000	0.250000	0.500000
3820	YLR083C  	-0.420000	-1.250000	-0.810000	0.030000	0.160000	-0.120000	0.210000
3826	YLR089C  	0.040000	0.940000	1.040000	0.600000	0.830000	0.700000	0.730000
3845	YLR108C  	1.110000	1.780000	0.300000	-0.560000	0.010000	0.790000	0.530000
3857	YLR120C  	0.160000	1.370000	0.850000	0.340000	0.140000	0.140000	0.300000
3866	YLR129W  	-0.300000	-1.600000	-0.430000	-0.170000	0.150000	-0.340000	-0.030000
3886	YLR149C  	0.140000	3.070000	1.950000	1.450000	0.300000	0.210000	0.430000
3889	YLR152C  	0.240000	1.070000	0.690000	0.900000	0.240000	0.370000	0.460000
3902	YLR165C  	0.490000	1.020000	0.580000	0.140000	-0.200000	0.060000	0.190000
3912	YLR175W  	-0.740000	-2.250000	-1.150000	-0.510000	0.230000	0.160000	0.010000
3914	YLR177W  	0.750000	0.940000	0.210000	0.850000	0.120000	-0.010000	0.110000
3915	YLR178C  	0.430000	1.080000	1.490000	0.920000	0.120000	0.460000	0.250000
3917	YLR180W  	0.190000	-0.620000	-1.400000	-0.400000	0.560000	-0.120000	-0.090000
3920	YLR183C  	-0.250000	-1.400000	-1.000000	-0.270000	0.290000	-0.150000	0.250000
3922	YLR185W  	0.010000	-1.060000	-0.860000	-0.010000	0.010000	0.110000	0.120000
3933	YLR196W  	-0.670000	-2.560000	-0.540000	-0.580000	0.250000	0.080000	0.060000
3934	YLR197W  	0.200000	-1.560000	-1.120000	0.070000	0.150000	0.060000	-0.120000
3935	YLR198C  	0.260000	-1.320000	-0.860000	-0.040000	0.250000	0.190000	0.030000
3951	YLR214W  	-0.970000	-2.120000	-0.760000	-1.090000	0.040000	0.380000	0.080000
3958	YLR221C  	-0.470000	-1.940000	-0.790000	-0.250000	0.160000	-0.040000	-0.220000
3959	YLR222C  	-0.970000	-2.120000	-0.490000	-0.620000	0.070000	0.120000	0.140000
3962	YLR225C  	0.990000	1.790000	0.830000	0.110000	-0.170000	-0.200000	0.070000
3978	YLR241W  	0.100000	0.460000	0.840000	0.430000	-1.220000	0.000000	0.440000
3987	YLR250W  	0.400000	0.980000	0.930000	0.720000	0.340000	0.310000	0.740000
3988	YLR251W  	-0.030000	-0.030000	2.250000	1.510000	-0.010000	0.240000	0.670000
3989	YLR252W  	1.380000	2.900000	1.560000	1.500000	0.000000	0.140000	0.560000
3995	YLR258W  	1.780000	3.370000	1.990000	2.050000	0.390000	1.010000	1.720000
3997	YLR260W  	0.630000	1.180000	1.000000	0.400000	0.200000	0.580000	0.740000
4004	YLR267W  	0.640000	2.160000	1.870000	0.180000	-0.090000	0.280000	0.240000
4007	YLR270W  	1.670000	2.960000	2.940000	1.980000	0.190000	0.450000	1.270000
4008	YLR271W  	-0.060000	0.500000	1.080000	0.510000	-0.230000	-0.150000	0.260000
4013	YLR276C  	-1.250000	-2.940000	-0.690000	-0.510000	-0.070000	-0.200000	-0.100000
4016	YLR279W  	-0.040000	-1.160000	0.000000	0.050000	0.060000	-0.190000	-0.070000
4021	YLR284C  	0.370000	1.520000	1.150000	0.340000	0.060000	-0.040000	0.570000
4024	YLR287C  	-0.340000	-1.220000	0.210000	-0.090000	0.010000	-0.200000	-0.070000
4038	YLR300W  	-0.920000	-1.180000	0.160000	0.450000	1.140000	0.950000	1.370000
4041	YLR303W  	0.030000	-0.790000	-1.400000	-0.150000	1.290000	-0.600000	-0.250000
4048	YLR310C  	0.150000	0.100000	-0.380000	-0.140000	1.320000	-0.070000	-0.020000
4050	YLR312C  	0.720000	2.210000	0.960000	1.810000	0.440000	0.790000	0.480000
4066	YLR327C  	0.580000	1.020000	0.300000	0.720000	0.140000	-0.250000	-0.230000
4074	YLR335W  	0.150000	-1.400000	-0.300000	-0.030000	-0.030000	-0.450000	-0.360000
4075	YLR336C  	-0.380000	-1.060000	-0.150000	-0.270000	0.240000	0.040000	-0.170000
4077	YLR339C  	-0.150000	-0.690000	-1.030000	-0.200000	-0.030000	0.030000	-0.180000
4078	YLR340W  	0.070000	-0.940000	-0.810000	-0.070000	0.300000	0.100000	-0.100000
4081	YLR343W  	1.300000	0.740000	0.200000	0.290000	-0.270000	0.850000	0.630000
4082	YLR344W  	0.140000	-0.940000	-0.510000	0.160000	0.200000	0.060000	0.230000
4083	YLR345W  	0.250000	0.180000	1.410000	1.240000	-0.320000	0.120000	0.520000
4089	YLR351C  	-0.290000	-1.150000	-0.030000	-0.200000	0.200000	-0.090000	-0.690000
4090	YLR352W  	0.580000	1.240000	0.550000	0.070000	0.060000	0.520000	0.360000
4100	YLR362W  	0.450000	0.970000	0.800000	0.330000	0.040000	0.540000	0.650000
4105	YLR367W  	-0.030000	-1.120000	-1.000000	-0.100000	0.200000	0.210000	0.230000
4108	YLR370C  	-0.030000	0.450000	1.060000	0.750000	0.030000	0.250000	0.430000
4110	YLR372W  	-0.940000	-2.000000	-1.290000	-0.470000	-0.060000	0.040000	0.160000
4129	YLR392C  	0.320000	1.180000	0.230000	0.240000	-0.040000	0.150000	0.430000
4138	YLR401C  	-0.120000	-1.250000	-0.230000	-0.150000	0.260000	-0.200000	0.000000
4146	YLR409C  	-0.360000	-1.510000	-0.230000	-0.170000	0.030000	0.040000	0.450000
4150	YLR413W  	-0.940000	-1.470000	-1.640000	-0.920000	0.030000	-0.200000	-0.090000
4154	YLR417W  	-0.040000	1.120000	0.480000	-0.010000	-0.010000	-0.180000	-0.040000
4156	YLR419W  	0.030000	-0.320000	-0.150000	-0.180000	1.320000	-0.240000	-0.280000
4172	YLR435W  	-1.060000	-1.690000	-0.320000	-0.040000	0.190000	0.120000	-0.030000
4173	YLR436C  	0.490000	0.960000	0.200000	0.200000	0.300000	0.200000	0.180000
4175	YLR438W  	0.180000	0.970000	0.310000	-0.150000	0.200000	0.250000	-0.540000
4180	YLR443W  	-0.060000	-1.030000	0.540000	0.530000	0.250000	0.190000	0.080000
4183	YLR446W  	0.640000	0.980000	0.070000	0.100000	-0.250000	-0.100000	-0.130000
4185	YLR448W  	-0.060000	-1.180000	0.320000	-0.100000	0.030000	0.100000	-0.060000
4206	YML002W  	0.070000	1.260000	0.360000	0.100000	-0.140000	-0.140000	0.160000
4208	YML004C  	0.620000	2.470000	2.910000	1.330000	0.240000	-0.100000	0.710000
4209	YML005W  	0.230000	0.790000	1.060000	0.370000	-0.150000	0.030000	0.060000
4230	YML024W  	-0.120000	-1.090000	-0.810000	-0.200000	-0.170000	-0.060000	-0.030000
4232	YML026C  	-0.040000	-1.060000	-1.030000	0.010000	-0.040000	0.000000	0.040000
4250	YML042W  	0.150000	1.010000	0.730000	0.310000	0.320000	0.300000	0.200000
4261	YML053C  	0.860000	0.960000	0.560000	0.150000	-0.270000	-0.300000	-0.150000
4272	YML063W  	0.140000	-1.120000	-0.810000	0.200000	-0.360000	0.250000	0.250000
4279	YML070W  	0.290000	2.150000	2.530000	1.540000	1.400000	0.700000	0.780000
4280	YML071C  	-1.180000	-0.120000	-0.230000	0.000000	-0.060000	-0.140000	-0.230000
4282	YML073C  	-0.200000	-1.000000	-0.790000	-0.270000	0.040000	0.010000	0.100000
4287	YML078W  	1.770000	0.190000	0.150000	0.360000	0.010000	0.240000	0.330000
4302	YML093W  	-0.640000	-2.120000	-0.540000	-0.320000	0.320000	0.070000	-0.380000
4310	YML100W  	2.050000	3.420000	3.250000	3.120000	0.290000	0.960000	1.880000
4336	YML123C  	-1.560000	-2.640000	-0.150000	-0.560000	0.250000	0.080000	0.160000
4340	YML127W  	-0.270000	0.960000	0.570000	-0.150000	0.080000	0.360000	0.380000
4341	YML128C  	0.560000	3.730000	4.250000	3.000000	0.580000	0.120000	1.780000
4344	YML131W  	0.430000	3.160000	2.780000	1.420000	0.670000	1.180000	1.190000
4352	YMR006C  	-0.070000	-0.540000	-1.400000	-0.290000	0.240000	-0.170000	-0.300000
4357	YMR011W  	-0.010000	-0.060000	-2.120000	-0.230000	-0.710000	-0.220000	-0.540000
4358	YMR012W  	-0.290000	-0.950000	-0.430000	-0.380000	-0.200000	-0.460000	-0.030000
4360	YMR014W  	-0.740000	-2.400000	-0.170000	-0.560000	0.160000	-0.060000	-0.120000
4377	YMR031C  	0.620000	1.100000	0.650000	0.580000	0.060000	0.310000	0.150000
4381	YMR034C  	0.280000	1.160000	0.380000	0.070000	0.000000	0.030000	-0.010000
4384	YMR037C  	0.580000	1.140000	-0.060000	0.290000	0.100000	0.320000	0.120000
4386	YMR039C  	0.860000	1.200000	0.770000	0.160000	0.080000	0.040000	-0.200000
4387	YMR040W  	-0.070000	1.570000	0.400000	0.360000	0.140000	-0.100000	-0.200000
4388	YMR041C  	0.580000	1.320000	1.100000	0.300000	0.280000	0.510000	0.380000
4396	YMR049C  	0.040000	-2.120000	-1.030000	-0.360000	0.040000	0.150000	-0.300000
4401	YMR053C  	0.290000	1.080000	0.140000	0.290000	0.190000	0.210000	0.030000
4402	YMR054W  	-0.450000	-2.250000	0.000000	-0.010000	0.160000	0.190000	-0.140000
4404	YMR056C  	1.990000	3.400000	0.000000	0.100000	0.070000	0.370000	-0.220000
4425	YMR076C  	-0.220000	-0.760000	-1.000000	-0.220000	0.190000	-0.090000	0.110000
4430	YMR081C  	0.200000	1.100000	0.240000	2.400000	0.320000	0.210000	0.320000
4432	YMR083W  	-0.270000	-0.940000	-0.540000	0.140000	0.040000	-0.360000	-0.220000
4440	YMR090W  	0.400000	2.340000	3.080000	2.370000	2.030000	0.960000	1.770000
4442	YMR092C  	0.240000	0.890000	0.940000	0.450000	-0.340000	0.030000	0.480000
4443	YMR093W  	-0.560000	-1.740000	-0.030000	-0.060000	0.070000	-0.090000	0.360000
4455	YMR105C  	0.790000	3.150000	2.850000	2.830000	0.150000	0.340000	1.760000
4460	YMR110C  	0.560000	1.570000	1.350000	0.760000	-0.300000	-0.230000	0.390000
4466	YMR116C  	0.010000	-1.120000	-1.180000	-0.920000	-0.540000	0.200000	-0.230000
4471	YMR120C  	2.810000	-1.260000	0.790000	0.800000	0.050000	-0.470000	0.290000
4472	YMR121C  	-0.270000	-1.360000	-1.060000	-0.140000	0.100000	0.430000	0.140000
4473	YMR122C  	0.000000	-0.030000	-0.230000	-0.060000	0.100000	-0.220000	-0.940000
4476	YMR125W  	-0.760000	-1.090000	-0.580000	-0.220000	-0.140000	0.670000	0.070000
4482	YMR131C  	-0.360000	-1.560000	-0.560000	-0.060000	0.000000	0.120000	0.160000
4484	YMR133W  	0.260000	1.180000	0.650000	0.490000	0.030000	0.370000	0.590000
4491	YMR139W  	0.150000	0.930000	0.610000	0.370000	-0.140000	0.100000	0.310000
4494	YMR142C  	-0.290000	-1.120000	-0.560000	-0.300000	0.030000	0.060000	-0.300000
4495	YMR143W  	0.060000	-0.970000	-0.760000	0.180000	0.180000	-0.100000	0.120000
4497	YMR145C  	-0.180000	-0.970000	-0.600000	0.570000	-0.180000	0.010000	0.230000
4498	YMR146C  	0.000000	-0.890000	-1.000000	-0.090000	0.150000	-0.120000	-0.140000
4504	YMR152W  	0.060000	1.050000	1.220000	0.420000	0.190000	-0.140000	0.140000
4523	YMR169C  	0.350000	1.440000	2.020000	1.100000	0.610000	0.010000	0.680000
4524	YMR170C  	0.070000	-0.180000	4.060000	2.320000	1.210000	0.600000	1.540000
4527	YMR172W  	-0.620000	-1.400000	-0.120000	-0.200000	0.110000	0.150000	-0.470000
4528	YMR173W  	1.180000	2.510000	3.160000	2.910000	1.990000	1.020000	1.290000
4529	YMR173W-A	1.030000	2.260000	2.730000	2.740000	-0.400000	0.700000	0.940000
4530	YMR174C  	0.430000	1.280000	1.000000	0.580000	0.050000	0.130000	0.210000
4537	YMR181C  	0.410000	1.430000	1.620000	1.420000	0.040000	0.440000	0.730000
4541	YMR185W  	-0.090000	-1.250000	-0.580000	-0.250000	0.070000	0.360000	0.060000
4553	YMR196W  	0.160000	0.770000	1.360000	0.370000	-0.100000	-0.010000	0.520000
4554	YMR197C  	0.180000	0.700000	1.340000	0.650000	0.280000	0.040000	0.620000
4557	YMR200W  	0.160000	0.770000	0.700000	0.370000	0.450000	0.550000	1.050000
4572	YMR215W  	-0.070000	-0.920000	-2.060000	-0.360000	0.410000	0.000000	0.420000
4574	YMR217W  	-0.490000	-1.790000	-1.560000	-0.380000	0.310000	-0.200000	-0.100000
4586	YMR229C  	-0.460000	-1.230000	-0.640000	-0.290000	0.030000	-0.180000	-0.210000
4587	YMR230W  	0.120000	-0.740000	-0.970000	-0.200000	-0.450000	-0.150000	-0.270000
4596	YMR239C  	-0.560000	-1.640000	-0.510000	-0.640000	-0.180000	-0.220000	-0.090000
4599	YMR242C  	-0.030000	-1.180000	-0.580000	0.260000	0.450000	-0.010000	0.370000
4604	YMR246W  	-0.360000	-1.060000	-0.690000	-0.230000	0.250000	-0.100000	-0.150000
4606	YMR250W  	1.160000	3.130000	3.820000	3.220000	1.370000	0.580000	1.770000
4607	YMR251W  	0.700000	1.360000	1.450000	0.850000	0.330000	0.080000	0.650000
4608	YMR251W-A	0.920000	1.050000	1.530000	1.760000	-0.200000	0.200000	0.500000
4616	YMR259C  	-0.150000	-1.470000	-0.510000	-0.250000	-0.040000	-0.150000	-0.170000
4621	YMR264W  	0.140000	-0.970000	-0.400000	-0.270000	-0.250000	-0.320000	-0.860000
4626	YMR269W  	-0.220000	-1.250000	-0.760000	-0.300000	-0.230000	-0.380000	-0.640000
4628	YMR271C  	0.580000	1.520000	1.790000	0.930000	0.160000	0.280000	0.190000
4634	YMR277W  	-0.010000	-1.790000	-0.070000	-0.300000	0.110000	-0.360000	-0.430000
4647	YMR290C  	-0.640000	-1.470000	-1.290000	-0.320000	-0.070000	0.070000	-0.170000
4649	YMR291W  	1.730000	2.330000	0.760000	1.810000	0.240000	0.630000	0.900000
4655	YMR296C  	0.190000	-0.230000	-0.010000	0.100000	1.000000	0.360000	-0.060000
4659	YMR300C  	-0.030000	-0.180000	1.430000	0.550000	0.150000	0.260000	0.920000
4661	YMR302C  	0.200000	1.090000	0.900000	0.540000	-0.140000	0.400000	0.540000
4664	YMR304W  	0.010000	0.880000	1.090000	0.550000	0.140000	0.160000	0.510000
4665	YMR305C  	-0.320000	-1.290000	-0.510000	0.260000	0.360000	-0.270000	0.000000
4668	YMR307W  	-0.670000	-2.000000	-0.810000	0.210000	0.840000	0.250000	0.420000
4670	YMR309C  	-0.790000	-1.430000	-0.300000	-0.340000	-0.030000	-0.200000	0.040000
4676	YMR315W  	0.580000	1.660000	1.920000	1.590000	0.250000	-0.170000	0.510000
4691	YNL002C  	-0.970000	-2.740000	-0.690000	-0.230000	-0.040000	0.030000	-0.120000
4696	YNL007C  	0.730000	0.980000	0.660000	0.460000	-0.740000	-0.840000	-0.060000
4698	YNL009W  	0.440000	1.260000	0.340000	0.080000	-0.030000	0.060000	0.230000
4700	YNL011C  	0.760000	1.600000	0.480000	0.010000	-0.270000	0.060000	0.410000
4701	YNL012W  	0.970000	1.550000	0.240000	0.180000	-0.400000	0.110000	-0.070000
4702	YNL013C  	-0.040000	-1.290000	-0.360000	-0.230000	0.320000	-0.220000	-0.200000
4704	YNL015W  	0.120000	0.680000	0.800000	0.800000	0.490000	0.440000	1.000000
4711	YNL022C  	-0.450000	-1.060000	-0.170000	-0.320000	0.140000	0.120000	-0.030000
4719	YNL030W  	0.060000	-0.690000	-1.000000	-0.810000	0.040000	-0.380000	-0.120000
4725	YNL036W  	0.070000	2.260000	0.640000	-0.040000	0.240000	0.330000	0.290000
4734	YNL045W  	0.640000	1.250000	1.100000	0.730000	-0.170000	0.140000	0.300000
4747	YNL058C  	-0.340000	-1.000000	-0.810000	-0.030000	-0.400000	0.140000	0.010000
4749	YNL061W  	-0.740000	-1.470000	-0.540000	-0.180000	-0.030000	0.250000	0.000000
4750	YNL062C  	-0.290000	-1.320000	-0.560000	-0.200000	0.010000	-0.200000	-0.150000
4752	YNL064C  	0.080000	-1.090000	-0.670000	-0.180000	-0.600000	-0.970000	-0.580000
4754	YNL066W  	-0.230000	-1.060000	-0.920000	-0.400000	-0.180000	-0.400000	-0.150000
4755	YNL067W  	0.140000	-0.710000	-1.090000	0.070000	0.550000	0.600000	1.270000
4763	YNL075W  	-0.300000	-1.560000	-0.690000	-0.220000	-0.180000	0.030000	0.080000
4766	YNL078W  	-0.290000	-0.640000	-0.510000	-0.540000	-0.010000	-0.510000	-2.560000
4771	YNL083W  	0.120000	0.940000	0.310000	0.040000	0.190000	0.250000	0.650000
4775	YNL087W  	-0.290000	-1.030000	-1.030000	-0.620000	0.150000	-0.150000	-0.380000
4782	YNL094W  	0.180000	0.510000	0.840000	0.210000	0.120000	0.030000	1.230000
4784	YNL096C  	0.110000	-1.400000	-0.510000	0.110000	-0.040000	-0.040000	0.280000
4798	YNL110C  	-0.970000	-3.180000	-0.760000	-0.340000	-0.070000	-0.140000	-0.320000
4801	YNL113W  	-0.600000	-1.180000	-0.490000	-0.290000	-0.150000	0.150000	-0.300000
4802	YNL114C  	-0.380000	-1.320000	-0.140000	-0.230000	0.400000	0.030000	0.310000
4807	YNL119W  	-0.300000	-1.560000	-0.890000	-0.380000	-0.300000	-0.220000	-0.540000
4808	YNL120C  	-0.360000	-1.000000	-0.250000	-0.200000	0.040000	-0.140000	-0.220000
4814	YNL126W  	0.980000	-0.710000	-1.120000	-0.170000	0.000000	0.080000	0.180000
4820	YNL132W  	0.070000	-2.640000	-1.060000	-0.430000	-0.060000	0.070000	0.110000
4822	YNL134C  	-0.890000	0.480000	1.210000	0.580000	-0.220000	0.160000	0.190000
4829	YNL141W  	0.080000	-1.740000	-1.940000	-0.470000	-0.270000	-0.060000	0.040000
4832	YNL144C  	-0.060000	0.210000	-0.300000	1.670000	0.070000	0.240000	-0.090000
4833	YNL145W  	-0.290000	-2.000000	-0.560000	-0.030000	-0.060000	0.280000	0.240000
4839	YNL151C  	-0.450000	-1.090000	-0.760000	-0.360000	-0.200000	0.150000	-0.180000
4843	YNL155W  	0.320000	1.030000	1.460000	0.580000	-0.450000	-0.320000	0.300000
4848	YNL160W  	1.100000	1.800000	2.830000	2.570000	1.410000	0.900000	1.320000
4850	YNL162W  	-0.270000	-1.120000	-0.510000	0.060000	-0.010000	-0.150000	0.070000
4862	YNL174W  	-0.150000	-2.000000	-0.920000	-0.010000	0.310000	-0.030000	-0.120000
4863	YNL175C  	-0.290000	-1.740000	-0.860000	-0.250000	0.360000	0.150000	-0.090000
4865	YNL177C  	-0.120000	0.010000	0.300000	-0.340000	-0.100000	-0.170000	1.710000
4866	YNL178W  	-0.300000	-1.510000	-0.940000	0.030000	0.450000	-0.140000	0.430000
4870	YNL182C  	-1.180000	-2.320000	-0.810000	-0.540000	-0.090000	-0.320000	-0.300000
4871	YNL183C  	0.100000	1.150000	0.820000	0.150000	-0.120000	0.240000	0.530000
4874	YNL186W  	-0.340000	-1.290000	-0.090000	-0.220000	0.000000	-0.170000	-0.200000
4876	YNL188W  	-0.790000	-1.060000	-0.470000	-0.540000	-0.290000	-0.300000	-0.180000
4880	YNL192W  	0.190000	1.290000	0.260000	0.100000	0.060000	0.400000	0.590000
4881	YNL193W  	0.190000	1.010000	0.530000	0.190000	0.000000	-0.010000	0.240000
4884	YNL196C  	0.070000	0.980000	0.490000	-0.120000	0.080000	0.160000	-0.170000
4897	YNL209W  	-0.120000	-1.150000	-1.320000	-0.270000	0.150000	0.070000	-0.120000
4905	YNL217W  	-0.010000	-0.860000	-0.940000	-0.340000	0.030000	-0.090000	0.360000
4914	YNL226W  	0.530000	-0.600000	-0.450000	-0.100000	-1.000000	0.100000	-0.220000
4916	YNL228W  	0.080000	-1.090000	-0.340000	-0.140000	-0.030000	-0.140000	-0.150000
4922	YNL234W  	0.210000	0.320000	1.610000	1.340000	0.500000	0.180000	0.310000
4930	YNL242W  	0.890000	3.900000	-0.170000	-0.320000	-0.030000	-0.090000	-0.170000
4935	YNL247W  	-0.380000	-1.180000	-0.860000	-0.100000	-0.040000	0.100000	0.000000
4936	YNL248C  	-0.860000	-2.400000	-0.710000	-0.270000	0.140000	-0.270000	-0.220000
4944	YNL256W  	-0.510000	-0.970000	-0.360000	-0.200000	0.200000	-0.030000	-0.070000
4956	YNL268W  	-0.430000	-0.970000	-0.150000	0.060000	0.280000	-0.090000	-0.170000
4962	YNL274C  	-0.090000	1.170000	1.640000	1.420000	0.190000	0.100000	0.340000
4989	YNL301C  	-0.250000	-1.120000	-0.760000	-0.180000	0.150000	0.420000	0.150000
4991	YNL303W  	-0.230000	-1.000000	-0.940000	-0.600000	-0.400000	-0.600000	-0.670000
4996	YNL308C  	-0.450000	-2.250000	-0.430000	-0.380000	0.160000	0.390000	-0.170000
5001	YNL313C  	-0.200000	-1.360000	-0.740000	-0.490000	0.120000	0.380000	0.040000
5015	YNL327W  	-0.890000	-1.360000	-1.250000	-0.790000	-0.400000	0.180000	0.240000
5028	YNR001C  	0.040000	0.080000	2.020000	1.360000	-0.540000	0.110000	0.620000
5061	YNR034W  	0.460000	1.050000	0.290000	0.060000	0.180000	0.110000	-0.010000
5077	YNR050C  	0.330000	0.280000	-0.400000	0.710000	0.990000	0.750000	0.340000
5081	YNR054C  	-0.220000	-1.320000	-0.760000	-0.540000	-0.070000	-0.230000	-0.150000
5087	YNR060W  	0.410000	1.540000	-0.070000	-0.170000	-0.010000	0.030000	-0.290000
5108	YOL004W  	1.080000	-0.050000	-0.120000	0.060000	0.180000	-0.040000	-0.250000
5117	YOL013C  	0.390000	1.390000	0.380000	0.250000	-0.070000	-0.090000	0.080000
5126	YOL022C  	-0.300000	-1.400000	-0.640000	-0.060000	0.100000	-0.120000	-0.320000
5143	YOL039W  	0.080000	-1.090000	-0.580000	-0.100000	0.480000	-0.100000	-0.150000
5144	YOL040C  	-0.180000	-1.000000	-0.560000	0.080000	0.260000	0.460000	0.060000
5145	YOL041C  	-0.120000	-1.310000	-0.250000	-0.250000	0.070000	0.100000	0.140000
5151	YOL047C  	-0.040000	1.100000	0.510000	0.640000	0.150000	-0.100000	0.390000
5180	YOL077C  	-0.970000	-2.940000	-0.970000	-0.320000	-0.090000	0.030000	-0.180000
5182	YOL079W  	-0.810000	-1.030000	-0.490000	-0.320000	-0.120000	-0.230000	-0.320000
5183	YOL080C  	-0.600000	-1.180000	-0.450000	-0.340000	-0.300000	-0.120000	-0.420000
5185	YOL082W  	0.370000	1.170000	1.410000	0.410000	-0.150000	0.490000	-0.360000
5186	YOL083W  	0.150000	1.140000	1.920000	-0.090000	-0.040000	-0.010000	0.480000
5187	YOL084W  	0.480000	1.440000	1.290000	0.200000	-0.100000	0.590000	-0.300000
5192	YOL089C  	0.040000	1.060000	0.700000	0.730000	0.210000	0.260000	0.280000
5200	YOL097C  	0.100000	-1.320000	-0.810000	-0.360000	-0.470000	-0.170000	-0.100000
5203	YOL100W  	0.580000	1.080000	0.590000	0.450000	0.100000	0.190000	0.370000
5204	YOL101C  	0.370000	-0.060000	-1.640000	-0.040000	-0.070000	-0.090000	-0.270000
5212	YOL109W  	0.040000	0.080000	-2.000000	-0.400000	-0.230000	-0.400000	-0.790000
5222	YOL119C  	0.100000	0.680000	1.290000	0.730000	0.380000	0.570000	0.390000
5224	YOL121C  	-0.170000	-1.030000	-0.540000	0.180000	0.300000	0.250000	0.390000
5227	YOL124C  	-0.010000	-1.400000	-0.490000	0.310000	0.310000	0.540000	0.550000
5239	YOL136C  	0.900000	0.950000	0.110000	0.180000	0.000000	0.110000	0.390000
5242	YOL139C  	-0.230000	-1.090000	-0.300000	0.300000	0.160000	0.200000	0.180000
5247	YOL144W  	0.000000	-0.290000	-0.030000	-0.360000	0.060000	0.110000	0.970000
5253	YOL150C  	0.620000	3.540000	2.880000	1.290000	0.780000	1.010000	1.060000
5254	YOL151W  	1.410000	4.480000	3.880000	1.830000	1.120000	1.400000	1.550000
5255	YOL152W  	0.120000	1.010000	-0.470000	-0.250000	0.070000	0.590000	0.400000
5256	YOL153C  	0.160000	1.060000	0.810000	0.570000	0.410000	0.320000	0.700000
5270	YOR001W  	-0.270000	-1.290000	-0.450000	-0.140000	-0.620000	0.040000	0.120000
5273	YOR004W  	-0.380000	-2.000000	-1.320000	-0.490000	0.040000	0.120000	-0.220000
5288	YOR018W  	0.070000	0.980000	0.460000	0.200000	-0.230000	0.590000	-0.400000
5289	YOR019W  	0.250000	2.070000	1.560000	0.700000	-0.120000	-0.150000	-0.090000
5292	YOR022C  	0.210000	1.040000	0.770000	0.300000	0.030000	0.230000	0.390000
5296	YOR026W  	1.100000	0.550000	-0.430000	-0.040000	0.110000	0.150000	0.310000
5298	YOR028C  	1.190000	2.850000	0.250000	0.680000	-0.220000	0.320000	0.300000
5306	YOR036W  	0.580000	1.850000	1.200000	0.820000	-0.320000	0.030000	0.180000
5321	YOR051C  	-0.100000	-1.060000	-0.340000	0.030000	0.060000	-0.090000	-0.070000
5322	YOR052C  	0.860000	1.740000	1.510000	1.140000	-0.740000	0.040000	0.300000
5324	YOR054C  	0.640000	0.930000	0.490000	0.260000	-0.270000	0.250000	0.340000
5326	YOR056C  	-0.140000	-1.290000	-0.790000	-0.380000	-0.070000	0.180000	-0.100000
5329	YOR059C  	-0.150000	0.340000	1.200000	0.560000	-0.090000	-0.150000	0.260000
5331	YOR061W  	-0.030000	1.070000	-0.110000	-0.210000	0.040000	-0.100000	-0.110000
5333	YOR063W  	-0.540000	-1.690000	-1.000000	-0.040000	0.000000	-0.090000	-0.140000
5348	YOR078W  	-0.300000	-1.180000	-0.600000	-0.620000	-0.170000	-0.380000	-0.290000
5361	YOR091W  	-0.140000	-1.060000	-0.220000	-0.620000	0.140000	-0.470000	-0.230000
5362	YOR092W  	0.290000	0.980000	0.310000	0.670000	0.190000	0.570000	0.610000
5365	YOR095C  	-0.360000	-1.890000	-1.000000	-0.170000	-0.090000	0.000000	-0.170000
5371	YOR101W  	-0.090000	-1.180000	-0.380000	0.150000	-0.090000	0.120000	0.440000
5378	YOR108W  	0.030000	-0.740000	-1.090000	-0.250000	-0.010000	0.280000	-0.250000
5389	YOR119C  	0.140000	-1.220000	-0.400000	-0.140000	-0.180000	0.060000	-0.490000
5390	YOR120W  	0.440000	2.080000	2.400000	2.370000	0.240000	0.280000	1.040000
5391	YOR121C  	0.000000	0.770000	1.090000	1.010000	-0.450000	-0.290000	-0.120000
5398	YOR128C  	0.160000	0.240000	1.200000	0.420000	0.000000	0.000000	0.120000
5405	YOR135C  	0.060000	-0.100000	1.140000	0.550000	-0.380000	-0.150000	0.180000
5406	YOR136W  	0.370000	0.660000	1.080000	0.820000	-0.300000	-0.170000	0.240000
5407	YOR137C  	0.110000	0.370000	1.140000	0.780000	0.250000	0.360000	0.580000
5411	YOR141C  	0.950000	1.720000	0.400000	-0.030000	0.040000	-0.030000	-0.100000
5415	YOR145C  	-0.740000	-1.400000	-0.560000	-0.150000	0.010000	0.140000	-0.380000
5422	YOR152C  	0.570000	1.220000	0.780000	0.390000	0.030000	0.420000	0.580000
5431	YOR161C  	1.800000	2.520000	1.940000	1.230000	0.430000	0.550000	0.970000
5443	YOR173W  	0.140000	1.120000	1.320000	0.750000	0.070000	0.320000	0.750000
5447	YOR177C  	0.180000	1.080000	0.290000	0.100000	0.210000	0.360000	0.000000
5448	YOR178C  	0.280000	0.770000	0.140000	1.720000	0.310000	0.380000	0.700000
5451	YOR181W  	0.080000	0.280000	1.560000	0.240000	0.370000	-0.200000	0.100000
5458	YOR188W  	-0.040000	-0.940000	-0.890000	-0.300000	-0.060000	-0.230000	-0.010000
5476	YOR206W  	-0.760000	-2.940000	-0.810000	-0.400000	-0.180000	0.140000	0.210000
5477	YOR207C  	-0.200000	-1.000000	-0.690000	-0.300000	0.010000	-0.120000	-0.300000
5478	YOR208W  	0.510000	1.440000	0.840000	0.250000	-0.040000	0.080000	0.150000
5484	YOR214C  	0.340000	1.000000	0.060000	-0.090000	0.370000	0.570000	-0.070000
5485	YOR215C  	0.080000	0.250000	1.260000	0.900000	0.060000	-0.250000	0.080000
5489	YOR219C  	-0.180000	1.010000	0.280000	0.200000	0.330000	-0.150000	0.100000
5490	YOR220W  	1.090000	2.440000	1.700000	0.960000	-0.490000	-0.100000	0.140000
5491	YOR221C  	-1.390000	0.440000	0.870000	0.500000	0.100000	0.080000	0.220000
5494	YOR224C  	-0.430000	-1.290000	-0.690000	-0.340000	0.010000	0.280000	0.000000
5497	YOR227W  	-0.220000	-1.320000	0.230000	0.180000	-0.030000	-0.200000	-0.140000
5498	YOR228C  	0.440000	1.070000	0.640000	0.100000	0.150000	0.320000	0.380000
5504	YOR234C  	-0.140000	-1.090000	-0.290000	0.110000	0.160000	0.110000	-0.090000
5513	YOR243C  	-0.540000	-1.180000	-0.470000	-0.040000	0.010000	0.210000	0.110000
5515	YOR245C  	0.440000	1.110000	0.570000	0.400000	0.000000	0.100000	0.150000
5524	YOR254C  	-0.340000	-0.970000	-0.510000	-0.010000	0.160000	0.040000	0.120000
5531	YOR261C  	0.320000	0.140000	1.120000	0.580000	-0.150000	-0.600000	0.040000
5543	YOR273C  	0.340000	0.930000	-0.140000	0.420000	0.060000	-0.080000	-0.180000
5545	YOR275C  	0.430000	0.930000	0.680000	0.180000	-0.170000	-0.340000	0.240000
5555	YOR285W  	0.450000	1.200000	1.280000	0.820000	-0.010000	-0.380000	0.300000
5557	YOR287C  	-0.380000	-1.120000	-0.740000	0.200000	0.000000	0.030000	-0.290000
5558	YOR288C  	0.380000	1.110000	0.520000	0.400000	-0.090000	0.070000	0.180000
5559	YOR289W  	0.420000	1.550000	2.280000	1.320000	0.140000	0.290000	-0.010000
5562	YOR292C  	0.580000	1.100000	0.520000	0.280000	-0.200000	-0.040000	0.070000
5563	YOR293W  	-0.180000	-0.940000	-0.840000	-0.100000	-0.010000	-0.100000	-0.180000
5568	YOR298W  	1.160000	1.190000	-0.070000	-0.070000	-0.010000	-0.320000	0.300000
5580	YOR309C  	-0.140000	-2.060000	-0.970000	0.010000	0.060000	-0.120000	-0.220000
5581	YOR310C  	-0.040000	-1.940000	-0.810000	-0.070000	0.210000	0.420000	0.180000
5583	YOR312C  	-0.030000	-1.290000	-0.540000	0.140000	0.310000	0.280000	0.300000
5584	YOR313C  	-0.140000	-1.090000	-1.640000	-0.920000	0.000000	0.440000	-0.230000
5586	YOR315W  	-0.140000	-2.640000	-1.790000	-1.400000	-0.170000	-0.120000	-0.230000
5588	YOR317W  	0.140000	1.340000	0.900000	0.460000	0.070000	0.450000	0.780000
5598	YOR327C  	-1.220000	-2.640000	-0.450000	-0.230000	-0.090000	-0.430000	-0.760000
5602	YOR331C  	0.240000	0.930000	-0.340000	-0.070000	0.000000	-0.140000	-0.420000
5611	YOR340C  	-0.240000	-1.540000	-0.610000	0.220000	-0.150000	-0.010000	-0.090000
5640	YOR369C  	-0.450000	-1.430000	-0.760000	-0.140000	0.240000	-0.180000	-0.120000
5645	YOR374W  	0.410000	2.360000	0.850000	0.070000	-0.450000	-0.220000	0.280000
5669	YPL004C  	0.430000	0.930000	0.930000	0.730000	-0.230000	-0.100000	0.250000
5677	YPL012W  	-0.180000	-0.970000	-0.610000	-0.330000	0.120000	-0.080000	-0.170000
5678	YPL013C  	0.600000	-1.320000	-0.380000	-0.030000	0.100000	-1.000000	-0.760000
5684	YPL019C  	0.100000	-1.290000	-0.320000	-0.470000	0.360000	-0.270000	-0.090000
5702	YPL037C  	-0.180000	-0.940000	-0.790000	-0.340000	-0.090000	-0.250000	-0.740000
5708	YPL043W  	-0.920000	-1.640000	-0.740000	-0.290000	-0.090000	-0.340000	-0.340000
5719	YPL054W  	0.650000	2.120000	0.580000	0.390000	0.230000	0.120000	0.560000
5722	YPL057C  	1.140000	1.160000	-0.290000	0.890000	0.330000	-0.040000	0.440000
5725	YPL060W  	0.860000	1.720000	0.770000	0.320000	0.080000	0.260000	0.100000
5726	YPL061W  	0.680000	2.040000	-0.180000	-0.760000	-1.060000	-0.120000	0.120000
5729	YPL064C  	0.540000	1.100000	0.200000	-0.060000	-0.360000	-0.230000	0.040000
5744	YPL079W  	-0.180000	-1.320000	0.380000	-0.100000	0.040000	-0.060000	-0.120000
5746	YPL081W  	-0.250000	-1.090000	-0.560000	-0.220000	0.110000	0.140000	-0.010000
5755	YPL090C  	-0.060000	-1.250000	-1.360000	-0.560000	-0.030000	0.070000	-0.220000
5758	YPL093W  	-0.560000	-1.240000	-0.420000	-0.190000	0.090000	-0.130000	-0.120000
5759	YPL094C  	0.100000	-0.970000	-0.790000	-0.510000	-0.290000	-0.710000	-0.710000
5788	YPL123C  	-0.060000	-0.690000	1.160000	-0.030000	-0.170000	-0.300000	0.150000
5791	YPL126W  	-0.470000	-2.320000	-1.180000	-0.380000	-0.180000	-0.290000	-0.340000
5808	YPL143W  	-0.140000	-0.940000	-0.540000	-0.040000	0.030000	0.330000	0.240000
5811	YPL146C  	-0.540000	-1.510000	-0.420000	-0.290000	-0.030000	0.360000	-0.030000
5817	YPL152W  	0.390000	0.930000	0.540000	0.390000	0.060000	0.210000	0.520000
5819	YPL154C  	0.670000	1.140000	1.670000	1.060000	0.250000	0.210000	0.420000
5824	YPL159C  	0.100000	1.200000	0.740000	0.280000	0.040000	0.490000	0.330000
5825	YPL160W  	-0.150000	-1.030000	-0.430000	-0.060000	0.060000	0.010000	0.250000
5828	YPL163C  	-0.450000	-1.000000	0.260000	0.600000	0.570000	0.190000	0.800000
5830	YPL165C  	-0.270000	1.200000	1.040000	0.480000	-0.580000	-0.100000	0.110000
5831	YPL166W  	0.240000	1.200000	0.690000	0.150000	-0.150000	0.070000	0.310000
5832	YPL167C  	-3.310000	-0.290000	0.070000	0.080000	-0.120000	0.070000	0.060000
5848	YPL183C  	-0.200000	-1.600000	-0.450000	-0.450000	-0.090000	-0.200000	-0.120000
5861	YPL196W  	0.250000	1.040000	0.890000	0.590000	0.070000	-0.100000	-0.120000
5863	YPL198W  	-0.120000	-0.920000	-1.000000	-0.230000	-0.220000	0.290000	-0.200000
5868	YPL203W  	0.010000	0.870000	1.120000	0.560000	-0.040000	-0.230000	0.210000
5872	YPL207W  	0.120000	-1.090000	-0.510000	0.230000	0.110000	-0.220000	-0.180000
5876	YPL211W  	0.480000	-0.580000	-1.060000	-0.180000	0.000000	-0.070000	-0.400000
5877	YPL212C  	0.070000	-1.080000	-0.660000	-0.500000	-0.020000	-0.200000	-0.260000
5889	YPL224C  	0.100000	0.990000	0.550000	0.420000	0.160000	0.370000	-0.010000
5891	YPL226W  	-0.190000	-1.410000	-0.770000	-0.410000	-0.060000	0.010000	0.060000
5895	YPL230W  	0.820000	1.740000	0.960000	1.690000	-0.180000	0.320000	0.520000
5905	YPL240C  	0.990000	1.080000	0.700000	0.620000	-0.760000	-1.000000	0.120000
5930	YPL265W  	-0.320000	0.860000	0.290000	-0.690000	-1.510000	-0.010000	0.290000
5932	YPL267W  	-0.510000	-1.060000	-0.690000	0.060000	0.140000	-0.070000	0.450000
5937	YPL272C  	0.700000	1.150000	-0.020000	0.200000	0.100000	0.320000	0.030000
5939	YPL274W  	-2.060000	-0.420000	-0.510000	0.010000	0.280000	-0.230000	-0.230000
5953	YPR005C  	0.510000	1.160000	-0.070000	0.150000	-0.170000	0.580000	-0.380000
5958	YPR010C  	-0.490000	-1.270000	-1.020000	-0.170000	-0.080000	-0.200000	-0.260000
5963	YPR015C  	0.140000	-0.170000	-0.100000	0.000000	1.190000	0.260000	1.590000
5968	YPR020W  	-0.340000	-1.030000	-0.060000	0.150000	0.360000	0.040000	-0.070000
5970	YPR022C  	-1.600000	-0.360000	-0.070000	0.120000	0.120000	-0.170000	-0.090000
5973	YPR025C  	0.360000	1.060000	0.530000	0.230000	0.040000	0.010000	0.110000
5974	YPR026W  	0.030000	1.050000	0.700000	0.310000	-0.170000	-0.060000	0.010000
5983	YPR035W  	-0.140000	-1.430000	-0.380000	-0.380000	-0.270000	-0.180000	-1.000000
6035	YPR087W  	0.120000	-1.030000	-0.600000	-0.380000	-0.380000	-0.860000	-0.580000
6050	YPR102C  	0.070000	-0.970000	-0.580000	0.290000	0.240000	0.080000	0.210000
6056	YPR108W  	0.010000	0.180000	1.380000	0.370000	-0.320000	-0.220000	0.060000
6058	YPR110C  	-0.600000	-1.890000	-0.580000	-0.290000	-0.070000	-0.250000	-0.300000
6060	YPR112C  	-0.270000	-1.180000	-0.600000	-0.420000	-0.090000	-0.300000	-0.430000
6069	YPR121W  	0.460000	0.930000	0.380000	0.240000	0.160000	0.190000	0.410000
6072	YPR124W  	0.100000	-1.470000	-0.560000	-0.620000	0.320000	-0.030000	-0.600000
6077	YPR129W  	0.030000	-0.710000	-0.250000	-0.380000	-0.380000	-1.060000	-0.670000
6090	YPR142C  	-0.740000	-1.510000	-0.470000	-0.250000	-0.060000	-0.040000	-0.250000
6091	YPR143W  	-0.340000	-1.470000	-0.640000	-0.200000	-0.140000	0.000000	-0.040000
6092	YPR144C  	-0.380000	-1.180000	-0.140000	-0.030000	0.230000	0.290000	0.260000
6093	YPR145W  	-0.600000	-1.510000	-0.760000	-0.790000	-0.430000	0.500000	-0.220000
6097	YPR149W  	1.320000	2.050000	1.550000	1.150000	0.110000	0.420000	0.540000
6098	YPR150W  	0.450000	0.930000	0.440000	0.010000	0.070000	-0.170000	0.200000
6104	YPR156C  	-0.690000	-1.090000	1.100000	1.210000	0.060000	-0.290000	-0.120000
6106	YPR158W  	1.590000	1.540000	0.930000	0.730000	-0.470000	-0.790000	-0.060000
6111	YPR163C  	0.040000	-1.510000	-0.840000	-0.250000	-0.040000	-0.400000	-0.290000
6135	YPR187W  	-0.490000	-1.060000	-0.640000	-0.320000	-0.030000	0.030000	-0.070000
6147	YPR199C  	0.700000	1.040000	0.590000	0.370000	0.040000	0.030000	0.000000
