#	GID	5	10	20	30	40	50	60	90
5	YAL005C  	0.860000	1.190000	1.580000	0.930000	1.000000	0.850000	1.240000	1.060000
7	YAL008W  	0.490000	1.010000	1.330000	1.230000	1.320000	1.030000	1.140000	0.680000
24	YAL025C  	-0.920000	-1.940000	-2.400000	-2.470000	-1.790000	-1.030000	-0.670000	-0.640000
40	YAL039C  	0.320000	0.860000	1.240000	0.760000	1.280000	0.700000	0.850000	0.070000
59	YAL059W  	-0.540000	-1.120000	-1.430000	-2.000000	-1.030000	-1.290000	-1.090000	-0.690000
60	YAL060W  	0.580000	1.540000	1.880000	1.940000	1.460000	0.770000	0.120000	-0.430000
61	YAL061W  	0.920000	1.960000	2.630000	1.900000	1.020000	0.950000	0.770000	0.010000
80	YAR015W  	0.100000	-0.990000	-1.560000	-1.690000	-0.620000	-1.220000	-0.810000	-0.600000
105	YAR071W  	-0.290000	-1.030000	-2.060000	-2.250000	-1.560000	-1.000000	-0.790000	-1.560000
106	YAR073W  	0.000000	-0.420000	-1.000000	-1.400000	-0.970000	-0.690000	0.200000	-0.100000
107	YAR075W  	-0.090000	-0.300000	-1.290000	-1.510000	-1.220000	-0.740000	-0.100000	-0.380000
123	YBL014C  	-0.810000	-1.510000	-1.360000	-1.220000	-0.890000	-0.710000	-0.510000	-0.270000
131	YBL022C  	-0.230000	0.360000	1.010000	1.100000	1.290000	0.700000	0.580000	0.270000
133	YBL024W  	-0.560000	-1.120000	-1.470000	-1.560000	-1.220000	-1.180000	-0.670000	-0.620000
137	YBL028C  	-0.490000	-1.180000	-2.180000	-1.940000	-1.470000	-0.970000	-0.620000	-0.380000
148	YBL039C  	-0.430000	-1.890000	-2.640000	-2.840000	-1.600000	-1.320000	-0.670000	-0.200000
151	YBL042C  	-0.920000	-2.320000	-2.740000	-2.060000	-1.790000	-1.600000	-1.470000	0.210000
163	YBL054W  	-1.690000	-2.940000	-0.970000	-3.180000	-2.320000	-1.360000	-0.230000	-0.420000
167	YBL058W  	0.300000	1.100000	1.220000	1.320000	1.360000	1.180000	0.880000	0.250000
173	YBL064C  	1.990000	3.440000	3.640000	3.460000	3.390000	2.790000	2.390000	1.400000
177	YBL068W  	-0.340000	-0.580000	-1.510000	-1.510000	-1.060000	-0.810000	-0.380000	-0.420000
184	YBL075C  	0.730000	1.260000	1.740000	1.420000	1.380000	1.170000	1.330000	1.320000
185	YBL076C  	-0.300000	-1.060000	-1.180000	-1.360000	-1.090000	-0.940000	-0.580000	-0.430000
187	YBL078C  	0.520000	1.820000	1.930000	2.110000	2.130000	1.650000	1.340000	0.620000
211	YBL101W-A	-0.420000	-0.510000	-0.270000	-0.100000	0.610000	0.760000	1.280000	1.160000
218	YBL107C  	0.150000	0.840000	1.200000	1.120000	1.360000	1.470000	1.460000	0.620000
224	YBR001C  	0.660000	1.440000	1.770000	1.950000	2.140000	1.370000	0.600000	0.510000
228	YBR005W  	0.230000	0.510000	0.300000	0.620000	0.740000	0.790000	2.310000	1.230000
229	YBR006W  	0.320000	0.920000	1.610000	2.100000	1.640000	1.640000	2.050000	0.790000
231	YBR008C  	2.130000	2.240000	2.000000	1.330000	1.740000	2.090000	2.010000	1.370000
251	YBR026C  	0.610000	1.210000	1.520000	1.620000	1.240000	1.320000	0.950000	0.290000
259	YBR034C  	-0.580000	-1.090000	-1.740000	-1.320000	-0.970000	-0.740000	0.080000	-0.450000
262	YBR037C  	0.580000	1.490000	1.950000	1.760000	1.870000	1.210000	0.700000	0.280000
271	YBR046C  	0.870000	1.440000	1.420000	2.160000	1.810000	1.580000	1.550000	0.990000
272	YBR047W  	0.490000	1.700000	0.750000	1.430000	1.230000	1.060000	0.910000	-0.120000
275	YBR050C  	0.500000	1.170000	0.360000	1.340000	0.700000	0.580000	0.770000	0.320000
277	YBR052C  	0.860000	2.090000	2.530000	2.470000	2.280000	1.920000	1.700000	0.890000
278	YBR053C  	0.490000	1.340000	1.670000	1.960000	1.960000	1.650000	1.420000	0.750000
281	YBR056W  	0.710000	1.510000	2.040000	2.230000	1.880000	1.360000	1.270000	0.620000
286	YBR061C  	-0.230000	-0.970000	-1.360000	-1.400000	-0.860000	-0.560000	-0.100000	-0.030000
287	YBR062C  	0.110000	1.300000	1.340000	1.360000	1.260000	1.180000	1.230000	0.530000
294	YBR069C  	-0.420000	-1.220000	-1.940000	-1.790000	-1.470000	-1.150000	-0.560000	-0.400000
297	YBR072W  	0.540000	2.630000	4.140000	2.900000	3.040000	2.880000	2.790000	1.710000
304	YBR079C  	-0.490000	-1.090000	-1.150000	-1.360000	-1.000000	-0.740000	-0.600000	-0.490000
307	YBR082C  	0.970000	1.530000	1.830000	1.380000	1.540000	1.430000	1.720000	1.190000
310	YBR084W  	-0.560000	-1.030000	-1.690000	-2.120000	-1.640000	-1.120000	-0.510000	-0.030000
316	YBR090C  	0.580000	1.290000	1.480000	1.480000	1.630000	1.280000	1.090000	0.530000
318	YBR092C  	-0.320000	-1.030000	-2.060000	-2.060000	-1.640000	-1.290000	-1.180000	-1.430000
319	YBR093C  	-0.490000	-1.290000	-2.250000	-2.180000	-1.510000	-0.690000	-0.640000	-1.360000
327	YBR101C  	1.080000	1.480000	1.210000	0.390000	0.750000	0.850000	0.930000	1.080000
330	YBR104W  	-0.580000	-0.890000	-1.470000	-0.920000	-0.840000	-0.430000	0.010000	-0.150000
337	YBR111C  	0.370000	0.960000	1.260000	1.360000	1.320000	1.320000	1.220000	0.580000
358	YBR132C  	0.550000	1.210000	1.360000	1.310000	0.950000	0.890000	0.330000	-1.250000
363	YBR137W  	0.280000	1.030000	1.220000	1.450000	1.610000	1.400000	1.210000	0.840000
365	YBR139W  	0.710000	1.380000	1.660000	1.710000	1.610000	1.210000	0.590000	0.310000
368	YBR142W  	-0.740000	-1.360000	-1.510000	-1.600000	-1.250000	-1.090000	-0.740000	-0.430000
373	YBR147W  	0.210000	1.320000	0.530000	1.590000	1.680000	1.120000	0.530000	0.370000
375	YBR149W  	0.700000	1.560000	2.040000	2.400000	2.410000	1.960000	1.750000	0.810000
381	YBR155W  	-1.090000	-1.470000	-1.470000	-1.400000	-1.030000	-0.560000	-0.250000	-0.090000
396	YBR169C  	0.520000	1.410000	2.430000	2.290000	2.460000	1.770000	2.380000	1.630000
397	YBR170C  	0.110000	0.910000	1.440000	1.250000	1.520000	1.280000	1.180000	0.660000
400	YBR173C  	0.660000	1.180000	1.590000	1.230000	1.470000	1.400000	1.550000	0.680000
409	YBR182C  	-0.200000	-0.400000	-0.010000	0.380000	0.860000	1.040000	2.280000	0.340000
410	YBR183W  	1.160000	1.820000	1.900000	2.080000	0.930000	0.860000	1.260000	0.120000
430	YBR203W  	1.230000	1.180000	1.550000	1.100000	0.990000	0.180000	0.490000	0.150000
441	YBR214W  	0.880000	1.360000	1.520000	1.390000	1.010000	0.900000	0.730000	0.360000
465	YBR238C  	-1.030000	-2.180000	-2.640000	-2.640000	-2.320000	-1.510000	0.190000	-1.030000
468	YBR241C  	0.600000	0.770000	1.140000	1.850000	1.700000	1.450000	1.300000	0.730000
471	YBR244W  	1.730000	2.440000	2.160000	1.750000	1.670000	1.530000	1.380000	0.690000
474	YBR247C  	-0.920000	-1.940000	-2.250000	-2.180000	-1.640000	-1.220000	-0.890000	-0.430000
476	YBR249C  	0.180000	0.000000	-0.890000	-1.510000	-1.510000	-1.060000	-0.620000	-0.420000
483	YBR256C  	0.460000	1.260000	1.360000	1.180000	1.140000	1.010000	0.760000	0.460000
493	YBR266C  	-1.470000	-1.890000	-2.400000	-1.790000	-1.560000	-0.860000	-0.300000	-0.400000
494	YBR267W  	-1.150000	-1.600000	-2.060000	-1.470000	-1.290000	-0.710000	-0.030000	-0.180000
496	YBR269C  	0.760000	1.270000	1.610000	1.300000	1.430000	0.990000	1.130000	0.670000
498	YBR271W  	-0.600000	-1.000000	-1.320000	-0.810000	-1.180000	-0.740000	-0.450000	-0.070000
507	YBR280C  	0.450000	0.750000	1.170000	1.410000	1.080000	0.710000	0.160000	0.080000
512	YBR285W  	0.280000	0.740000	1.660000	2.940000	1.200000	1.790000	1.370000	0.600000
513	YBR286W  	0.270000	0.580000	0.850000	1.320000	1.480000	1.320000	1.340000	0.630000
514	YBR287W  	0.540000	0.890000	0.960000	1.080000	0.760000	0.640000	1.290000	0.340000
523	YBR296C  	-0.180000	-1.220000	-1.430000	-0.940000	-0.540000	-0.470000	-0.070000	-1.400000
524	YBR297W  	0.560000	1.290000	1.500000	1.060000	0.330000	0.080000	-0.180000	-0.100000
544	YCL018W  	0.260000	0.440000	0.500000	1.050000	1.370000	1.410000	1.740000	1.010000
554	YCL030C  	-0.040000	-1.180000	-1.690000	-1.890000	-1.600000	-1.790000	-1.600000	-1.180000
559	YCL035C  	0.450000	1.010000	1.490000	1.660000	1.410000	1.480000	1.050000	0.710000
560	YCL036W  	-0.290000	-1.470000	-1.250000	-0.970000	-1.220000	-0.760000	-0.620000	-0.230000
561	YCL037C  	-0.740000	-1.790000	-2.250000	-2.180000	-1.470000	-1.180000	-0.890000	-0.760000
564	YCL040W  	2.270000	3.360000	3.870000	4.180000	3.650000	3.050000	2.580000	1.500000
566	YCL042W  	1.880000	2.580000	3.140000	2.820000	3.130000	2.520000	2.120000	1.230000
567	YCL043C  	0.380000	0.700000	0.950000	1.680000	1.960000	2.010000	2.210000	1.760000
568	YCL044C  	0.200000	0.420000	0.870000	1.230000	1.420000	1.180000	1.340000	1.180000
573	YCL049C  	0.040000	0.420000	0.500000	0.770000	1.090000	1.050000	1.550000	0.840000
577	YCL054W  	-1.430000	-1.890000	-2.470000	-1.890000	-1.640000	-1.290000	-0.860000	-0.430000
580	YCL057W  	0.280000	0.710000	1.140000	1.300000	1.510000	1.110000	1.150000	0.600000
582	YCL059C  	-0.760000	-1.060000	-2.560000	-2.840000	-2.400000	-1.400000	-0.690000	-0.220000
598	YCR004C  	0.590000	1.350000	1.790000	1.850000	2.230000	1.820000	1.720000	0.990000
599	YCR005C  	0.460000	0.710000	1.790000	1.780000	1.760000	1.460000	2.500000	0.380000
606	YCR012W  	0.490000	0.810000	0.890000	1.040000	1.280000	1.170000	1.400000	0.640000
607	YCR013C  	0.700000	1.040000	1.060000	1.180000	1.160000	1.180000	1.510000	0.690000
610	YCR016W  	-0.790000	-1.220000	-1.940000	-1.790000	-1.400000	-1.090000	-0.740000	-0.400000
616	YCR021C  	1.280000	2.160000	0.800000	-0.290000	-0.490000	-0.250000	3.120000	0.120000
650	YCR057C  	-1.090000	-2.400000	-2.470000	-2.470000	-2.060000	-1.430000	-0.690000	-0.600000
653	YCR061W  	0.740000	1.410000	1.980000	2.290000	1.990000	1.720000	1.320000	0.460000
654	YCR062W  	0.630000	1.330000	2.000000	1.690000	1.880000	1.420000	1.170000	0.370000
663	YCR072C  	-1.060000	-1.740000	-2.400000	-1.470000	-1.430000	-1.030000	-0.450000	-0.400000
670	YCR082W  	0.360000	0.870000	1.080000	1.080000	1.310000	1.250000	1.170000	0.610000
679	YCR091W  	0.630000	0.820000	1.480000	1.180000	0.540000	0.280000	-0.170000	0.110000
685	YCR098C  	-0.230000	-0.320000	0.340000	0.960000	1.640000	2.070000	1.960000	0.430000
689	YCR102C  	2.600000	2.460000	2.530000	2.160000	2.260000	2.450000	2.640000	3.100000
694	YCR107W  	0.610000	1.480000	1.860000	2.440000	2.610000	2.590000	2.250000	1.900000
701	YDL007W  	0.180000	0.950000	1.310000	1.140000	1.290000	1.140000	1.140000	0.500000
708	YDL014W  	-0.030000	-0.380000	-1.510000	-1.890000	-1.290000	-1.090000	-0.450000	-0.070000
714	YDL020C  	1.100000	1.510000	1.420000	1.360000	1.250000	0.900000	0.560000	1.110000
715	YDL021W  	0.000000	1.390000	1.140000	2.270000	2.730000	2.390000	1.960000	1.450000
716	YDL022W  	0.990000	1.630000	1.640000	1.580000	1.140000	0.490000	-0.030000	0.300000
717	YDL023C  	0.840000	1.210000	1.230000	1.410000	1.100000	0.450000	-0.090000	0.250000
719	YDL025C  	0.700000	0.970000	1.070000	1.280000	1.220000	0.760000	0.300000	0.380000
721	YDL027C  	0.430000	0.900000	1.370000	0.720000	1.260000	0.900000	1.030000	0.720000
725	YDL031W  	-0.860000	-1.360000	-1.640000	-1.530000	-1.400000	-0.930000	-0.540000	-0.460000
732	YDL038C  	-1.180000	-1.600000	-2.320000	-1.890000	-2.060000	-1.320000	0.410000	-1.640000
733	YDL039C  	-1.690000	-1.560000	-2.560000	-2.320000	-2.250000	-1.120000	0.450000	-1.250000
741	YDL046W  	0.580000	1.200000	1.620000	1.600000	1.740000	1.400000	0.920000	0.450000
745	YDL050C  	-0.140000	-0.600000	-0.970000	-1.430000	-0.890000	-0.470000	-0.300000	-0.060000
746	YDL051W  	-0.220000	-0.560000	-1.060000	-1.600000	-1.290000	-0.760000	-0.320000	-0.150000
755	YDL060W  	-0.620000	-1.030000	-0.940000	-1.840000	-1.220000	-0.920000	-0.760000	-0.320000
758	YDL063C  	-1.150000	-2.000000	-2.120000	-2.250000	-2.060000	-0.430000	-0.540000	-0.860000
767	YDL072C  	0.720000	1.300000	1.580000	1.450000	1.360000	1.210000	1.460000	0.620000
770	YDL075W  	0.340000	0.260000	-0.490000	-1.180000	-1.360000	-1.000000	-0.940000	-0.580000
778	YDL083C  	0.280000	0.200000	-0.640000	-1.320000	-1.090000	-0.970000	-0.670000	-0.760000
805	YDL110C  	1.170000	2.440000	2.860000	2.370000	2.360000	1.970000	1.540000	0.930000
819	YDL124W  	2.010000	2.980000	3.800000	3.620000	3.630000	3.190000	3.630000	2.290000
820	YDL125C  	0.520000	1.120000	1.180000	1.050000	1.100000	1.120000	1.840000	0.860000
821	YDL126C  	0.390000	0.700000	1.450000	1.550000	1.740000	1.370000	1.740000	1.000000
824	YDL129W  	-0.670000	-1.740000	-2.250000	-1.320000	-2.120000	-1.740000	-1.180000	-0.920000
832	YDL137W  	0.460000	0.890000	1.020000	0.940000	1.080000	1.320000	1.320000	1.010000
843	YDL148C  	-1.320000	-2.180000	-2.740000	-3.060000	-1.940000	-1.790000	-1.320000	-0.690000
845	YDL150W  	-0.740000	-1.150000	-1.560000	-1.510000	-1.030000	-0.860000	-0.600000	-0.420000
846	YDL151C  	-1.090000	-1.320000	-1.640000	-1.470000	-1.250000	-1.000000	-0.620000	-0.580000
847	YDL152W  	-1.060000	-1.600000	-1.940000	-2.120000	-1.640000	-1.510000	-1.060000	-0.640000
848	YDL153C  	-1.360000	-1.840000	-2.940000	-2.940000	-2.320000	-1.640000	-1.120000	-0.620000
862	YDL167C  	-0.920000	-1.640000	-2.250000	-2.000000	-1.290000	-0.810000	-0.490000	-0.290000
864	YDL169C  	-0.010000	0.690000	1.600000	1.580000	1.600000	1.560000	1.560000	0.230000
875	YDL180W  	0.940000	1.280000	1.010000	0.890000	0.830000	0.590000	-0.040000	0.220000
876	YDL181W  	0.650000	1.590000	1.410000	0.950000	0.670000	0.530000	0.040000	-0.200000
894	YDL199C  	0.240000	0.780000	1.140000	1.310000	0.950000	0.560000	0.300000	0.310000
896	YDL201W  	-0.540000	-1.060000	-1.430000	-1.180000	-1.090000	-0.670000	-0.450000	-0.290000
899	YDL204W  	0.520000	2.390000	3.770000	4.290000	3.560000	2.500000	1.420000	0.630000
917	YDL222C  	0.200000	0.960000	3.110000	1.860000	3.620000	2.320000	2.220000	0.950000
929	YDL234C  	0.380000	0.620000	1.230000	0.530000	0.970000	0.700000	1.410000	0.800000
938	YDL243C  	1.010000	0.990000	2.520000	1.320000	1.380000	1.050000	1.640000	2.420000
944	YDR001C  	0.400000	1.490000	2.010000	2.100000	2.110000	1.380000	1.120000	0.620000
946	YDR003W  	1.150000	1.610000	1.360000	1.430000	1.340000	1.100000	0.860000	0.660000
964	YDR021W  	-0.920000	-1.510000	-1.640000	-1.510000	-1.560000	-0.920000	-1.030000	-0.540000
966	YDR023W  	-0.010000	-0.070000	-0.690000	-1.510000	-1.150000	-0.890000	-0.600000	-0.430000
968	YDR025W  	0.340000	0.190000	-0.640000	-1.740000	-1.250000	-0.940000	-0.740000	-0.690000
974	YDR031W  	0.360000	1.090000	1.280000	1.400000	1.560000	0.540000	0.930000	0.590000
975	YDR032C  	0.830000	1.840000	2.400000	2.830000	2.800000	3.040000	2.830000	1.800000
980	YDR037W  	0.100000	-0.380000	-1.090000	-1.560000	-1.290000	-0.860000	-0.200000	-0.320000
986	YDR043C  	0.530000	1.280000	1.360000	1.530000	1.600000	0.900000	0.280000	0.640000
998	YDR055W  	0.190000	0.430000	0.740000	1.640000	1.880000	1.870000	2.360000	0.140000
1002	YDR059C  	0.460000	1.280000	1.440000	1.870000	1.770000	1.730000	1.700000	0.700000
1003	YDR060W  	-0.850000	-1.430000	-1.530000	-1.270000	-1.700000	-1.270000	-0.960000	-0.580000
1013	YDR070C  	0.350000	1.090000	2.390000	2.480000	2.780000	2.260000	1.570000	0.530000
1017	YDR074W  	1.890000	2.420000	3.380000	2.720000	2.510000	1.280000	0.800000	0.810000
1020	YDR077W  	0.530000	0.780000	1.160000	2.020000	2.270000	2.250000	2.260000	1.300000
1026	YDR083W  	-0.890000	-1.600000	-2.470000	-2.470000	-1.840000	-1.180000	-0.790000	-0.400000
1028	YDR085C  	0.390000	1.280000	2.090000	2.390000	2.160000	1.610000	1.520000	0.250000
1030	YDR087C  	-0.810000	-1.560000	-2.250000	-2.250000	-1.030000	-0.890000	-0.420000	-0.090000
1034	YDR091C  	-0.450000	-1.150000	-1.840000	-1.790000	-1.320000	-0.890000	-0.670000	-0.560000
1035	YDR092W  	0.380000	0.790000	1.070000	0.960000	1.080000	1.090000	1.290000	0.700000
1039	YDR096W  	1.100000	1.390000	1.790000	1.490000	1.130000	0.460000	0.040000	0.070000
1040	YDR097C  	-0.790000	-0.890000	-1.000000	-1.290000	-1.030000	-0.690000	-0.810000	-0.300000
1044	YDR101C  	-0.940000	-1.740000	-2.560000	-2.120000	-1.740000	-1.290000	-0.490000	-0.320000
1054	YDR111C  	-0.290000	-0.840000	-1.250000	-1.430000	-1.180000	-1.290000	-0.760000	-0.710000
1062	YDR119W  	-0.360000	-0.890000	-1.320000	-1.250000	-1.000000	-1.000000	-1.090000	-0.760000
1063	YDR120C  	-0.540000	-1.470000	-2.250000	-1.940000	-1.600000	-1.290000	-0.970000	-0.300000
1075	YDR132C  	1.100000	1.350000	0.860000	0.830000	0.960000	1.000000	0.690000	-0.920000
1076	YDR133C  	0.990000	1.380000	1.340000	1.140000	0.740000	0.290000	-0.490000	-0.120000
1087	YDR144C  	-0.070000	-0.710000	-1.120000	-1.510000	-1.400000	-1.220000	-1.690000	-0.760000
1089	YDR146C  	-0.320000	-0.400000	-0.070000	-0.200000	-0.150000	-0.620000	-1.430000	-0.290000
1097	YDR154C  	0.920000	1.480000	1.370000	1.600000	1.600000	1.660000	1.700000	1.340000
1098	YDR155C  	0.700000	1.100000	0.950000	1.430000	1.600000	1.530000	1.710000	1.180000
1104	YDR161W  	-0.540000	-1.290000	-1.740000	-2.120000	-1.690000	-1.030000	-0.540000	-0.300000
1108	YDR165W  	-0.420000	-1.030000	-1.940000	-1.690000	-1.290000	-0.940000	-0.380000	-0.270000
1114	YDR171W  	2.850000	4.550000	5.020000	3.670000	3.640000	3.180000	2.960000	2.310000
1121	YDR178W  	0.870000	1.540000	1.420000	1.190000	0.980000	0.450000	0.480000	0.230000
1128	YDR184C  	-0.600000	-1.220000	-2.000000	-1.470000	-1.220000	-0.790000	-0.120000	-0.320000
1148	YDR204W  	0.560000	1.010000	1.610000	1.510000	1.210000	1.210000	1.400000	0.700000
1158	YDR214W  	1.140000	2.050000	2.320000	2.030000	1.540000	1.700000	1.860000	1.770000
1174	YDR230W  	1.180000	1.880000	1.850000	1.740000	1.320000	1.380000	1.590000	1.040000
1175	YDR231C  	1.180000	1.940000	1.930000	1.920000	1.330000	1.750000	1.330000	1.110000
1178	YDR234W  	-0.030000	-1.180000	-1.940000	-1.790000	-1.840000	-1.360000	-0.890000	-0.400000
1191	YDR247W  	0.520000	0.790000	1.150000	1.130000	0.870000	0.380000	1.370000	0.150000
1192	YDR248C  	0.970000	1.790000	2.070000	2.120000	2.000000	1.900000	1.760000	1.270000
1202	YDR258C  	1.330000	2.060000	1.760000	1.500000	1.330000	1.120000	1.210000	1.260000
1218	YDR274C  	-0.760000	-0.700000	-1.440000	-0.560000	-1.050000	-0.620000	-0.440000	-0.060000
1221	YDR277C  	1.530000	1.730000	2.010000	1.090000	0.480000	-0.360000	-1.000000	-1.000000
1225	YDR281C  	-0.420000	-1.150000	-1.790000	-1.560000	-0.740000	0.000000	-0.250000	-0.420000
1243	YDR299W  	-1.320000	-2.060000	-2.940000	-2.560000	-1.740000	-1.320000	-1.150000	-0.470000
1244	YDR300C  	-0.120000	-0.840000	-1.740000	-1.510000	-1.360000	-0.890000	-0.420000	-0.290000
1256	YDR312W  	-1.120000	-1.890000	-2.060000	-2.060000	-1.430000	-1.000000	-0.840000	-0.430000
1258	YDR314C  	-0.470000	-0.450000	-0.290000	-0.150000	-1.290000	-0.540000	-0.790000	-0.510000
1265	YDR321W  	-0.120000	-0.430000	-1.320000	-1.740000	-1.560000	-1.150000	-0.640000	-0.270000
1268	YDR324C  	-0.890000	-1.740000	-1.840000	-2.120000	-1.470000	-1.150000	-0.860000	-0.580000
1285	YDR341C  	-0.100000	-0.560000	-1.360000	-1.740000	-1.430000	-1.250000	-0.640000	-0.380000
1286	YDR342C  	1.840000	2.510000	2.810000	2.660000	1.740000	0.900000	0.360000	0.100000
1287	YDR343C  	1.770000	2.400000	2.660000	2.670000	1.810000	1.050000	0.220000	0.120000
1297	YDR353W  	1.710000	2.170000	2.100000	1.820000	1.800000	1.430000	1.340000	0.540000
1302	YDR358W  	0.580000	0.930000	1.590000	1.230000	1.150000	0.530000	0.320000	0.140000
1305	YDR361C  	-0.580000	-1.090000	-2.120000	-2.180000	-1.840000	-1.120000	-0.490000	-0.300000
1309	YDR365C  	-1.030000	-1.290000	-2.000000	-1.940000	-1.090000	-0.670000	-0.180000	0.190000
1312	YDR368W  	0.730000	1.250000	1.490000	1.410000	1.630000	1.420000	1.430000	1.030000
1324	YDR380W  	0.610000	1.930000	3.460000	3.610000	2.860000	2.140000	1.360000	0.190000
1328	YDR384C  	0.060000	-1.060000	-1.560000	-1.150000	-0.920000	-1.090000	-1.120000	-1.000000
1335	YDR391C  	0.500000	1.220000	1.770000	1.500000	1.550000	1.280000	1.940000	0.790000
1338	YDR394W  	0.430000	0.900000	1.240000	1.150000	1.290000	1.100000	1.380000	0.670000
1339	YDR395W  	-0.380000	-1.150000	-1.510000	-1.470000	-0.940000	-0.860000	-0.470000	-0.170000
1342	YDR398W  	-1.030000	-2.000000	-2.560000	-1.740000	-1.360000	-0.760000	-0.100000	-0.180000
1343	YDR399W  	-0.420000	-1.690000	-2.940000	-2.740000	-2.120000	-1.430000	-0.840000	-0.970000
1344	YDR400W  	-0.140000	-0.510000	-0.300000	-0.040000	0.340000	0.930000	1.360000	0.980000
1346	YDR402C  	-0.300000	-0.470000	-0.060000	0.190000	1.850000	-0.100000	0.160000	0.110000
1356	YDR412W  	-0.510000	-0.970000	-1.430000	-1.290000	-1.000000	-0.810000	-0.360000	-0.200000
1357	YDR413C  	-0.710000	-1.030000	-1.690000	-1.470000	-1.220000	-0.890000	-0.490000	-0.290000
1390	YDR446W  	-0.270000	-0.290000	-0.840000	-0.470000	-1.430000	-1.090000	-0.860000	-0.840000
1391	YDR447C  	0.080000	-0.150000	-0.810000	-1.470000	-1.560000	-1.180000	-0.860000	-0.600000
1393	YDR449C  	-1.180000	-1.790000	-1.890000	-2.120000	-1.600000	-1.250000	-0.970000	-0.510000
1397	YDR453C  	0.690000	1.730000	3.030000	3.460000	3.660000	3.620000	3.280000	1.640000
1406	YDR462W  	0.580000	1.040000	1.440000	1.000000	1.170000	0.910000	0.480000	-0.150000
1409	YDR465C  	-0.540000	-1.150000	-2.470000	-2.740000	-2.060000	-1.120000	-0.250000	-0.320000
1420	YDR476C  	0.480000	0.700000	0.840000	1.040000	0.960000	1.180000	1.390000	0.860000
1435	YDR491C  	-1.090000	-1.890000	-2.320000	-2.060000	-1.690000	-1.290000	-0.420000	-0.230000
1436	YDR492W  	-1.000000	-1.940000	-2.840000	-2.120000	-1.940000	-1.430000	-0.380000	-0.270000
1440	YDR496C  	-1.420000	-2.490000	-3.250000	-2.770000	-2.220000	-1.780000	-0.930000	-0.640000
1455	YDR511W  	0.400000	1.140000	1.070000	1.340000	1.440000	1.150000	0.700000	0.330000
1457	YDR513W  	1.730000	2.700000	2.770000	2.640000	2.480000	1.950000	1.460000	0.730000
1463	YDR519W  	0.180000	0.330000	0.210000	0.560000	1.050000	1.230000	1.610000	1.260000
1467	YDR523C  	-1.000000	-1.470000	-1.000000	-0.810000	-1.090000	-1.030000	-0.420000	-0.860000
1477	YDR533C  	2.710000	4.110000	4.560000	4.980000	5.240000	5.230000	5.060000	4.120000
1500	YEL011W  	1.760000	2.660000	3.800000	3.790000	3.100000	1.650000	0.380000	0.370000
1501	YEL012W  	0.550000	1.670000	1.750000	1.320000	1.260000	1.010000	0.510000	0.430000
1516	YEL026W  	0.280000	-0.320000	-1.250000	-1.690000	-1.090000	-0.670000	-0.030000	-0.090000
1529	YEL039C  	0.780000	1.600000	1.900000	1.530000	1.020000	0.520000	-0.450000	-0.760000
1530	YEL040W  	-0.120000	-0.740000	-1.220000	-1.470000	-1.470000	-1.560000	-1.840000	-1.400000
1531	YEL041W  	0.700000	2.400000	2.570000	2.770000	2.810000	2.200000	1.290000	0.620000
1538	YEL048C  	-0.430000	-0.740000	-0.860000	-1.320000	-0.620000	-0.640000	-0.560000	-0.090000
1545	YEL055C  	-0.480000	-0.900000	-1.130000	-1.360000	-1.180000	-0.920000	-0.760000	-0.470000
1549	YEL059C-A	0.320000	0.570000	1.110000	0.700000	0.410000	1.720000	1.890000	0.620000
1551	YEL060C  	1.150000	1.700000	2.400000	2.650000	2.910000	2.480000	2.520000	1.630000
1574	YER004W  	0.300000	0.650000	0.950000	1.350000	1.490000	1.440000	1.450000	0.890000
1576	YER006W  	-0.620000	-1.790000	-2.400000	-2.740000	-2.320000	-1.510000	-0.740000	-0.430000
1583	YER012W  	0.490000	1.100000	1.330000	1.140000	1.170000	1.200000	1.230000	0.480000
1592	YER020W  	0.580000	0.870000	1.270000	1.060000	1.030000	0.700000	1.250000	0.460000
1598	YER026C  	0.330000	0.860000	1.280000	1.570000	1.680000	1.330000	0.760000	0.660000
1607	YER035W  	0.900000	1.660000	1.610000	1.340000	1.520000	1.420000	1.510000	0.940000
1609	YER037W  	0.140000	1.540000	2.010000	2.320000	2.600000	2.540000	2.940000	0.910000
1610	YER038C  	0.180000	0.900000	1.270000	1.300000	1.600000	1.590000	1.740000	0.770000
1614	YER042W  	0.730000	1.060000	1.380000	1.110000	0.420000	0.780000	0.960000	0.550000
1616	YER044C  	0.520000	1.420000	1.450000	1.410000	1.160000	0.820000	0.530000	-0.090000
1622	YER049W  	-0.340000	-1.290000	-2.000000	-1.840000	-1.150000	-0.810000	-0.010000	0.120000
1626	YER053C  	1.440000	2.430000	2.890000	2.340000	1.910000	1.090000	2.130000	0.410000
1627	YER054C  	0.410000	1.310000	3.490000	0.030000	1.970000	0.380000	0.220000	0.120000
1628	YER055C  	0.310000	-0.400000	-1.060000	-1.560000	-1.090000	-1.120000	-0.740000	-0.890000
1629	YER056C  	-0.540000	-1.640000	-2.400000	-1.560000	-0.890000	-0.640000	-0.150000	-0.320000
1632	YER058W  	0.300000	0.800000	1.670000	1.200000	0.820000	0.600000	0.080000	-0.320000
1635	YER060W-A	-0.100000	-1.560000	-0.830000	-0.780000	-0.750000	-0.450000	-0.140000	-0.490000
1637	YER062C  	0.200000	0.160000	0.480000	0.750000	1.170000	1.350000	2.360000	0.980000
1643	YER067W  	2.290000	3.910000	3.800000	3.140000	2.270000	1.760000	2.000000	0.440000
1646	YER070W  	-0.290000	-1.120000	-1.510000	-1.470000	-0.740000	-0.290000	-0.860000	-0.510000
1655	YER079W  	0.950000	1.760000	2.090000	2.070000	2.070000	1.560000	1.590000	0.860000
1658	YER082C  	-0.710000	-1.560000	-2.000000	-1.690000	-1.220000	-0.860000	-0.400000	-0.220000
1680	YER102W  	0.450000	0.290000	-0.560000	-1.220000	-1.320000	-1.120000	-0.790000	-0.400000
1681	YER103W  	0.980000	2.280000	3.000000	2.260000	2.040000	1.700000	2.440000	2.080000
1687	YER110C  	-0.690000	-2.120000	-3.320000	-4.060000	-3.060000	-2.180000	-1.400000	-0.400000
1696	YER119C  	0.460000	0.850000	1.410000	1.530000	1.630000	1.280000	0.820000	0.540000
1704	YER126C  	-0.810000	-1.470000	-2.470000	-2.320000	-1.690000	-0.740000	-0.170000	-0.230000
1705	YER127W  	-1.090000	-1.430000	-1.740000	-1.180000	-1.090000	-0.670000	-0.470000	-0.120000
1708	YER130C  	-0.580000	-0.580000	-0.970000	-1.000000	-0.620000	-0.170000	1.440000	0.000000
1719	YER141W  	0.590000	1.080000	1.290000	1.260000	1.100000	0.890000	0.640000	0.410000
1720	YER142C  	0.440000	1.750000	2.020000	2.110000	2.000000	1.650000	1.480000	0.900000
1721	YER143W  	0.820000	1.520000	2.020000	1.390000	1.490000	1.660000	1.850000	0.960000
1723	YER145C  	0.290000	-0.360000	-1.250000	-1.290000	-0.620000	-0.320000	-0.450000	0.120000
1728	YER150W  	0.340000	1.880000	2.840000	3.480000	3.500000	3.130000	3.630000	1.780000
1736	YER158C  	-0.030000	0.150000	0.300000	0.750000	0.850000	1.010000	2.350000	0.850000
1741	YER163C  	0.420000	1.100000	1.530000	1.700000	0.970000	1.440000	1.150000	0.570000
1755	YER177W  	0.480000	0.870000	1.080000	1.100000	1.350000	1.000000	1.270000	0.640000
1770	YFL002C  	-0.940000	-1.430000	-1.790000	-1.600000	-1.290000	-0.860000	-0.580000	-0.400000
1783	YFL014W  	1.100000	4.100000	6.450000	6.200000	6.680000	6.600000	6.200000	4.330000
1785	YFL016C  	1.040000	1.850000	2.220000	1.190000	1.730000	1.360000	1.040000	1.240000
1788	YFL019C  	-0.040000	0.160000	0.360000	-0.030000	-0.600000	-0.200000	-0.800000	-1.290000
1792	YFL023W  	-1.430000	-1.600000	-1.940000	-1.560000	-1.090000	-0.890000	-0.580000	-0.140000
1812	YFL044C  	0.160000	0.530000	1.080000	1.260000	1.000000	1.280000	1.550000	0.960000
1824	YFL056C  	1.180000	2.040000	2.780000	3.200000	3.530000	3.940000	3.660000	2.960000
1825	YFL057C  	0.480000	1.160000	1.550000	1.960000	2.210000	2.400000	2.130000	1.380000
1827	YFL059W  	-0.150000	0.240000	0.230000	0.600000	0.840000	1.260000	1.460000	1.280000
1837	YFR001W  	-0.690000	-1.320000	-1.840000	-1.600000	-1.430000	-1.150000	-0.940000	-0.510000
1839	YFR003C  	0.330000	1.310000	1.510000	1.530000	1.420000	1.210000	0.930000	0.520000
1851	YFR015C  	4.610000	3.050000	3.110000	2.320000	1.400000	0.160000	-0.840000	-0.400000
1853	YFR017C  	1.080000	2.360000	2.480000	0.210000	1.930000	0.770000	1.120000	0.110000
1861	YFR024C-A	0.290000	0.800000	1.070000	1.280000	1.400000	1.010000	1.180000	0.660000
1880	YFR042W  	0.460000	1.210000	1.430000	1.280000	1.360000	1.390000	1.140000	0.840000
1885	YFR047C  	0.200000	0.600000	0.960000	1.240000	1.480000	1.360000	1.460000	0.940000
1887	YFR049W  	0.500000	1.220000	1.440000	1.160000	1.150000	0.710000	0.510000	0.110000
1888	YFR050C  	0.480000	1.120000	1.320000	1.200000	1.330000	1.180000	1.450000	0.610000
1890	YFR052W  	0.590000	1.140000	1.410000	1.300000	1.490000	1.210000	1.390000	0.710000
1891	YFR053C  	2.170000	3.560000	4.440000	3.640000	2.870000	1.420000	1.060000	0.410000
1895	YFR057W  	0.380000	-0.400000	0.320000	0.010000	-0.340000	-0.260000	0.150000	-1.360000
1903	YGL008C  	0.150000	-0.740000	-1.150000	-1.320000	-1.060000	-0.760000	-0.200000	0.000000
1905	YGL010W  	0.540000	0.980000	1.610000	1.750000	0.960000	1.040000	0.820000	0.690000
1924	YGL029W  	-1.180000	-2.180000	-2.940000	-2.560000	-2.060000	-1.510000	-0.790000	-0.540000
1926	YGL031C  	0.360000	0.380000	-0.400000	-1.180000	-1.400000	-1.060000	-0.890000	-0.540000
1932	YGL037C  	1.830000	3.230000	3.690000	3.440000	3.140000	2.270000	2.060000	1.010000
1941	YGL046W  	0.030000	0.290000	0.770000	0.860000	0.380000	0.410000	1.420000	0.620000
1942	YGL047W  	0.510000	1.910000	2.280000	2.380000	2.210000	1.790000	1.360000	0.560000
1943	YGL048C  	0.410000	1.040000	1.400000	1.420000	1.320000	1.270000	1.340000	0.710000
1950	YGL055W  	-0.810000	-2.320000	-3.470000	-3.060000	-2.400000	-1.600000	0.610000	0.660000
1971	YGL076C  	0.510000	0.240000	-0.760000	-1.290000	-1.320000	-1.060000	-0.840000	-0.470000
1973	YGL078C  	-0.860000	-1.940000	-2.840000	-2.400000	-1.890000	-1.360000	-0.600000	-0.320000
1991	YGL096W  	1.450000	1.650000	2.320000	1.380000	1.240000	1.230000	1.600000	0.710000
1994	YGL099W  	-0.690000	-1.360000	-1.690000	-1.740000	-1.290000	-0.940000	-0.670000	-0.230000
2006	YGL111W  	-0.760000	-1.060000	-1.840000	-1.600000	-1.250000	-0.810000	-0.450000	-0.270000
2015	YGL120C  	-0.580000	-1.430000	-2.180000	-1.790000	-1.290000	-0.810000	0.080000	0.080000
2016	YGL121C  	0.120000	0.780000	1.540000	2.510000	2.780000	3.040000	3.010000	1.240000
2022	YGL127C  	0.280000	0.450000	0.810000	0.760000	1.130000	0.960000	1.280000	0.850000
2030	YGL135W  	0.240000	0.290000	-0.710000	-1.250000	-1.430000	-1.150000	-0.810000	-0.490000
2042	YGL147C  	0.510000	0.430000	-0.340000	-1.150000	-1.510000	-1.150000	-0.710000	-0.340000
2051	YGL156W  	-0.060000	-0.270000	0.500000	1.620000	1.810000	1.460000	1.520000	1.370000
2052	YGL157W  	0.500000	0.660000	0.680000	0.990000	1.120000	0.930000	1.340000	0.790000
2064	YGL169W  	-0.710000	-1.430000	-1.740000	-1.560000	-1.060000	-0.670000	-0.200000	-0.010000
2065	YGL170C  	-0.940000	-1.600000	-1.430000	-0.840000	-1.690000	-1.250000	-1.000000	-0.760000
2066	YGL171W  	-1.250000	-2.560000	-3.320000	-3.320000	-2.560000	-1.640000	-1.150000	-0.740000
2074	YGL179C  	-0.180000	0.070000	0.560000	0.530000	0.900000	0.860000	2.240000	1.100000
2075	YGL180W  	0.410000	0.880000	1.470000	1.210000	1.350000	0.710000	0.880000	0.250000
2079	YGL184C  	0.970000	0.840000	1.690000	1.030000	1.700000	0.980000	0.990000	0.030000
2104	YGL209W  	0.130000	-0.660000	-0.730000	-1.030000	-0.810000	-1.650000	-1.630000	-1.190000
2130	YGL234W  	-0.170000	-1.220000	-2.250000	-2.000000	-1.510000	-1.320000	-0.940000	-0.470000
2151	YGL255W  	-0.920000	-1.470000	-1.890000	-1.600000	-1.640000	-1.510000	-0.890000	-0.640000
2167	YGR008C  	1.370000	2.720000	2.740000	3.190000	2.540000	2.480000	2.290000	1.350000
2178	YGR019W  	0.750000	1.490000	2.320000	2.150000	2.610000	2.120000	2.370000	1.130000
2180	YGR021W  	0.240000	0.800000	1.340000	0.870000	1.080000	0.850000	0.640000	0.040000
2187	YGR028W  	-0.150000	0.510000	1.040000	1.190000	1.420000	1.290000	1.510000	1.140000
2194	YGR035C  	0.960000	-0.070000	-0.300000	-0.580000	-0.740000	-1.360000	-1.600000	-1.180000
2196	YGR037C  	0.690000	0.950000	1.020000	1.030000	1.010000	1.100000	1.440000	1.040000
2202	YGR043C  	0.100000	0.910000	2.680000	3.860000	3.340000	3.930000	3.740000	1.960000
2203	YGR044C  	0.330000	1.080000	1.290000	1.480000	1.640000	0.850000	1.340000	0.620000
2211	YGR052W  	0.740000	1.450000	2.310000	2.220000	2.070000	1.480000	1.210000	0.730000
2220	YGR061C  	-0.160000	-1.150000	-1.290000	-1.740000	-1.510000	-1.430000	-1.300000	-1.020000
2247	YGR088W  	1.500000	3.250000	4.360000	4.570000	4.380000	3.010000	1.740000	0.750000
2249	YGR090W  	-0.840000	-1.510000	-1.600000	-1.600000	-1.150000	-1.150000	-0.840000	-0.710000
2262	YGR103W  	-1.060000	-1.890000	-3.320000	-3.840000	-3.320000	-2.400000	-1.430000	-0.600000
2269	YGR110W  	-0.140000	0.370000	1.060000	1.120000	1.600000	1.510000	1.500000	0.990000
2270	YGR111W  	0.370000	0.910000	1.280000	1.190000	1.150000	0.800000	0.600000	0.550000
2271	YGR112W  	0.390000	1.240000	1.550000	1.020000	1.100000	0.990000	0.940000	0.310000
2282	YGR123C  	-0.170000	-0.810000	-1.790000	-1.430000	-1.250000	-1.000000	-0.360000	-0.290000
2286	YGR127W  	0.550000	0.810000	1.380000	1.120000	1.300000	0.580000	0.800000	0.260000
2287	YGR128C  	-0.740000	-1.640000	-2.250000	-2.250000	-1.470000	-0.860000	-0.580000	-0.360000
2291	YGR132C  	0.390000	1.120000	1.390000	1.500000	1.310000	0.920000	1.000000	0.320000
2294	YGR135W  	0.430000	0.990000	1.330000	1.420000	1.140000	1.290000	1.490000	0.730000
2297	YGR138C  	-0.430000	-0.940000	-1.470000	-1.000000	-0.940000	-0.710000	2.430000	-0.200000
2298	YGR139W  	-0.150000	-0.090000	-0.290000	-0.320000	-0.710000	-0.270000	1.730000	-0.200000
2301	YGR142W  	2.390000	3.580000	3.540000	2.490000	2.770000	2.680000	2.280000	2.640000
2304	YGR145W  	-1.250000	-2.470000	-3.180000	-2.640000	-2.320000	-1.600000	-1.150000	-0.600000
2307	YGR148C  	0.250000	0.380000	-0.400000	-1.150000	-1.360000	-1.060000	-0.920000	-0.510000
2318	YGR159C  	-0.470000	-0.820000	-1.320000	-1.370000	-1.050000	-0.790000	-0.120000	-0.120000
2319	YGR160W  	-0.580000	-1.940000	-3.060000	-2.640000	-2.060000	-1.560000	-0.300000	-0.220000
2320	YGR161C  	1.760000	1.480000	1.640000	1.800000	1.120000	1.420000	2.060000	2.090000
2321	YGR162W  	-0.530000	-1.050000	-1.480000	-1.520000	-1.020000	-0.800000	-0.620000	-0.670000
2333	YGR174C  	0.450000	1.200000	1.700000	1.830000	1.360000	0.860000	0.210000	-0.100000
2335	YGR176W  	-0.400000	-0.970000	-1.690000	-1.740000	-1.560000	-1.470000	-1.510000	-1.220000
2336	YGR177C  	-0.300000	-0.430000	-1.510000	-1.840000	-1.510000	-1.430000	-1.690000	-0.970000
2346	YGR187C  	-0.670000	-1.470000	0.000000	-1.840000	-1.430000	-1.060000	-0.890000	-0.320000
2348	YGR189C  	0.100000	-0.420000	-0.470000	0.100000	0.930000	1.140000	1.930000	1.510000
2349	YGR190C  	-0.540000	-1.290000	-1.470000	-0.920000	-0.920000	-0.490000	-0.010000	-0.360000
2353	YGR194C  	1.040000	1.610000	1.950000	1.700000	1.420000	0.700000	0.210000	0.160000
2359	YGR200C  	-0.560000	-1.400000	-2.060000	-1.940000	-1.400000	-0.970000	-0.710000	-0.320000
2360	YGR201C  	0.110000	0.280000	0.780000	1.340000	1.530000	1.200000	1.230000	0.650000
2364	YGR205W  	0.440000	0.920000	1.470000	1.300000	0.800000	0.040000	-0.430000	-0.400000
2368	YGR209C  	1.750000	2.550000	2.930000	3.050000	2.150000	2.700000	2.650000	1.860000
2373	YGR214W  	0.190000	0.160000	-0.580000	-1.360000	-1.220000	-0.970000	-0.790000	-0.380000
2382	YGR223C  	0.580000	1.210000	1.550000	1.260000	1.340000	1.130000	0.860000	0.700000
2390	YGR231C  	0.400000	1.140000	1.490000	1.800000	1.590000	1.480000	1.190000	0.480000
2393	YGR234W  	0.340000	0.290000	-0.670000	-1.360000	-1.600000	-1.400000	-0.840000	-0.600000
2402	YGR243W  	1.810000	2.030000	2.600000	2.240000	1.950000	1.310000	0.990000	0.280000
2403	YGR244C  	0.290000	1.430000	2.110000	2.410000	2.390000	2.350000	1.790000	1.410000
2404	YGR245C  	-1.030000	-1.890000	-3.060000	-2.940000	-2.560000	-1.790000	-0.970000	-0.540000
2407	YGR248W  	1.510000	3.330000	4.640000	4.650000	4.230000	3.210000	2.050000	0.820000
2409	YGR250C  	0.150000	1.080000	0.930000	0.440000	0.610000	0.380000	1.460000	0.480000
2412	YGR253C  	0.390000	0.750000	0.980000	1.000000	0.990000	0.960000	1.270000	0.590000
2414	YGR255C  	0.390000	0.860000	1.330000	1.580000	1.150000	1.230000	1.370000	0.790000
2415	YGR256W  	1.380000	1.990000	2.520000	2.760000	2.880000	2.720000	2.420000	2.000000
2423	YGR264C  	-0.060000	-0.840000	-1.600000	-1.890000	-1.470000	-1.290000	-0.940000	-0.600000
2431	YGR272C  	-1.120000	-1.740000	-2.400000	-2.250000	-1.890000	-1.250000	-1.000000	-0.670000
2439	YGR280C  	-1.320000	-2.320000	-2.840000	-2.470000	-2.120000	-1.640000	-1.060000	-0.470000
2442	YGR283C  	-0.600000	-1.220000	-1.740000	-1.470000	-1.000000	-0.580000	-0.270000	0.070000
2443	YGR284C  	0.320000	0.690000	0.800000	1.140000	1.250000	1.470000	1.680000	1.480000
2466	YHL011C  	-0.120000	-0.640000	-1.560000	-1.430000	-0.710000	-0.580000	0.110000	0.200000
2476	YHL021C  	2.190000	3.420000	4.040000	3.340000	2.670000	1.670000	1.010000	0.960000
2479	YHL024W  	0.380000	1.200000	2.630000	2.270000	2.180000	1.180000	-0.010000	-0.740000
2483	YHL028W  	0.000000	0.060000	-0.670000	-0.790000	-0.940000	-1.560000	-1.790000	-1.180000
2485	YHL030W  	0.060000	0.420000	0.940000	1.110000	1.290000	0.840000	0.620000	-0.040000
2488	YHL033C  	0.480000	0.240000	-0.540000	-1.220000	-1.290000	-0.920000	-0.420000	-0.150000
2494	YHL039W  	-0.320000	-1.070000	-1.620000	-1.480000	-1.090000	-0.890000	-0.500000	-0.450000
2507	YHR001W-A	0.750000	1.410000	0.750000	-0.110000	0.360000	0.430000	0.060000	0.000000
2515	YHR008C  	1.210000	1.720000	1.550000	1.050000	1.560000	1.040000	1.730000	0.490000
2521	YHR014W  	0.000000	0.000000	-0.320000	-0.510000	-0.540000	2.580000	-0.560000	-0.580000
2523	YHR016C  	0.770000	1.360000	1.810000	1.920000	1.810000	1.110000	0.650000	0.360000
2527	YHR020W  	-0.060000	-0.790000	-1.840000	-2.250000	-1.790000	-1.250000	-0.690000	-0.510000
2537	YHR029C  	0.640000	1.180000	1.330000	1.500000	1.550000	1.270000	1.380000	1.080000
2538	YHR030C  	0.040000	0.380000	0.540000	0.740000	1.070000	1.000000	2.160000	1.200000
2551	YHR043C  	0.230000	0.840000	1.160000	1.480000	1.490000	1.430000	1.430000	0.930000
2561	YHR052W  	-0.670000	-1.220000	-1.940000	-1.600000	-1.360000	-0.860000	-0.380000	-0.320000
2562	YHR053C  	0.710000	1.030000	0.360000	-0.090000	0.120000	0.860000	1.510000	1.260000
2564	YHR055C  	0.650000	1.010000	0.330000	-0.120000	0.180000	0.830000	1.530000	1.210000
2566	YHR057C  	0.240000	0.850000	1.190000	1.400000	1.260000	1.090000	0.950000	0.410000
2574	YHR065C  	-0.690000	-1.220000	-1.840000	-1.740000	-1.000000	-0.540000	-0.470000	-0.090000
2575	YHR066W  	-1.180000	-1.940000	-2.400000	-2.000000	-1.430000	-1.000000	-0.740000	-0.270000
2578	YHR069C  	-0.620000	-0.890000	-1.320000	-1.150000	-0.690000	-0.220000	0.120000	0.100000
2579	YHR070W  	-0.470000	-1.250000	-1.510000	-1.090000	-0.890000	-0.580000	0.180000	-0.040000
2590	YHR081W  	-0.710000	-1.180000	-1.890000	-1.470000	-1.600000	-1.150000	-0.690000	-0.340000
2596	YHR087W  	2.040000	3.960000	4.730000	3.370000	3.410000	2.920000	2.920000	1.640000
2597	YHR088W  	-1.060000	-2.060000	-3.180000	-2.740000	-2.120000	-1.120000	-0.420000	-0.200000
2598	YHR089C  	-0.060000	-0.670000	-1.890000	-2.400000	-1.840000	-1.360000	-0.740000	-0.760000
2606	YHR097C  	0.890000	1.610000	2.150000	1.900000	1.260000	1.010000	1.040000	0.860000
2613	YHR104W  	0.950000	2.220000	2.940000	3.000000	3.090000	2.540000	2.040000	1.640000
2621	YHR112C  	0.300000	0.640000	0.970000	1.300000	1.730000	1.620000	1.950000	1.510000
2625	YHR116W  	0.340000	1.260000	1.080000	2.060000	1.870000	1.530000	1.090000	0.180000
2646	YHR137W  	0.580000	1.740000	2.710000	2.800000	2.360000	1.540000	0.640000	-0.300000
2647	YHR138C  	0.630000	1.850000	1.660000	2.440000	2.220000	1.740000	1.710000	0.670000
2650	YHR140W  	0.510000	1.180000	0.300000	1.610000	1.850000	1.450000	0.800000	0.580000
2658	YHR147C  	0.310000	1.030000	1.320000	1.040000	1.060000	0.760000	0.520000	0.140000
2659	YHR148W  	-0.620000	-1.250000	-1.640000	-1.360000	-1.090000	-0.740000	-0.220000	-0.120000
2674	YHR163W  	1.120000	1.840000	1.910000	1.660000	1.780000	1.820000	1.790000	1.350000
2680	YHR169W  	-1.030000	-1.890000	-2.470000	-1.940000	-1.640000	-0.920000	-0.490000	-0.270000
2681	YHR170W  	-0.560000	-1.560000	-2.470000	-2.470000	-1.790000	-1.250000	-0.400000	-0.430000
2687	YHR176W  	0.190000	0.510000	0.870000	0.800000	0.640000	1.450000	0.710000	0.400000
2690	YHR179W  	1.540000	1.530000	0.700000	0.310000	0.950000	1.550000	2.380000	2.500000
2694	YHR183W  	1.500000	1.230000	1.480000	1.110000	1.040000	0.800000	1.310000	1.960000
2707	YHR196W  	-1.090000	-1.600000	-2.120000	-2.120000	-1.470000	-1.180000	-0.940000	-0.690000
2708	YHR197W  	-1.060000	-2.180000	-2.560000	-2.250000	-1.790000	-1.360000	-0.940000	-0.560000
2710	YHR199C  	0.960000	1.570000	1.420000	1.290000	1.320000	1.010000	0.960000	0.630000
2714	YHR203C  	0.450000	0.330000	-0.620000	-1.320000	-1.220000	-1.030000	-0.600000	-0.400000
2720	YHR209W  	0.070000	0.830000	1.430000	1.950000	2.060000	1.730000	2.000000	0.960000
2728	YHR215W  	-0.230000	-1.000000	-2.180000	-2.320000	-1.740000	-1.120000	-1.000000	-1.640000
2729	YHR216W  	0.080000	-0.430000	-1.250000	-1.600000	-1.180000	-0.810000	-0.150000	-0.220000
2742	YIL009W  	-0.300000	-1.360000	-1.600000	-1.220000	-0.690000	-0.810000	-0.890000	-0.560000
2744	YIL011W  	0.280000	-0.340000	-0.860000	-1.060000	-1.220000	-1.400000	-1.400000	-1.120000
2752	YIL019W  	-1.030000	-2.250000	-2.840000	-2.320000	-2.560000	-1.740000	-1.120000	-0.430000
2766	YIL033C  	0.560000	1.000000	1.410000	1.280000	1.280000	0.850000	0.870000	0.280000
2780	YIL047C  	-0.400000	-1.430000	-1.600000	-1.250000	-0.920000	-0.580000	-0.010000	-0.180000
2786	YIL053W  	0.100000	-0.510000	-1.250000	-0.710000	-0.040000	0.070000	1.290000	0.240000
2797	YIL064W  	-0.250000	-0.600000	-1.600000	-1.560000	-1.360000	-0.940000	-0.510000	-0.220000
2798	YIL065C  	0.280000	0.820000	1.170000	1.540000	1.580000	0.620000	0.290000	0.150000
2810	YIL077C  	0.690000	0.950000	1.410000	1.080000	0.700000	0.430000	0.880000	0.250000
2812	YIL079C  	-0.740000	-1.220000	-1.470000	-0.970000	-0.920000	-0.690000	-0.580000	-0.320000
2820	YIL087C  	0.460000	1.020000	1.460000	1.690000	1.490000	1.020000	0.950000	0.080000
2824	YIL091C  	-1.030000	-0.790000	-1.240000	-2.120000	-1.200000	-0.920000	-0.750000	-0.540000
2826	YIL093C  	-0.220000	-0.310000	-0.200000	-0.400000	-0.510000	-0.830000	-0.460000	-1.790000
2829	YIL096C  	-0.690000	-1.560000	-1.890000	-1.890000	-1.640000	-0.970000	-0.540000	-0.030000
2831	YIL098C  	0.360000	1.060000	1.270000	1.290000	1.050000	0.620000	0.190000	-0.060000
2836	YIL103W  	-0.380000	-0.670000	-1.400000	-1.120000	-0.790000	-0.450000	-0.100000	0.100000
2840	YIL107C  	0.290000	1.020000	1.470000	1.510000	1.580000	0.950000	0.310000	0.680000
2844	YIL111W  	0.610000	1.660000	1.480000	1.990000	1.910000	1.900000	1.490000	0.700000
2846	YIL113W  	0.510000	1.590000	1.080000	1.340000	1.430000	0.630000	0.080000	-0.140000
2850	YIL117C  	0.360000	0.810000	1.190000	1.950000	2.370000	2.260000	2.690000	1.730000
2857	YIL124W  	0.770000	1.350000	1.850000	1.750000	1.910000	1.460000	1.030000	0.620000
2860	YIL127C  	-0.840000	-1.560000	-2.180000	-2.060000	-1.400000	-0.790000	-0.380000	-0.140000
2866	YIL133C  	0.280000	0.070000	-0.840000	-1.360000	-1.150000	-0.670000	-0.470000	-0.430000
2869	YIL136W  	0.860000	2.500000	3.670000	3.410000	3.410000	2.820000	2.010000	1.280000
2893	YIL160C  	-0.220000	-0.320000	1.000000	1.380000	1.540000	1.430000	0.600000	-0.150000
2900	YIL167W  	0.930000	1.320000	0.780000	0.860000	1.230000	1.230000	0.700000	0.600000
2922	YIR012W  	-0.340000	-0.840000	-1.290000	-0.890000	-0.690000	-0.510000	0.230000	0.110000
2926	YIR016W  	0.810000	1.830000	1.940000	1.930000	1.560000	0.830000	0.480000	0.430000
2927	YIR017C  	1.160000	2.160000	1.770000	1.790000	1.340000	0.860000	0.420000	0.320000
2936	YIR026C  	-0.470000	-1.180000	-2.120000	-2.180000	-1.690000	-1.180000	-0.430000	-0.270000
2946	YIR036C  	0.360000	0.960000	1.450000	1.670000	1.780000	1.630000	1.480000	0.570000
2947	YIR037W  	0.640000	1.170000	1.790000	1.880000	2.370000	2.100000	1.920000	0.920000
2948	YIR038C  	0.320000	1.200000	1.970000	2.560000	3.060000	2.960000	2.640000	1.210000
2949	YIR039C  	0.570000	0.820000	1.880000	1.700000	2.100000	1.390000	1.150000	0.530000
2955	YJL001W  	0.600000	1.180000	1.530000	1.320000	1.520000	1.340000	1.590000	0.830000
2964	YJL010C  	-0.600000	-1.370000	-1.790000	-1.420000	-1.320000	-1.000000	-0.710000	-0.410000
2975	YJL021C  	0.400000	0.820000	1.320000	1.510000	1.190000	0.840000	0.640000	0.520000
2985	YJL031C  	0.190000	1.040000	1.290000	1.110000	0.990000	1.130000	1.100000	0.680000
2987	YJL033W  	-1.090000	-1.840000	-2.000000	-1.060000	-1.690000	-1.430000	-0.790000	-0.490000
2988	YJL034W  	0.710000	1.270000	1.660000	1.570000	1.910000	1.970000	2.600000	2.410000
2998	YJL045W  	0.080000	0.700000	0.930000	1.630000	2.110000	1.480000	1.490000	-0.040000
3001	YJL048C  	0.870000	1.430000	1.740000	1.880000	1.500000	1.490000	2.160000	1.380000
3003	YJL050W  	-0.560000	-1.440000	-1.540000	-1.740000	-1.500000	-1.240000	-0.760000	-0.460000
3005	YJL052W  	0.640000	0.750000	0.900000	1.260000	1.070000	1.200000	1.410000	0.410000
3010	YJL057C  	0.630000	1.450000	1.450000	1.760000	1.630000	1.360000	0.890000	0.750000
3019	YJL066C  	0.740000	1.460000	1.790000	1.660000	1.680000	1.110000	1.200000	0.370000
3021	YJL068C  	0.570000	0.930000	1.320000	1.560000	1.750000	1.540000	1.720000	0.820000
3022	YJL069C  	-1.120000	-1.940000	-2.640000	-2.060000	-1.510000	-1.220000	-0.840000	-0.400000
3054	YJL101C  	1.700000	1.650000	1.570000	1.320000	1.330000	0.990000	0.600000	0.700000
3055	YJL102W  	0.500000	1.550000	1.990000	1.360000	1.340000	0.810000	0.400000	0.340000
3062	YJL109C  	-0.860000	-1.820000	-2.030000	-1.890000	-1.740000	-1.160000	-0.540000	-0.550000
3069	YJL116C  	0.300000	0.540000	0.870000	1.680000	1.300000	2.020000	2.950000	1.840000
3075	YJL122W  	-0.450000	-1.060000	-2.000000	-1.940000	-1.360000	-1.000000	-0.450000	-0.230000
3078	YJL125C  	-0.790000	-1.060000	-1.400000	-1.220000	-0.890000	-0.560000	-0.340000	-0.140000
3097	YJL144W  	1.410000	2.370000	1.990000	2.350000	0.610000	1.710000	2.490000	1.560000
3101	YJL148W  	-0.490000	-1.090000	-2.120000	-1.840000	-1.400000	-1.090000	-0.790000	-0.580000
3104	YJL151C  	0.730000	0.990000	1.050000	1.350000	1.040000	0.930000	1.260000	0.490000
3106	YJL153C  	-0.140000	-0.320000	0.060000	1.280000	1.290000	0.890000	1.020000	0.600000
3110	YJL157C  	-0.890000	-1.060000	-1.290000	-0.970000	-0.540000	-0.640000	-1.030000	-1.060000
3112	YJL159W  	0.460000	0.290000	0.480000	1.090000	1.160000	0.990000	1.460000	0.080000
3114	YJL161W  	0.520000	1.760000	2.650000	2.840000	3.070000	1.790000	1.760000	1.010000
3117	YJL164C  	1.260000	2.020000	2.190000	2.040000	1.730000	0.960000	0.230000	0.360000
3119	YJL166W  	0.830000	1.410000	1.060000	0.740000	0.620000	0.210000	0.480000	0.140000
3121	YJL168C  	-0.320000	-0.470000	-0.300000	-0.510000	-0.360000	-0.560000	-1.290000	-0.340000
3124	YJL171C  	0.250000	0.530000	0.590000	0.900000	0.780000	0.850000	1.470000	0.760000
3130	YJL177W  	0.360000	0.150000	-0.790000	-1.400000	-1.360000	-0.940000	-0.670000	-0.450000
3143	YJL190C  	0.540000	0.390000	-0.320000	-1.150000	-1.320000	-1.250000	-0.740000	-0.420000
3151	YJL198W  	-0.300000	-0.970000	-1.560000	-1.180000	-1.060000	-0.760000	-0.600000	-0.150000
3153	YJL200C  	-0.340000	-1.290000	-2.120000	-1.890000	-1.640000	-1.400000	-0.970000	-0.540000
3160	YJL208C  	-0.400000	-0.940000	-1.360000	-1.290000	-0.790000	-0.540000	-0.220000	0.010000
3169	YJL217W  	0.550000	1.180000	1.640000	1.800000	1.690000	1.400000	0.960000	0.650000
3171	YJL219W  	0.590000	0.800000	0.950000	1.320000	1.340000	1.010000	1.240000	0.820000
3178	YJR002W  	-0.850000	-1.700000	-1.800000	-1.890000	-1.660000	-1.260000	-0.720000	-0.280000
3179	YJR003C  	-0.710000	-1.180000	-1.740000	-1.690000	-1.250000	-1.150000	-0.710000	-0.230000
3184	YJR008W  	0.310000	0.780000	1.180000	1.510000	0.330000	0.610000	0.900000	0.410000
3187	YJR010W  	0.230000	0.820000	1.260000	1.350000	1.690000	1.640000	1.770000	0.750000
3193	YJR016C  	0.000000	-0.580000	-1.510000	-1.740000	-1.470000	-1.060000	-0.620000	-0.380000
3202	YJR025C  	0.520000	1.040000	1.300000	1.310000	1.200000	1.370000	1.780000	1.400000
3218	YJR041C  	-0.740000	-1.640000	-2.120000	-1.740000	-1.250000	-1.120000	-0.790000	-0.040000
3222	YJR045C  	1.020000	1.230000	1.600000	1.400000	1.440000	0.930000	1.040000	0.870000
3225	YJR048W  	1.100000	1.500000	0.830000	-0.090000	-0.360000	-0.120000	-0.220000	-0.120000
3236	YJR059W  	0.890000	1.100000	1.510000	1.340000	1.320000	0.650000	0.360000	0.380000
3240	YJR063W  	-0.030000	-0.760000	-1.400000	-1.090000	-0.970000	-0.580000	-0.010000	-0.010000
3243	YJR066W  	-0.270000	-0.010000	0.780000	0.490000	1.280000	0.800000	0.400000	0.280000
3247	YJR070C  	-0.140000	-1.030000	-2.470000	-2.470000	-1.510000	-0.690000	-0.040000	-0.060000
3248	YJR071W  	-0.140000	-0.970000	-2.060000	-1.940000	-1.400000	-0.710000	-0.170000	-0.220000
3250	YJR073C  	0.640000	1.280000	2.290000	2.840000	3.190000	3.050000	2.600000	1.790000
3251	YJR074W  	0.180000	0.730000	1.180000	1.570000	1.750000	1.770000	1.590000	1.270000
3261	YJR085C  	0.530000	1.020000	1.210000	1.400000	1.380000	1.270000	1.020000	0.630000
3273	YJR096W  	0.460000	1.560000	2.720000	2.910000	3.050000	2.340000	2.570000	1.280000
3274	YJR097W  	-0.940000	-1.510000	-1.640000	-1.360000	-1.220000	-0.640000	-0.270000	0.000000
3281	YJR104C  	1.490000	2.300000	2.520000	2.510000	2.210000	1.990000	1.740000	0.910000
3299	YJR122W  	1.240000	1.400000	1.830000	1.880000	1.890000	1.270000	0.560000	0.510000
3300	YJR123W  	0.400000	0.230000	-0.510000	-1.090000	-1.290000	-1.180000	-0.760000	-0.620000
3301	YJR124C  	-0.150000	-0.670000	-1.290000	-1.150000	-1.000000	-0.790000	-0.600000	-0.470000
3309	YJR132W  	-0.380000	-1.360000	-1.560000	-1.510000	-1.120000	-1.090000	-0.840000	-0.150000
3322	YJR145C  	0.290000	0.060000	-0.760000	-1.400000	-1.360000	-1.120000	-0.600000	-0.420000
3324	YJR147W  	-0.030000	-0.970000	-1.470000	-1.220000	-1.090000	-0.940000	-0.760000	-0.560000
3325	YJR148W  	0.340000	0.670000	0.760000	1.330000	1.800000	1.630000	1.530000	1.070000
3332	YJR155W  	0.460000	1.620000	2.170000	2.620000	2.650000	2.800000	2.540000	2.100000
3333	YJR156C  	0.390000	-0.010000	0.630000	0.650000	1.160000	1.120000	1.340000	0.720000
3336	YJR159W  	0.040000	0.920000	1.530000	1.650000	1.770000	1.560000	1.520000	0.490000
3349	YKL009W  	-0.360000	-1.090000	-2.060000	-1.600000	-1.640000	-0.940000	-0.200000	-0.230000
3366	YKL026C  	-0.100000	0.670000	0.950000	1.470000	1.380000	1.160000	1.120000	0.150000
3369	YKL029C  	-0.710000	-2.250000	-2.640000	-1.060000	-1.940000	-1.400000	-0.510000	-0.100000
3370	YKL030W  	-0.840000	-2.000000	-2.400000	-1.290000	-1.400000	-0.970000	-0.270000	-0.180000
3375	YKL035W  	1.080000	2.260000	3.150000	3.040000	2.340000	1.540000	0.680000	0.540000
3376	YKL036C  	0.580000	1.460000	1.620000	2.020000	1.580000	0.780000	0.140000	0.080000
3383	YKL043W  	1.530000	0.520000	-0.710000	-1.120000	-1.250000	-1.400000	-1.470000	-0.840000
3384	YKL044W  	0.740000	-0.290000	-1.030000	-1.150000	-1.400000	-1.470000	-1.400000	-0.790000
3405	YKL065C  	0.630000	1.300000	1.620000	1.680000	1.660000	1.360000	1.660000	0.960000
3407	YKL067W  	0.650000	1.240000	1.350000	1.230000	1.020000	0.720000	0.800000	0.400000
3411	YKL071W  	0.530000	1.770000	1.850000	1.800000	2.320000	2.130000	1.750000	0.790000
3418	YKL078W  	-1.430000	-3.060000	-2.180000	-2.560000	-2.470000	-1.890000	-0.970000	-0.560000
3421	YKL081W  	0.100000	-0.360000	-1.060000	-1.430000	-1.430000	-1.250000	-1.030000	-0.470000
3422	YKL082C  	-1.790000	-2.400000	-2.640000	-2.840000	-2.120000	-1.790000	-1.360000	-0.810000
3425	YKL085W  	0.780000	1.660000	1.930000	1.580000	1.300000	0.660000	0.330000	0.000000
3427	YKL087C  	0.870000	1.150000	1.280000	1.200000	0.950000	0.600000	0.490000	0.210000
3431	YKL091C  	0.730000	1.620000	2.420000	2.450000	2.150000	1.250000	1.050000	0.330000
3436	YKL096W  	0.970000	2.130000	2.810000	3.450000	3.420000	3.160000	1.910000	1.810000
3439	YKL099C  	-1.030000	-1.690000	-2.640000	-2.250000	-1.840000	-1.060000	-0.600000	-0.340000
3440	YKL100C  	0.450000	0.880000	1.280000	1.210000	1.270000	0.840000	0.650000	0.420000
3443	YKL103C  	1.510000	2.530000	3.430000	3.470000	3.640000	3.080000	2.780000	1.580000
3444	YKL104C  	0.100000	0.110000	0.460000	0.840000	1.520000	1.510000	2.040000	1.160000
3457	YKL117W  	0.250000	1.010000	1.360000	1.510000	1.480000	1.330000	1.180000	0.620000
3465	YKL125W  	-0.640000	-1.000000	-1.320000	-1.090000	-0.890000	-0.710000	-0.230000	-0.290000
3471	YKL131W  	-0.420000	-0.670000	-0.840000	-0.640000	-1.320000	-0.840000	-0.450000	-0.620000
3481	YKL141W  	0.610000	1.420000	0.880000	0.820000	0.600000	0.440000	0.110000	0.040000
3482	YKL142W  	0.790000	1.710000	2.280000	2.090000	1.760000	1.510000	1.380000	0.800000
3488	YKL148C  	0.900000	1.440000	1.130000	1.110000	0.740000	0.140000	-0.580000	-0.640000
3490	YKL150W  	0.860000	1.630000	2.110000	1.920000	1.710000	1.050000	1.020000	0.690000
3491	YKL151C  	0.370000	1.390000	2.060000	2.550000	2.550000	1.860000	1.510000	0.750000
3501	YKL161C  	-0.170000	-0.100000	-0.040000	0.500000	1.060000	1.160000	1.480000	0.790000
3503	YKL163W  	0.070000	0.080000	0.380000	1.040000	1.280000	1.120000	1.740000	-0.200000
3512	YKL172W  	-1.000000	-2.120000	-2.840000	-2.560000	-2.060000	-1.560000	-1.030000	-0.430000
3521	YKL181W  	-0.230000	-0.620000	-1.600000	-1.470000	-1.180000	-0.790000	-0.320000	-0.270000
3527	YKL187C  	0.360000	1.510000	3.170000	3.330000	2.790000	1.930000	1.020000	0.000000
3531	YKL191W  	-0.430000	-1.400000	-2.400000	-1.940000	-1.320000	-0.920000	-0.290000	0.030000
3532	YKL192C  	0.600000	1.120000	1.480000	1.450000	1.420000	1.280000	0.980000	0.390000
3533	YKL193C  	0.430000	1.160000	1.380000	1.180000	1.180000	0.900000	0.780000	0.450000
3535	YKL195W  	0.220000	0.630000	0.910000	0.970000	1.910000	0.660000	0.310000	0.230000
3536	YKL196C  	0.460000	0.960000	1.290000	1.120000	1.120000	1.080000	1.080000	0.590000
3540	YKL201C  	-0.420000	0.180000	0.930000	0.930000	1.300000	0.900000	0.400000	0.630000
3555	YKL216W  	-0.090000	-0.940000	-2.840000	-3.640000	-3.470000	-3.060000	-2.000000	-0.560000
3557	YKL218C  	0.110000	0.320000	0.850000	0.820000	0.620000	0.900000	1.280000	0.390000
3575	YKR011C  	1.000000	1.960000	2.240000	2.110000	1.560000	1.590000	1.990000	1.570000
3576	YKR012C  	-0.140000	-0.300000	-0.620000	-0.180000	0.480000	0.950000	1.320000	1.570000
3577	YKR013W  	0.080000	-0.220000	-0.490000	-0.060000	0.810000	1.410000	1.970000	1.990000
3588	YKR024C  	-1.120000	-2.470000	-2.840000	-2.180000	-1.840000	-1.560000	-0.840000	-0.430000
3603	YKR039W  	0.120000	0.610000	1.430000	1.860000	2.220000	1.660000	1.180000	0.520000
3613	YKR049C  	0.400000	0.820000	1.510000	1.390000	1.480000	1.060000	1.410000	0.520000
3616	YKR052C  	1.160000	1.370000	1.120000	0.690000	0.770000	0.390000	0.160000	0.380000
3620	YKR056W  	-0.970000	-1.890000	-2.640000	-2.000000	-1.510000	-1.000000	-0.690000	-0.270000
3624	YKR060W  	-0.790000	-1.150000	-1.690000	-1.250000	-1.180000	-0.840000	-0.710000	-0.120000
3625	YKR061W  	0.420000	0.520000	0.410000	0.650000	1.120000	1.480000	2.590000	1.200000
3630	YKR066C  	0.780000	1.400000	1.290000	1.260000	0.650000	0.430000	0.070000	0.120000
3631	YKR067W  	0.570000	0.870000	1.320000	0.820000	1.290000	0.580000	0.060000	0.160000
3640	YKR076W  	1.330000	2.880000	3.830000	4.770000	4.540000	4.550000	3.160000	1.730000
3643	YKR079C  	-0.510000	-1.000000	-1.290000	-1.030000	-0.840000	-0.740000	-0.690000	-0.300000
3645	YKR081C  	-0.740000	-1.600000	-2.320000	-0.340000	-1.470000	-1.120000	-0.560000	-0.430000
3655	YKR091W  	0.250000	0.770000	1.550000	1.850000	1.920000	1.810000	3.270000	1.240000
3656	YKR092C  	-0.670000	-1.400000	-1.940000	-1.840000	-1.290000	-1.120000	-0.640000	-0.320000
3663	YKR099W  	-1.320000	-2.000000	-2.000000	-1.890000	-1.510000	-1.290000	-1.120000	-0.620000
3674	YLL004W  	-0.420000	-0.890000	-1.430000	-0.580000	-0.430000	-0.220000	-0.690000	-0.180000
3678	YLL008W  	-1.150000	-2.320000	-3.640000	-3.320000	-2.250000	-1.560000	-0.760000	-0.300000
3681	YLL011W  	-0.860000	-1.430000	-1.740000	-1.470000	-1.220000	-1.060000	-0.790000	-0.540000
3693	YLL023C  	0.630000	1.070000	1.240000	1.400000	1.140000	0.920000	0.770000	0.500000
3694	YLL024C  	0.900000	1.310000	1.340000	0.770000	0.930000	0.880000	1.120000	1.140000
3696	YLL026W  	1.970000	2.970000	3.300000	2.690000	2.200000	1.840000	1.980000	1.930000
3698	YLL028W  	1.330000	1.120000	0.910000	0.960000	0.900000	0.610000	0.180000	0.320000
3704	YLL034C  	-0.620000	-1.480000	-1.580000	-1.650000	-1.410000	-1.060000	-0.760000	-0.400000
3705	YLL035W  	-0.640000	-1.690000	-1.840000	-1.360000	-0.970000	-0.760000	-0.070000	0.000000
3709	YLL039C  	0.750000	1.450000	1.850000	1.590000	1.450000	1.380000	1.610000	0.910000
3711	YLL041C  	0.850000	1.670000	1.150000	0.790000	0.620000	0.070000	-0.230000	-0.140000
3714	YLL044W  	0.300000	0.180000	-0.580000	-1.360000	-1.320000	-0.920000	-0.400000	-0.290000
3730	YLL060C  	1.310000	2.540000	2.910000	3.610000	3.850000	3.860000	3.480000	2.400000
3732	YLL062C  	1.130000	1.830000	1.960000	1.340000	1.420000	1.100000	0.680000	0.030000
3739	YLR002C  	-0.810000	-1.740000	-2.180000	-2.000000	-1.640000	-1.360000	-0.670000	-0.430000
3740	YLR003C  	-0.760000	-1.360000	-2.180000	-2.180000	-1.640000	-1.120000	-0.840000	-0.510000
3746	YLR009W  	-0.710000	-1.430000	-2.180000	-2.060000	-1.560000	-0.970000	-0.470000	-0.490000
3751	YLR014C  	-0.840000	-1.560000	-1.360000	-0.810000	-0.710000	-0.540000	-0.060000	0.030000
3766	YLR029C  	0.360000	0.560000	-0.450000	-1.320000	-1.600000	-1.120000	-0.760000	-0.540000
3779	YLR042C  	0.010000	0.060000	0.080000	0.560000	1.490000	2.100000	2.050000	1.900000
3785	YLR048W  	0.260000	0.080000	-0.810000	-1.430000	-1.470000	-1.250000	-0.970000	-0.470000
3788	YLR051C  	-0.970000	-1.180000	-1.600000	-1.320000	-1.220000	-0.640000	-0.430000	-0.470000
3793	YLR056W  	-0.010000	-1.290000	-2.560000	-2.060000	-1.180000	-0.430000	-0.270000	0.260000
3794	YLR057W  	-0.790000	-1.290000	-1.120000	-0.890000	-0.560000	-0.560000	-0.670000	-0.290000
3795	YLR058C  	-0.250000	-1.360000	-2.120000	-1.790000	-1.290000	-1.000000	-1.000000	-0.890000
3800	YLR063W  	-0.920000	-1.640000	-1.290000	-1.430000	-1.090000	-0.810000	-0.510000	-0.340000
3805	YLR068W  	-0.710000	-1.180000	-1.290000	-1.360000	-1.060000	-0.860000	-0.580000	-0.150000
3810	YLR073C  	-0.810000	-1.220000	-1.600000	-1.060000	-0.890000	-0.690000	-0.560000	-0.430000
3811	YLR074C  	-0.490000	-1.090000	-1.510000	-1.290000	-0.940000	-0.580000	0.150000	0.010000
3817	YLR080W  	0.290000	0.660000	1.570000	1.010000	1.420000	1.120000	0.960000	0.330000
3820	YLR083C  	-0.270000	-0.840000	-1.470000	-1.430000	-1.180000	-0.860000	-0.670000	-0.340000
3836	YLR099C  	0.560000	0.290000	-0.030000	0.000000	0.610000	0.540000	1.360000	1.500000
3841	YLR104W  	0.240000	0.330000	0.460000	0.440000	0.600000	0.720000	1.280000	0.880000
3845	YLR108C  	2.950000	2.400000	2.500000	1.880000	1.520000	1.290000	0.030000	1.160000
3846	YLR109W  	1.650000	2.080000	2.290000	2.250000	2.410000	1.940000	1.940000	1.310000
3857	YLR120C  	0.410000	0.460000	0.820000	1.230000	1.040000	1.140000	2.410000	1.180000
3858	YLR121C  	0.080000	0.380000	0.370000	0.900000	1.090000	1.220000	2.570000	1.260000
3867	YLR130C  	-0.400000	-1.000000	-1.470000	-1.150000	-1.060000	-0.860000	-0.510000	-0.790000
3869	YLR132C  	0.390000	0.980000	1.430000	1.100000	0.630000	0.410000	0.660000	0.310000
3886	YLR149C  	0.650000	1.810000	2.550000	1.990000	2.210000	1.370000	0.960000	0.330000
3889	YLR152C  	1.360000	1.980000	2.320000	1.670000	1.910000	1.400000	1.620000	0.880000
3912	YLR175W  	-0.740000	-1.250000	-2.250000	-2.180000	-1.600000	-1.150000	-0.580000	-0.300000
3914	YLR177W  	0.750000	1.070000	1.870000	1.430000	1.020000	0.380000	0.610000	0.330000
3915	YLR178C  	1.140000	2.720000	4.650000	4.070000	4.220000	3.520000	2.760000	1.410000
3923	YLR186W  	-0.030000	-0.450000	-1.290000	-0.560000	-0.860000	-0.790000	0.000000	-0.040000
3931	YLR194C  	0.150000	0.330000	0.390000	0.870000	0.480000	1.140000	3.330000	1.700000
3933	YLR196W  	-0.810000	-1.740000	-2.470000	-2.320000	-1.430000	-1.090000	-0.420000	-0.270000
3934	YLR197W  	-0.580000	-1.090000	-2.180000	-2.560000	-1.840000	-1.430000	-0.790000	-0.420000
3935	YLR198C  	-0.430000	-0.840000	-1.890000	-2.320000	-1.560000	-1.220000	-0.690000	-0.340000
3940	YLR203C  	0.380000	0.910000	1.240000	1.420000	1.320000	0.770000	0.310000	0.000000
3941	YLR204W  	0.420000	1.030000	1.340000	1.040000	0.930000	0.710000	0.580000	0.060000
3942	YLR205C  	0.070000	0.570000	0.890000	1.050000	1.410000	1.300000	1.280000	0.720000
3953	YLR216C  	1.010000	2.050000	2.460000	2.040000	1.550000	1.720000	1.860000	1.720000
3954	YLR217W  	0.820000	2.000000	2.250000	2.000000	1.670000	1.570000	1.740000	1.390000
3955	YLR218C  	0.520000	0.930000	1.230000	1.410000	0.590000	0.580000	0.100000	-0.170000
3958	YLR221C  	-0.640000	-1.180000	-2.120000	-1.890000	-1.690000	-1.220000	-0.690000	-0.420000
3959	YLR222C  	-0.890000	-1.840000	-2.180000	-2.060000	-1.470000	-1.180000	-0.710000	-0.420000
3960	YLR223C  	-1.560000	-1.600000	-1.690000	-1.690000	-1.150000	-1.030000	-0.670000	-0.600000
3965	YLR228C  	0.240000	-0.180000	-0.540000	-0.710000	-0.890000	-1.250000	-1.360000	-0.450000
3986	YLR249W  	-0.270000	-1.090000	-2.060000	-2.640000	-2.060000	-1.510000	-0.450000	-0.400000
3989	YLR252W  	0.700000	2.170000	2.120000	2.140000	1.990000	1.410000	1.340000	0.700000
3995	YLR258W  	1.830000	2.880000	3.580000	3.200000	2.750000	1.820000	1.000000	1.030000
3996	YLR259C  	0.870000	1.490000	1.950000	2.030000	1.940000	1.710000	1.400000	1.300000
4007	YLR270W  	0.900000	1.490000	2.450000	2.300000	2.450000	1.840000	1.700000	0.930000
4010	YLR273C  	-0.030000	0.530000	1.330000	1.460000	1.650000	1.160000	0.500000	0.060000
4013	YLR276C  	-0.890000	-1.640000	-2.560000	-1.790000	-1.640000	-1.290000	-0.840000	-0.430000
4037	YLR299W  	0.710000	1.910000	2.240000	1.950000	2.150000	1.760000	1.860000	1.170000
4041	YLR303W  	1.160000	2.150000	2.660000	2.780000	2.860000	2.910000	2.920000	2.010000
4042	YLR304C  	0.300000	0.300000	0.060000	0.010000	-0.060000	-0.710000	-1.180000	-1.560000
4066	YLR327C  	1.840000	4.720000	4.510000	4.090000	3.800000	3.420000	3.160000	2.260000
4075	YLR336C  	-1.090000	-1.740000	-1.790000	-1.840000	-1.320000	-1.090000	-0.890000	-0.290000
4077	YLR339C  	0.210000	-0.010000	-0.840000	-1.430000	-1.560000	-1.290000	-0.970000	-0.690000
4078	YLR340W  	0.390000	0.070000	-0.710000	-1.180000	-1.470000	-1.250000	-1.030000	-0.490000
4082	YLR344W  	0.510000	0.110000	-0.840000	-1.250000	-1.290000	-0.890000	-0.620000	-0.300000
4083	YLR345W  	0.690000	1.640000	1.640000	1.660000	1.500000	1.050000	0.820000	0.580000
4086	YLR348C  	0.310000	0.510000	1.550000	2.730000	3.500000	3.360000	2.860000	2.060000
4087	YLR349W  	-0.030000	0.290000	0.570000	1.980000	2.410000	2.630000	2.190000	1.610000
4092	YLR354C  	0.960000	1.450000	1.730000	1.870000	2.150000	1.990000	2.120000	1.640000
4093	YLR355C  	-0.090000	-0.640000	-1.360000	-1.090000	-0.640000	-0.690000	-0.740000	-0.640000
4094	YLR356W  	0.570000	1.040000	1.860000	1.830000	1.990000	1.550000	1.290000	0.710000
4097	YLR359W  	-0.300000	-0.760000	-1.740000	-1.790000	-1.360000	-1.250000	-1.030000	-0.760000
4105	YLR367W  	0.260000	0.250000	-0.510000	-1.150000	-1.360000	-1.030000	-0.690000	-0.300000
4113	YLR375W  	0.110000	0.070000	-0.070000	0.330000	0.460000	0.590000	1.430000	0.550000
4134	YLR397C  	-0.320000	-1.360000	-1.740000	-1.640000	-1.090000	-0.790000	-0.140000	-0.170000
4137	YLR400W  	-0.580000	-0.890000	-1.400000	-0.970000	-0.920000	-0.620000	-0.220000	-0.270000
4138	YLR401C  	-0.840000	-1.600000	-2.000000	-1.740000	-1.150000	-0.640000	-0.120000	-0.010000
4146	YLR409C  	-0.940000	-2.120000	-2.640000	-2.250000	-1.640000	-1.250000	-0.670000	-0.430000
4150	YLR413W  	-0.380000	-1.940000	-3.060000	-2.840000	-2.320000	-1.890000	-1.250000	-0.710000
4151	YLR414C  	0.070000	-0.040000	-0.070000	0.320000	0.380000	0.520000	1.450000	0.770000
4169	YLR432W  	0.010000	-0.470000	-1.250000	-1.510000	-1.250000	-0.890000	-0.120000	-0.070000
4172	YLR435W  	-0.690000	-1.220000	-1.890000	-1.690000	-1.510000	-0.860000	-0.640000	-0.290000
4175	YLR438W  	0.370000	0.930000	1.630000	1.900000	1.690000	1.140000	0.810000	0.820000
4178	YLR441C  	0.240000	0.120000	-0.670000	-1.400000	-1.430000	-1.180000	-0.710000	-0.510000
4185	YLR448W  	0.320000	0.000000	-0.840000	-1.320000	-1.290000	-0.840000	-0.710000	-0.340000
4186	YLR449W  	-0.740000	-1.400000	-2.060000	-2.640000	-2.000000	-1.510000	-0.840000	-0.620000
4197	YLR460C  	2.820000	2.810000	2.850000	2.520000	2.630000	2.640000	2.720000	3.230000
4208	YML004C  	0.320000	1.020000	1.560000	1.740000	1.800000	1.350000	1.440000	0.700000
4224	YML018C  	-0.490000	-0.890000	-1.600000	-1.250000	-0.890000	-0.690000	-0.540000	-0.600000
4234	YML028W  	1.280000	1.890000	2.060000	2.240000	2.130000	2.170000	2.110000	1.650000
4236	YML030W  	0.430000	0.960000	1.400000	1.210000	0.700000	0.690000	0.390000	-0.030000
4251	YML043C  	-1.250000	-0.970000	-1.470000	-1.250000	-0.920000	-0.640000	-0.760000	-0.490000
4262	YML054C  	0.080000	0.700000	0.860000	1.450000	0.900000	0.650000	0.540000	0.540000
4264	YML056C  	-0.010000	-0.690000	-1.600000	-2.180000	-1.510000	-1.060000	-0.180000	-0.170000
4269	YML060W  	-0.510000	-1.030000	-1.360000	-1.320000	-0.740000	-0.380000	-0.220000	-0.070000
4272	YML063W  	0.520000	0.510000	-0.340000	-1.120000	-1.360000	-1.090000	-0.670000	-0.620000
4279	YML070W  	0.370000	0.520000	1.140000	1.500000	1.620000	1.240000	1.310000	0.800000
4289	YML080W  	-0.920000	-1.400000	-1.690000	-1.470000	-1.120000	-0.760000	-0.620000	-0.340000
4299	YML090W  	1.040000	1.650000	0.440000	0.080000	-0.030000	-0.360000	-0.860000	-0.470000
4301	YML092C  	0.430000	0.840000	0.950000	1.010000	1.120000	1.040000	1.370000	0.530000
4302	YML093W  	-1.360000	-2.180000	-2.640000	-2.400000	-1.740000	-1.510000	-0.970000	-0.560000
4310	YML100W  	2.830000	3.290000	4.420000	4.200000	3.600000	2.610000	1.580000	1.710000
4322	YML110C  	0.340000	0.770000	1.370000	1.430000	1.610000	1.260000	1.060000	0.370000
4333	YML120C  	1.060000	1.290000	1.100000	1.060000	0.320000	0.240000	0.210000	0.150000
4336	YML123C  	-0.250000	-0.940000	-1.290000	-0.510000	0.120000	0.210000	-0.250000	-0.340000
4341	YML128C  	1.120000	3.190000	4.850000	5.280000	5.180000	4.490000	3.070000	1.810000
4343	YML130C  	0.800000	1.710000	2.080000	2.000000	2.320000	2.320000	3.020000	2.470000
4344	YML131W  	2.750000	3.660000	4.000000	3.820000	2.910000	3.340000	3.390000	2.810000
4347	YMR001C  	-0.510000	-0.320000	-0.320000	-0.490000	-0.450000	-0.810000	-1.360000	-0.340000
4348	YMR002W  	0.550000	1.140000	1.430000	1.540000	1.580000	1.110000	1.100000	0.630000
4355	YMR009W  	0.510000	1.260000	1.490000	1.380000	1.220000	1.340000	1.170000	0.760000
4360	YMR014W  	-1.250000	-1.320000	-2.060000	-2.060000	-1.400000	-1.220000	-0.920000	-0.580000
4366	YMR020W  	0.010000	0.390000	0.750000	1.010000	0.640000	0.960000	1.820000	0.860000
4379	YMR032W  	-0.260000	-0.230000	-0.050000	-0.130000	-0.300000	-0.540000	-1.340000	-0.620000
4385	YMR038C  	1.160000	1.540000	0.990000	0.820000	0.990000	1.030000	1.030000	1.020000
4387	YMR040W  	0.320000	0.690000	0.930000	1.020000	1.530000	1.820000	2.220000	1.590000
4388	YMR041C  	0.080000	0.440000	0.900000	1.240000	1.450000	0.900000	1.050000	0.710000
4396	YMR049C  	-0.970000	-2.180000	-2.740000	-2.840000	-2.120000	-1.690000	-0.940000	-0.510000
4406	YMR058W  	0.040000	-0.640000	-1.640000	-2.400000	-2.060000	-1.430000	-1.600000	-0.670000
4430	YMR081C  	0.360000	0.860000	1.590000	1.280000	0.990000	0.580000	1.990000	0.080000
4440	YMR090W  	1.480000	2.830000	4.210000	3.600000	3.950000	3.710000	3.770000	2.220000
4443	YMR093W  	-0.640000	-1.600000	-2.400000	-1.940000	-1.250000	-1.000000	-0.470000	-0.400000
4455	YMR105C  	1.910000	3.320000	4.170000	3.900000	3.220000	1.940000	0.650000	0.820000
4457	YMR107W  	-0.170000	-0.180000	0.990000	1.840000	1.290000	0.620000	-0.100000	-0.430000
4460	YMR110C  	0.600000	1.130000	1.510000	1.630000	1.580000	0.970000	0.950000	0.580000
4466	YMR116C  	0.280000	0.080000	-0.810000	-1.250000	-1.470000	-1.510000	-1.360000	-0.810000
4471	YMR120C  	-0.270000	-1.430000	-2.640000	-2.250000	-1.640000	-1.600000	-1.840000	-1.890000
4472	YMR121C  	0.450000	0.650000	-0.200000	-1.120000	-1.400000	-0.920000	-0.470000	-0.430000
4479	YMR128W  	-1.290000	-2.230000	-1.930000	-2.160000	-1.960000	-1.600000	-1.090000	-0.730000
4482	YMR131C  	-0.340000	-1.000000	-2.180000	-2.120000	-1.690000	-1.000000	-0.490000	-0.340000
4491	YMR139W  	0.760000	1.180000	1.480000	1.230000	0.820000	0.570000	0.770000	0.300000
4504	YMR152W  	0.400000	0.990000	1.460000	1.410000	1.520000	0.960000	0.690000	0.390000
4523	YMR169C  	0.050000	0.460000	1.150000	1.470000	1.600000	1.090000	0.900000	0.840000
4524	YMR170C  	0.150000	0.730000	1.930000	3.180000	3.120000	2.480000	1.750000	0.930000
4528	YMR173W  	1.720000	2.280000	2.550000	2.420000	2.650000	2.460000	2.900000	2.450000
4529	YMR173W-A	1.600000	2.310000	2.480000	2.350000	2.560000	2.240000	2.850000	2.040000
4530	YMR174C  	0.420000	0.800000	1.130000	1.310000	1.090000	1.010000	0.950000	0.350000
4537	YMR181C  	0.370000	0.550000	1.300000	1.080000	1.060000	0.830000	1.120000	0.580000
4540	YMR184W  	0.280000	0.930000	1.200000	1.410000	1.850000	2.060000	2.080000	1.780000
4541	YMR185W  	-1.000000	-1.740000	-2.400000	-1.600000	-1.250000	-0.860000	-0.320000	0.120000
4542	YMR186W  	0.770000	1.370000	1.740000	1.410000	1.570000	1.160000	1.180000	1.450000
4547	YMR191W  	0.070000	0.000000	0.860000	1.150000	1.350000	1.310000	1.380000	1.130000
4552	YMR195W  	1.030000	1.240000	1.900000	1.840000	1.620000	1.200000	0.930000	0.280000
4553	YMR196W  	0.600000	1.830000	3.070000	3.120000	3.020000	2.140000	1.440000	0.530000
4554	YMR197C  	0.300000	0.960000	1.550000	1.600000	1.460000	1.140000	0.650000	0.260000
4571	YMR214W  	0.110000	0.200000	0.380000	0.070000	0.940000	1.020000	1.260000	1.270000
4574	YMR217W  	-0.120000	-0.860000	-2.560000	-3.320000	-2.740000	-1.690000	-0.640000	-0.170000
4583	YMR226C  	0.440000	0.700000	0.910000	0.930000	0.860000	0.920000	1.320000	0.760000
4586	YMR229C  	-0.850000	-1.770000	-2.630000	-4.320000	-2.100000	-1.900000	-0.880000	-0.780000
4596	YMR239C  	-1.120000	-2.120000	-2.470000	-2.000000	-1.840000	-1.560000	-1.120000	-0.690000
4599	YMR242C  	0.410000	0.290000	-0.740000	-1.400000	-1.320000	-0.970000	-0.600000	-0.450000
4604	YMR246W  	-0.230000	-1.220000	-2.180000	-2.060000	-1.640000	-1.090000	-0.170000	0.120000
4606	YMR250W  	1.330000	2.900000	3.890000	4.120000	3.850000	2.950000	2.100000	1.160000
4607	YMR251W  	0.780000	1.620000	2.040000	2.350000	2.340000	2.060000	1.740000	0.740000
4608	YMR251W-A	1.140000	2.320000	2.510000	2.920000	2.770000	2.490000	2.100000	1.260000
4616	YMR259C  	-0.690000	-1.430000	-1.400000	-1.470000	-1.150000	-1.060000	-0.810000	-0.290000
4626	YMR269W  	-1.060000	-1.790000	-2.060000	-1.740000	-1.640000	-1.220000	-0.890000	-0.380000
4633	YMR276W  	0.980000	0.900000	0.800000	0.180000	1.020000	1.360000	1.500000	0.760000
4647	YMR290C  	-0.490000	-1.430000	-2.470000	-2.400000	-1.890000	-1.220000	-0.320000	-0.250000
4649	YMR291W  	1.070000	0.600000	1.370000	1.460000	1.140000	0.690000	0.990000	0.620000
4656	YMR297W  	0.420000	0.820000	1.300000	1.860000	1.980000	1.990000	1.910000	1.240000
4661	YMR302C  	0.310000	0.700000	1.500000	1.200000	1.260000	0.890000	0.980000	0.590000
4664	YMR304W  	0.380000	0.720000	1.300000	0.880000	1.140000	0.580000	0.360000	0.230000
4665	YMR305C  	0.030000	-0.200000	-0.790000	-0.470000	0.100000	0.660000	1.210000	1.320000
4670	YMR309C  	-0.230000	-0.940000	-1.400000	-1.320000	-0.940000	-1.000000	-0.340000	-0.620000
4671	YMR310C  	-0.420000	-1.150000	-1.640000	-1.640000	-1.180000	-0.810000	-0.360000	-0.150000
4675	YMR314W  	0.550000	1.140000	1.310000	1.230000	0.930000	1.190000	1.280000	0.720000
4679	YMR316W  	0.030000	0.550000	0.550000	0.860000	-0.070000	0.860000	2.790000	1.730000
4681	YMR318C  	1.680000	2.440000	2.780000	3.090000	2.910000	2.950000	2.940000	2.260000
4684	YMR321C  	0.200000	0.080000	-0.810000	-1.320000	-1.030000	-0.810000	-0.470000	-0.200000
4691	YNL002C  	-0.710000	-1.640000	-2.560000	-2.470000	-1.740000	-1.120000	-0.430000	-0.420000
4696	YNL007C  	1.610000	2.460000	1.910000	1.230000	1.060000	0.970000	1.250000	1.670000
4702	YNL013C  	0.040000	-0.510000	-1.360000	-1.890000	-1.690000	-1.220000	-0.320000	-0.300000
4703	YNL014W  	-0.200000	-0.400000	-1.090000	-1.360000	-1.220000	-1.000000	-0.300000	-0.560000
4704	YNL015W  	0.860000	1.650000	2.230000	2.970000	2.080000	2.710000	2.750000	1.770000
4711	YNL022C  	-0.790000	-1.250000	-1.740000	-1.470000	-1.060000	-0.840000	-0.400000	-0.270000
4712	YNL023C  	-0.620000	-1.290000	-1.090000	-0.790000	-0.710000	-0.470000	0.010000	0.190000
4725	YNL036W  	0.640000	1.570000	2.040000	1.380000	1.320000	0.760000	0.390000	0.200000
4744	YNL055C  	0.770000	1.300000	1.500000	1.590000	1.410000	1.280000	1.020000	0.870000
4749	YNL061W  	-0.860000	-1.690000	-2.640000	-2.320000	-1.790000	-1.150000	-0.600000	-0.180000
4750	YNL062C  	-0.600000	-1.250000	-1.890000	-1.430000	-0.810000	-0.320000	0.000000	0.160000
4752	YNL064C  	0.570000	1.270000	1.100000	0.390000	0.600000	0.880000	0.990000	0.930000
4753	YNL065W  	-1.400000	-1.640000	-2.320000	-1.640000	-1.470000	-1.290000	-0.450000	-0.340000
4761	YNL073W  	0.370000	0.790000	1.460000	1.100000	1.050000	0.410000	0.630000	0.060000
4763	YNL075W  	-0.690000	-1.180000	-2.000000	-1.430000	-1.290000	-1.000000	-0.450000	-0.170000
4769	YNL081C  	0.500000	1.030000	1.280000	1.160000	0.360000	0.700000	0.560000	0.150000
4770	YNL082W  	-0.710000	-0.490000	-0.540000	1.620000	-0.360000	-0.150000	-0.710000	-0.300000
4775	YNL087W  	-0.290000	-0.890000	-1.430000	-2.400000	-1.940000	-1.740000	-1.320000	-0.600000
4790	YNL102W  	-0.450000	-0.680000	-0.960000	-1.290000	-0.640000	-0.360000	-0.610000	-0.700000
4798	YNL110C  	-1.030000	-2.000000	-2.560000	-2.400000	-1.890000	-1.510000	-0.810000	-0.540000
4800	YNL112W  	-0.560000	-1.790000	-2.840000	-2.470000	-2.470000	-1.790000	-0.070000	-0.290000
4801	YNL113W  	-0.070000	-0.890000	-1.560000	-1.430000	-0.920000	-0.360000	-0.040000	0.000000
4802	YNL114C  	-0.380000	-1.090000	-1.790000	-1.470000	-0.970000	-0.430000	-0.070000	0.010000
4803	YNL115C  	0.460000	0.700000	1.250000	1.450000	1.320000	0.940000	0.750000	0.620000
4808	YNL120C  	-0.690000	-1.360000	-1.600000	-1.560000	-1.290000	-0.920000	-0.690000	-0.450000
4812	YNL124W  	-0.760000	-1.600000	-1.790000	-1.690000	-1.290000	-0.890000	0.060000	-0.180000
4813	YNL125C  	0.620000	0.790000	1.320000	1.530000	1.230000	0.700000	-0.090000	0.400000
4820	YNL132W  	-0.840000	-2.120000	-2.740000	-3.060000	-2.250000	-1.690000	-0.560000	-0.300000
4822	YNL134C  	3.640000	4.290000	4.660000	4.470000	4.580000	4.170000	4.570000	4.160000
4829	YNL141W  	-0.640000	-2.320000	-3.470000	-3.320000	-2.940000	-2.000000	-0.640000	-0.420000
4843	YNL155W  	0.240000	1.130000	1.870000	1.650000	1.570000	1.380000	1.230000	0.700000
4844	YNL156C  	0.330000	1.000000	1.290000	1.280000	1.450000	1.160000	1.250000	0.580000
4848	YNL160W  	1.150000	2.130000	2.960000	3.340000	3.030000	2.620000	2.300000	0.890000
4861	YNL173C  	0.880000	1.480000	1.660000	1.530000	1.330000	1.200000	0.720000	0.620000
4862	YNL174W  	-0.840000	-1.600000	-2.840000	-2.640000	-2.400000	-1.740000	-1.150000	-0.600000
4863	YNL175C  	-0.560000	-1.400000	-2.560000	-2.640000	-2.250000	-1.560000	-1.120000	-0.510000
4866	YNL178W  	0.420000	0.540000	-0.420000	-1.430000	-1.600000	-1.090000	-0.690000	-0.270000
4870	YNL182C  	-0.940000	-2.120000	-2.840000	-2.250000	-1.840000	-1.120000	-0.640000	-0.450000
4874	YNL186W  	-0.970000	-1.360000	-1.740000	-1.470000	-0.840000	-0.670000	-0.360000	-0.300000
4880	YNL192W  	-0.380000	-0.540000	-0.320000	-0.180000	0.340000	0.140000	1.760000	0.410000
4882	YNL194C  	-0.220000	1.270000	2.960000	3.070000	2.120000	1.040000	0.280000	0.030000
4883	YNL195C  	0.160000	1.380000	2.700000	2.580000	1.960000	0.900000	0.600000	-0.070000
4888	YNL200C  	0.830000	1.510000	1.880000	2.370000	2.340000	1.880000	1.520000	0.810000
4890	YNL202W  	-0.120000	0.330000	0.870000	1.510000	1.980000	2.000000	2.000000	1.020000
4891	YNL203C  	-0.150000	-0.090000	0.710000	1.290000	1.160000	1.310000	1.520000	0.870000
4896	YNL208W  	1.160000	2.170000	2.700000	2.460000	3.970000	4.100000	4.100000	2.860000
4905	YNL217W  	0.040000	-0.340000	-1.180000	-1.430000	-1.400000	-1.120000	-0.100000	-0.360000
4908	YNL220W  	0.030000	-0.560000	-1.360000	-1.360000	-1.060000	-1.030000	-0.540000	-1.120000
4914	YNL226W  	-1.150000	-1.510000	-1.120000	-0.970000	-1.030000	-0.760000	-0.890000	-0.420000
4915	YNL227C  	-0.970000	-1.640000	-1.060000	-1.560000	-1.220000	-0.890000	-1.090000	-0.340000
4916	YNL228W  	-1.150000	-1.690000	-1.790000	-1.940000	-1.250000	-0.710000	-1.000000	-0.150000
4922	YNL234W  	-0.450000	-0.670000	-0.430000	0.120000	0.380000	0.580000	1.690000	0.590000
4927	YNL239W  	0.500000	0.490000	0.840000	1.290000	1.510000	1.420000	1.240000	0.800000
4929	YNL241C  	1.770000	2.010000	2.330000	2.450000	2.200000	1.790000	1.390000	0.870000
4936	YNL248C  	-0.490000	-1.320000	-2.400000	-2.120000	-1.510000	-0.840000	-0.220000	-0.290000
4962	YNL274C  	2.020000	3.760000	4.620000	4.510000	4.180000	3.820000	2.970000	2.120000
4964	YNL276C  	0.860000	1.100000	1.210000	1.290000	1.570000	1.220000	0.440000	0.420000
4984	YNL296W  	-0.470000	-1.290000	-0.560000	-0.220000	-0.320000	-0.810000	-0.400000	-0.560000
4987	YNL299W  	-0.940000	-1.940000	-1.640000	-1.600000	-1.250000	-1.000000	-0.860000	-0.300000
4990	YNL302C  	-1.360000	0.170000	-0.470000	-0.600000	-1.010000	-1.270000	-1.200000	-0.600000
4991	YNL303W  	0.290000	0.200000	-0.640000	-1.320000	-1.470000	-1.120000	-0.970000	-0.970000
4993	YNL305C  	0.780000	1.390000	1.560000	1.770000	1.570000	1.230000	0.980000	0.680000
4996	YNL308C  	-1.400000	-2.320000	-3.180000	-2.940000	-2.000000	-1.600000	-0.970000	-0.450000
5001	YNL313C  	-0.640000	-1.600000	-2.250000	-1.940000	-1.430000	-1.030000	-0.790000	-0.320000
5019	YNL331C  	0.940000	1.900000	2.300000	2.470000	2.470000	2.600000	2.310000	2.010000
5021	YNL333W  	0.040000	0.410000	0.450000	0.570000	0.960000	1.170000	1.520000	1.360000
5028	YNR001C  	0.620000	1.570000	1.570000	1.480000	1.220000	0.440000	0.280000	-0.230000
5029	YNR002C  	0.190000	0.770000	1.560000	2.350000	1.330000	0.360000	0.340000	0.160000
5030	YNR003C  	-0.490000	-0.860000	-1.690000	-1.510000	-1.470000	-0.920000	-0.400000	-0.030000
5036	YNR009W  	-0.150000	-0.180000	-0.230000	-0.510000	-0.430000	-0.540000	-1.360000	-0.150000
5039	YNR012W  	-0.450000	-1.510000	-2.000000	-1.790000	-1.400000	-0.860000	-0.380000	-0.150000
5041	YNR014W  	1.180000	1.630000	2.690000	1.690000	1.640000	0.740000	0.570000	0.250000
5063	YNR036C  	0.630000	1.120000	1.270000	1.440000	0.840000	0.930000	0.680000	0.340000
5065	YNR038W  	-0.340000	-1.250000	-1.470000	-1.400000	-0.940000	-0.790000	-0.340000	-0.180000
5080	YNR053C  	-1.360000	-2.180000	-2.940000	-2.320000	-2.060000	-1.290000	-0.740000	-0.740000
5081	YNR054C  	-0.670000	-1.400000	-1.690000	-1.840000	-1.220000	-0.970000	-0.560000	-0.220000
5106	YOL002C  	-0.250000	-0.690000	-1.320000	-1.220000	-1.290000	-0.810000	-0.030000	0.040000
5114	YOL010W  	-0.710000	-1.600000	-2.180000	-1.740000	-1.320000	-0.640000	-0.120000	-0.150000
5118	YOL014W  	-0.220000	-0.470000	-1.120000	-1.600000	-1.790000	-1.690000	-0.940000	-1.430000
5120	YOL016C  	0.520000	1.000000	1.240000	1.240000	0.780000	0.820000	2.310000	1.210000
5126	YOL022C  	-0.360000	-0.790000	-1.690000	-1.600000	-1.250000	-0.760000	-0.150000	0.080000
5135	YOL031C  	0.190000	0.320000	1.120000	1.340000	1.760000	1.940000	2.220000	2.010000
5136	YOL032W  	0.700000	1.750000	1.890000	1.350000	1.180000	1.380000	1.100000	0.930000
5142	YOL038W  	0.290000	0.940000	1.240000	1.180000	1.340000	1.370000	1.210000	0.750000
5145	YOL041C  	-0.310000	-1.790000	-1.180000	-2.320000	-1.260000	-1.010000	-0.730000	-0.610000
5152	YOL048C  	0.500000	1.500000	1.120000	1.000000	1.290000	0.770000	0.540000	0.190000
5157	YOL053W  	0.420000	1.370000	1.650000	0.890000	1.160000	0.860000	0.400000	0.190000
5175	YOL071W  	0.540000	1.180000	1.340000	1.280000	1.340000	1.210000	0.960000	0.330000
5180	YOL077C  	-0.290000	-1.180000	-2.740000	-2.840000	-2.400000	-1.430000	-0.810000	-0.540000
5182	YOL079W  	-1.000000	-1.470000	-1.600000	-1.220000	-1.360000	-1.030000	-0.670000	-0.740000
5183	YOL080C  	-0.710000	-1.250000	-1.290000	-1.430000	-1.120000	-0.890000	-0.600000	-0.400000
5185	YOL082W  	0.550000	1.400000	1.840000	1.790000	1.480000	1.100000	0.800000	0.750000
5195	YOL092W  	0.030000	-0.810000	-1.400000	-1.400000	-1.000000	-0.710000	-0.490000	-0.150000
5200	YOL097C  	-0.030000	-0.300000	-0.790000	-1.290000	-1.090000	-1.320000	-0.670000	-0.430000
5204	YOL101C  	-0.790000	-1.740000	-2.250000	-1.940000	-1.940000	-1.740000	0.390000	0.550000
5207	YOL104C  	-0.220000	-0.340000	-0.380000	-0.070000	0.460000	0.540000	1.320000	1.040000
5212	YOL109W  	0.520000	0.280000	-0.760000	-1.740000	-1.600000	-0.920000	-0.120000	0.230000
5222	YOL119C  	1.140000	1.560000	1.670000	1.950000	2.390000	2.070000	1.560000	1.320000
5226	YOL123W  	-0.360000	-0.200000	-0.640000	-1.290000	-1.150000	-1.180000	-0.890000	-0.120000
5227	YOL124C  	-0.890000	-1.690000	-2.250000	-1.600000	-1.360000	-0.670000	-0.380000	0.110000
5228	YOL125W  	-0.710000	-1.400000	-2.180000	-1.690000	-1.470000	-0.810000	-0.250000	-0.140000
5229	YOL126C  	-0.320000	-0.710000	-0.690000	-0.710000	-0.890000	-1.600000	-1.790000	-0.510000
5244	YOL141W  	-1.150000	-1.180000	-1.940000	-0.860000	-1.320000	-1.060000	-0.180000	-0.230000
5253	YOL150C  	3.420000	4.270000	3.760000	3.010000	2.670000	2.980000	2.900000	2.770000
5254	YOL151W  	3.490000	4.190000	3.860000	3.190000	3.380000	3.030000	3.070000	2.730000
5255	YOL152W  	0.740000	0.700000	0.610000	1.040000	1.370000	1.210000	0.810000	1.120000
5256	YOL153C  	0.510000	1.360000	1.890000	1.850000	1.770000	1.370000	0.780000	0.580000
5259	YOL156W  	0.890000	0.830000	1.010000	1.310000	1.180000	0.770000	1.300000	0.760000
5268	YOL165C  	0.900000	1.900000	1.970000	2.590000	3.050000	3.130000	3.040000	2.210000
5270	YOR001W  	-0.640000	-1.430000	-1.840000	-1.840000	-1.400000	-1.180000	-0.600000	-0.420000
5273	YOR004W  	-0.840000	-2.060000	-2.740000	-2.740000	-2.120000	-1.560000	-0.740000	-0.560000
5276	YOR007C  	0.430000	1.210000	1.500000	1.490000	1.600000	1.560000	1.680000	1.390000
5290	YOR020C  	1.110000	2.010000	2.350000	2.470000	2.290000	2.100000	1.730000	1.180000
5291	YOR021C  	-0.170000	-0.340000	-1.150000	-1.560000	-1.290000	-0.790000	-0.360000	-0.200000
5297	YOR027W  	1.150000	1.900000	2.200000	1.510000	1.380000	1.340000	1.240000	1.320000
5298	YOR028C  	2.080000	2.500000	1.790000	1.590000	0.940000	-0.120000	-0.490000	-0.320000
5306	YOR036W  	0.580000	1.050000	1.260000	0.820000	0.830000	0.810000	1.370000	0.430000
5314	YOR044W  	0.100000	0.110000	1.430000	0.010000	0.230000	0.260000	0.810000	0.000000
5317	YOR047C  	-0.490000	-0.860000	-1.290000	-0.970000	-0.920000	-0.790000	-0.400000	-0.400000
5319	YOR049C  	1.610000	1.570000	0.720000	0.190000	-0.250000	-0.200000	-0.320000	-0.340000
5322	YOR052C  	1.320000	2.230000	2.630000	2.240000	1.950000	1.890000	2.000000	1.270000
5326	YOR056C  	-0.860000	-1.290000	-2.000000	-0.970000	-1.290000	-1.030000	-0.580000	-0.040000
5329	YOR059C  	0.110000	0.960000	1.400000	1.380000	1.280000	1.340000	1.660000	0.760000
5333	YOR063W  	0.440000	0.140000	-0.620000	-1.360000	-1.250000	-0.940000	-0.420000	-0.400000
5348	YOR078W  	-0.740000	-1.180000	-1.470000	-1.360000	-0.970000	-0.760000	-0.640000	-0.090000
5361	YOR091W  	-0.560000	-1.320000	-2.060000	-1.740000	-1.290000	-0.760000	-0.540000	-0.060000
5365	YOR095C  	-0.270000	-1.030000	-2.400000	-2.470000	-2.120000	-0.970000	-0.490000	-0.300000
5387	YOR117W  	0.400000	0.910000	1.120000	1.160000	1.290000	1.140000	1.290000	0.650000
5389	YOR119C  	-1.060000	-1.560000	-1.290000	-1.360000	-1.060000	-0.840000	-0.790000	-0.430000
5390	YOR120W  	0.950000	2.520000	3.000000	3.020000	2.830000	2.540000	2.370000	1.010000
5391	YOR121C  	0.630000	1.790000	2.110000	2.210000	2.060000	1.980000	1.490000	0.210000
5403	YOR133W  	-0.010000	-0.560000	-1.180000	-1.320000	-1.120000	-0.920000	-0.510000	-0.430000
5404	YOR134W  	-0.070000	0.570000	0.790000	0.780000	1.320000	1.110000	3.680000	0.590000
5407	YOR137C  	0.120000	0.420000	0.500000	0.710000	0.780000	0.440000	1.300000	0.580000
5412	YOR142W  	0.380000	0.950000	1.300000	1.410000	1.290000	0.930000	0.480000	0.370000
5415	YOR145C  	-0.740000	-1.600000	-2.400000	-1.740000	-1.600000	-0.810000	-0.320000	-0.290000
5416	YOR146W  	-0.690000	-1.470000	-2.060000	-1.890000	-1.470000	-0.920000	-0.510000	-0.400000
5425	YOR155C  	0.140000	0.850000	1.040000	1.040000	1.320000	1.040000	0.980000	0.290000
5427	YOR157C  	0.490000	1.130000	1.300000	1.320000	1.430000	1.470000	1.240000	0.700000
5431	YOR161C  	1.080000	2.100000	2.790000	2.730000	2.300000	1.610000	0.250000	0.330000
5443	YOR173W  	0.640000	1.650000	2.100000	1.610000	1.530000	3.010000	1.040000	1.370000
5448	YOR178C  	0.500000	0.960000	1.540000	1.210000	-0.030000	-0.490000	-0.470000	-0.400000
5455	YOR185C  	0.620000	0.960000	1.420000	1.510000	1.990000	1.740000	1.950000	0.960000
5476	YOR206W  	-0.810000	-1.940000	-2.840000	-2.740000	-1.840000	-1.360000	-0.840000	-0.430000
5478	YOR208W  	0.110000	0.140000	0.390000	0.520000	0.770000	0.390000	1.440000	0.620000
5485	YOR215C  	0.250000	1.030000	1.410000	1.210000	1.100000	0.800000	0.290000	0.100000
5490	YOR220W  	0.910000	1.400000	1.680000	1.570000	1.390000	0.980000	2.070000	1.190000
5494	YOR224C  	0.190000	-0.250000	-0.920000	-1.360000	-0.970000	-0.740000	-0.740000	-0.200000
5495	YOR225W  	2.010000	1.910000	1.210000	0.800000	0.990000	1.110000	0.510000	0.890000
5496	YOR226C  	2.190000	2.030000	1.460000	1.010000	1.200000	1.140000	0.590000	1.120000
5513	YOR243C  	-0.640000	-1.150000	-1.940000	-1.740000	-1.150000	-0.840000	-0.510000	-0.230000
5522	YOR252W  	-0.540000	-1.090000	-1.510000	-0.970000	-1.120000	-0.810000	-2.250000	-0.320000
5529	YOR259C  	0.100000	0.680000	1.110000	1.070000	1.320000	1.220000	0.900000	0.760000
5541	YOR271C  	-0.010000	-0.600000	-1.180000	-1.400000	-0.690000	-0.430000	0.320000	0.160000
5542	YOR272W  	-0.400000	-1.470000	-2.560000	-2.470000	-1.640000	-1.030000	-0.400000	0.030000
5543	YOR273C  	2.630000	2.140000	2.090000	1.630000	1.410000	0.620000	1.220000	0.750000
5557	YOR287C  	-1.250000	-1.690000	-2.120000	-1.940000	-1.640000	-1.430000	-0.970000	-0.430000
5558	YOR288C  	0.290000	0.440000	0.900000	1.090000	1.060000	1.240000	1.630000	1.080000
5559	YOR289W  	0.370000	1.650000	2.150000	2.450000	2.490000	2.280000	2.380000	1.600000
5563	YOR293W  	0.360000	0.280000	-0.600000	-1.220000	-1.320000	-0.970000	-0.840000	-0.620000
5564	YOR294W  	-0.790000	-1.890000	-2.400000	-2.180000	-1.560000	-1.090000	-0.430000	-0.220000
5568	YOR298W  	0.770000	1.370000	0.320000	0.320000	0.110000	-0.200000	0.330000	0.450000
5573	YOR303W  	-0.230000	-1.320000	-2.320000	-1.940000	-1.250000	-0.450000	0.680000	0.730000
5577	YOR306C  	-0.690000	-1.290000	-1.640000	-1.400000	-1.220000	-1.000000	0.280000	-0.230000
5580	YOR309C  	-0.640000	-1.180000	-2.400000	-2.640000	-1.740000	-1.250000	-0.710000	-0.430000
5581	YOR310C  	-0.510000	-1.320000	-2.320000	-2.640000	-1.790000	-1.360000	-0.890000	-0.430000
5583	YOR312C  	0.550000	0.200000	-0.540000	-1.360000	-1.320000	-1.030000	-0.840000	-0.420000
5584	YOR313C  	-0.470000	-0.970000	-1.250000	-1.000000	-1.470000	-1.600000	-1.640000	-2.400000
5586	YOR315W  	0.080000	-0.710000	-1.180000	-1.430000	-0.860000	-1.000000	-1.220000	-0.430000
5606	YOR335C  	-0.170000	-0.890000	-1.250000	-1.640000	-1.290000	-0.920000	-0.620000	-0.420000
5608	YOR337W  	-0.940000	-1.740000	-1.790000	-1.510000	-1.150000	-0.600000	-0.140000	-0.220000
5609	YOR338W  	-0.620000	-0.740000	-0.710000	-0.060000	0.390000	0.460000	2.320000	0.420000
5611	YOR340C  	-0.580000	-1.510000	-2.470000	-2.120000	-1.840000	-0.740000	-0.640000	-0.300000
5612	YOR341W  	-0.640000	-1.740000	-1.940000	-1.430000	-1.290000	-1.290000	-0.600000	-0.510000
5618	YOR347C  	0.880000	1.460000	2.270000	2.290000	2.140000	1.820000	1.450000	0.780000
5633	YOR362C  	0.660000	1.280000	1.500000	1.550000	1.320000	1.430000	1.430000	0.700000
5640	YOR369C  	0.500000	0.590000	-0.250000	-0.970000	-1.400000	-1.250000	-0.860000	-0.600000
5645	YOR374W  	2.630000	3.970000	4.720000	5.150000	4.680000	4.160000	3.140000	1.840000
5653	YOR382W  	0.510000	1.810000	1.950000	2.720000	2.440000	2.630000	2.410000	2.060000
5654	YOR383C  	0.210000	0.570000	0.880000	1.410000	1.310000	1.190000	1.050000	1.050000
5656	YOR385W  	-0.100000	0.100000	-0.120000	-0.320000	0.040000	0.110000	2.120000	1.000000
5669	YPL004C  	1.300000	2.050000	2.380000	2.430000	2.130000	1.420000	0.790000	0.330000
5677	YPL012W  	-0.340000	-1.560000	-1.390000	-1.910000	-2.640000	-1.000000	-0.440000	-0.640000
5679	YPL014W  	0.240000	0.340000	0.860000	0.540000	0.440000	0.260000	2.510000	0.010000
5686	YPL021W  	-0.120000	0.190000	0.080000	0.180000	-0.340000	-0.380000	0.710000	-1.510000
5697	YPL032C  	-0.040000	-0.110000	-0.210000	-0.300000	-0.400000	-0.790000	-1.600000	-0.430000
5708	YPL043W  	-1.430000	-2.250000	-2.470000	-2.640000	-2.000000	-1.470000	-1.090000	-0.790000
5709	YPL044C  	-1.320000	-2.000000	-2.470000	-1.600000	-1.640000	-1.640000	-1.220000	-0.690000
5719	YPL054W  	0.770000	2.110000	2.820000	1.740000	1.840000	1.040000	0.610000	0.390000
5726	YPL061W  	2.490000	2.910000	2.960000	2.980000	3.100000	2.740000	1.710000	2.100000
5751	YPL086C  	-0.230000	-0.970000	-1.470000	-1.600000	-1.290000	-0.970000	-0.690000	-0.320000
5752	YPL087W  	0.400000	1.290000	0.820000	1.760000	1.610000	1.220000	1.620000	0.490000
5753	YPL088W  	0.040000	0.030000	0.160000	0.580000	0.720000	1.480000	2.890000	1.410000
5755	YPL090C  	0.370000	0.480000	-0.300000	-1.120000	-1.400000	-0.970000	-0.920000	-0.640000
5756	YPL091W  	0.870000	1.230000	1.290000	1.270000	1.180000	0.790000	0.600000	0.450000
5758	YPL093W  	-0.510000	-2.250000	-1.850000	-1.540000	-1.420000	-1.430000	-0.330000	-0.910000
5778	YPL113C  	0.200000	1.040000	1.500000	1.480000	1.200000	0.640000	-0.010000	-0.100000
5779	YPL114W  	0.300000	1.120000	1.290000	0.990000	1.110000	0.330000	-0.400000	-0.220000
5784	YPL119C  	0.450000	0.710000	0.970000	1.370000	1.260000	0.770000	0.830000	0.200000
5788	YPL123C  	0.580000	1.410000	1.370000	1.650000	1.260000	0.880000	0.230000	0.140000
5791	YPL126W  	-0.620000	-2.000000	-2.320000	-2.060000	-1.940000	-1.220000	-0.270000	-0.340000
5796	YPL131W  	0.230000	0.010000	-0.890000	-1.600000	-1.510000	-1.120000	-0.640000	-0.420000
5811	YPL146C  	-1.250000	-1.630000	-2.190000	-2.000000	-1.620000	-1.450000	-1.200000	-0.740000
5814	YPL149W  	-0.180000	0.220000	0.200000	0.430000	0.650000	0.780000	1.610000	0.940000
5819	YPL154C  	0.810000	1.580000	2.090000	2.500000	2.530000	2.340000	2.100000	1.310000
5836	YPL171C  	0.520000	1.640000	1.720000	1.590000	1.510000	1.370000	1.290000	1.040000
5848	YPL183C  	-0.740000	-1.470000	-1.640000	-1.600000	-1.300000	-1.290000	-0.730000	-0.810000
5850	YPL185W  	-0.040000	0.930000	1.210000	1.810000	1.230000	0.820000	0.250000	-0.450000
5851	YPL186C  	0.440000	1.820000	2.310000	3.280000	2.210000	1.990000	1.460000	0.450000
5861	YPL196W  	0.670000	1.370000	1.250000	1.370000	0.980000	0.760000	0.760000	0.410000
5872	YPL207W  	-0.350000	-1.170000	-1.270000	-1.890000	-1.560000	-1.120000	-0.920000	-0.200000
5876	YPL211W  	-0.120000	-0.990000	-2.060000	-2.320000	-1.840000	-1.270000	-0.550000	-0.210000
5877	YPL212C  	-0.250000	-0.720000	-1.190000	-1.300000	-0.940000	-0.750000	-0.770000	-0.200000
5882	YPL217C  	-1.430000	-2.060000	-2.000000	-2.520000	-1.670000	-1.890000	-0.910000	-0.800000
5885	YPL220W  	0.340000	0.240000	-0.590000	-1.250000	-1.540000	-1.150000	-0.780000	-0.420000
5888	YPL223C  	-0.090000	0.190000	0.240000	1.370000	1.760000	1.450000	1.090000	0.070000
5891	YPL226W  	-0.320000	-1.290000	-1.930000	-1.930000	-1.480000	-1.040000	-0.360000	-0.590000
5895	YPL230W  	0.680000	1.350000	3.010000	2.690000	1.990000	1.100000	0.790000	0.450000
5905	YPL240C  	0.990000	1.720000	2.210000	1.700000	1.770000	1.330000	1.380000	1.670000
5912	YPL247C  	1.140000	1.410000	2.000000	1.870000	1.520000	0.980000	1.230000	0.510000
5915	YPL250C  	1.410000	1.020000	1.330000	0.730000	0.860000	0.930000	0.520000	0.230000
5928	YPL263C  	-0.400000	-0.840000	-1.600000	-1.740000	-1.570000	-1.200000	-0.940000	-0.410000
5930	YPL265W  	0.350000	0.880000	1.570000	1.880000	1.770000	0.900000	-0.300000	-0.420000
5931	YPL266W  	-0.220000	-0.790000	-1.920000	-1.790000	-1.740000	-1.100000	-0.460000	-0.090000
5938	YPL273W  	0.210000	-0.030000	-0.860000	-1.430000	-1.120000	-0.910000	-0.440000	-0.240000
5958	YPR010C  	-0.480000	-1.460000	-1.900000	-2.150000	-1.740000	-1.270000	-0.660000	-0.540000
5974	YPR026W  	0.360000	0.750000	1.470000	1.190000	0.910000	0.720000	0.150000	0.210000
5995	YPR047W  	0.240000	0.510000	1.410000	1.120000	0.920000	0.700000	0.500000	0.150000
6015	YPR067W  	0.890000	1.350000	1.430000	1.280000	0.630000	0.950000	0.760000	0.560000
6046	YPR098C  	0.320000	0.850000	0.880000	1.260000	1.340000	1.300000	0.960000	0.380000
6051	YPR103W  	0.650000	1.080000	1.260000	1.310000	1.430000	1.240000	1.470000	0.710000
6056	YPR108W  	0.140000	0.870000	1.130000	1.110000	1.380000	1.110000	1.000000	0.460000
6058	YPR110C  	-0.120000	-0.840000	-1.540000	-2.000000	-1.360000	-0.990000	-0.240000	-0.330000
6060	YPR112C  	-1.430000	-2.400000	-1.550000	-2.840000	-2.360000	-1.740000	-1.070000	-0.700000
6067	YPR119W  	-0.550000	-1.040000	-0.960000	-0.990000	-0.940000	-1.220000	-1.970000	-0.740000
6084	YPR136C  	-0.710000	-1.470000	-1.220000	-1.410000	-1.080000	-0.980000	-0.940000	-0.590000
6085	YPR137W  	-0.890000	-1.320000	-1.560000	-1.220000	-1.030000	-1.000000	-1.080000	-0.330000
6088	YPR140W  	0.250000	0.660000	0.870000	1.050000	1.270000	0.910000	0.680000	0.140000
6090	YPR142C  	-1.420000	-1.790000	-2.130000	-1.790000	-1.360000	-1.250000	-0.810000	-0.300000
6091	YPR143W  	-1.110000	-1.470000	-1.970000	-1.490000	-1.220000	-1.140000	-0.790000	-0.180000
6092	YPR144C  	-0.750000	-1.710000	-2.520000	-1.860000	-1.320000	-0.880000	-0.270000	0.050000
6097	YPR149W  	0.600000	1.220000	1.620000	1.460000	1.080000	0.590000	-0.360000	-0.270000
6098	YPR150W  	-0.010000	0.230000	1.170000	1.230000	1.350000	1.360000	0.850000	0.160000
6099	YPR151C  	0.400000	0.740000	1.370000	1.200000	1.180000	1.170000	0.760000	0.120000
6104	YPR156C  	-0.380000	-0.960000	-1.320000	-1.070000	-0.890000	-0.740000	1.800000	-0.320000
6105	YPR157W  	-0.710000	-1.190000	-1.270000	-0.760000	-1.140000	-1.310000	1.130000	-0.950000
6106	YPR158W  	1.920000	2.400000	2.270000	1.480000	1.380000	1.370000	0.910000	1.160000
6108	YPR160W  	1.110000	1.900000	1.340000	1.490000	1.830000	0.920000	0.570000	-0.160000
6111	YPR163C  	-0.150000	-0.330000	-1.040000	-1.580000	-1.250000	-0.920000	-0.500000	-0.190000
6115	YPR167C  	0.450000	1.010000	1.560000	1.560000	0.650000	1.460000	1.830000	1.010000
6132	YPR184W  	0.330000	1.190000	2.690000	2.670000	1.690000	1.380000	0.390000	0.050000
6138	YPR190C  	-0.710000	-1.150000	-1.930000	-1.920000	-1.620000	-1.230000	-0.900000	-0.690000
6140	YPR192W  	-0.130000	0.340000	0.710000	1.590000	2.120000	1.680000	1.020000	-0.060000
