#	GID	5	15	30	45	60	90	120	180
2	YAL002W  	-1.400000	-0.670000	-0.450000	-0.620000	-0.580000	-0.470000	-0.860000	-1.120000
3	YAL003W  	0.550000	-0.090000	0.460000	-0.300000	-0.200000	-0.810000	-1.560000	-2.740000
5	YAL005C  	0.440000	-0.290000	0.260000	-0.040000	-0.140000	-0.100000	-0.120000	-1.600000
11	YAL012W  	-0.070000	-0.760000	0.060000	-0.030000	-0.140000	-0.170000	-0.340000	-1.400000
19	YAL020C  	-1.180000	0.040000	-0.310000	-0.070000	-0.510000	-0.220000	-0.300000	-1.100000
36	YAL035W  	0.570000	0.220000	0.250000	-0.400000	-0.210000	-0.550000	-0.410000	-1.250000
37	YAL036C  	0.690000	0.010000	-0.060000	-1.150000	-1.120000	-1.320000	-1.640000	-1.940000
44	YAL043C  	-1.360000	-0.620000	-1.510000	-0.340000	-0.380000	-0.250000	-0.890000	-0.600000
61	YAL061W  	-0.920000	-1.690000	-0.860000	-1.400000	-0.340000	-0.340000	-0.120000	-0.890000
63	YAL063C  	-1.410000	-0.160000	-0.170000	-1.160000	-0.300000	0.370000	-0.920000	-0.260000
64	YAL064C-A	-0.320000	0.100000	-0.840000	-0.420000	-0.580000	-1.560000	-1.030000	-1.640000
66	YAL064W-B	-0.810000	-3.640000	-0.860000	-0.360000	-0.760000	-0.290000	-0.640000	-0.970000
67	YAL065C  	-1.470000	-0.710000	-0.640000	-0.300000	-1.060000	0.370000	-0.090000	-0.130000
97	YAR060C  	-0.920000	-1.320000	-0.300000	-0.360000	-0.400000	-0.620000	-1.090000	-0.400000
103	YAR069C  	-0.400000	-0.360000	0.370000	-0.360000	-0.740000	-0.560000	-1.690000	-1.740000
105	YAR071W  	0.200000	0.250000	-0.200000	-1.250000	-1.320000	-1.120000	-2.120000	-2.470000
106	YAR073W  	-0.220000	-0.560000	-0.340000	-0.510000	-0.640000	-0.420000	-0.890000	-1.790000
109	YBL002W  	0.160000	-0.140000	-0.430000	-0.620000	-0.250000	-0.670000	-1.690000	-2.320000
110	YBL003C  	0.450000	0.180000	0.160000	-0.320000	-0.320000	-0.810000	-1.600000	-2.640000
122	YBL013W  	-0.340000	-1.290000	-0.580000	-0.810000	-0.490000	-0.470000	-1.600000	-0.420000
125	YBL016W  	-1.430000	-0.790000	-0.470000	-0.540000	-0.620000	-1.030000	-0.790000	-0.560000
132	YBL023C  	-0.920000	-1.250000	-0.180000	-0.420000	-0.540000	-0.600000	-0.450000	-0.640000
133	YBL024W  	0.700000	0.110000	-0.300000	-0.510000	-0.710000	-0.760000	-1.430000	-1.510000
134	YBL025W  	-1.220000	-0.890000	-0.430000	-1.000000	-0.580000	-0.560000	-0.560000	-0.890000
136	YBL027W  	1.000000	0.870000	0.840000	0.140000	0.390000	-0.120000	-0.600000	-1.690000
137	YBL028C  	1.230000	0.360000	-0.090000	-0.740000	-0.970000	-1.150000	-2.320000	-2.060000
142	YBL033C  	-2.840000	-0.490000	-0.190000	-0.360000	-0.390000	-0.370000	-0.290000	-0.530000
144	YBL035C  	-0.070000	-0.300000	-0.100000	-0.790000	-0.710000	-0.560000	-1.470000	-1.400000
146	YBL037W  	-1.510000	-0.470000	0.110000	-0.510000	-0.290000	0.080000	-0.620000	-0.710000
148	YBL039C  	0.140000	-0.490000	-0.420000	-2.250000	-2.000000	-2.640000	-3.180000	-3.840000
152	YBL043W  	-1.250000	-1.430000	-1.030000	-0.740000	-1.000000	-0.970000	-0.760000	-1.090000
154	YBL045C  	-0.640000	-1.150000	-0.220000	-0.970000	-0.170000	-0.060000	0.300000	0.030000
164	YBL055C  	-1.060000	0.330000	-0.540000	-0.580000	0.160000	-0.010000	-2.000000	-0.170000
177	YBL068W  	-0.540000	-0.670000	-0.580000	-0.740000	-1.000000	-1.090000	-1.400000	-1.150000
179	YBL070C  	-0.420000	-0.640000	-0.580000	-0.060000	-0.380000	-0.920000	-0.740000	-1.150000
180	YBL071C  	-0.840000	-0.200000	0.800000	-0.300000	-1.250000	-0.850000	-0.630000	-1.150000
182	YBL073W  	-1.220000	-1.940000	-0.860000	-1.400000	-0.790000	-1.250000	-1.030000	-0.740000
188	YBL079W  	0.080000	0.310000	0.450000	-0.210000	-0.690000	-0.360000	-0.050000	-1.430000
191	YBL082C  	-0.790000	-0.360000	-0.300000	-0.430000	-1.150000	-0.640000	-0.760000	-0.560000
194	YBL085W  	-0.060000	-1.000000	-1.320000	-1.280000	-0.270000	-0.540000	-1.630000	-0.290000
196	YBL087C  	0.810000	0.320000	0.840000	0.380000	0.010000	-0.120000	-0.790000	-1.940000
198	YBL089W  	0.060000	-0.290000	-0.070000	-0.340000	-0.360000	-0.380000	-0.560000	-1.470000
201	YBL092W  	0.630000	0.190000	-0.040000	0.230000	-0.030000	0.070000	-1.000000	-2.000000
227	YBR004C  	0.970000	0.720000	0.960000	0.880000	1.040000	1.400000	1.830000	1.690000
232	YBR009C  	0.690000	-0.090000	0.060000	0.450000	0.210000	-0.250000	-1.220000	-1.220000
233	YBR010W  	0.080000	-0.670000	0.060000	-0.600000	-0.490000	-0.860000	-1.430000	-1.600000
241	YBR016W  	0.570000	0.240000	0.920000	1.060000	1.590000	1.670000	1.240000	1.140000
255	YBR030W  	0.160000	-0.040000	0.000000	-0.760000	-0.540000	-0.890000	-0.860000	-1.290000
259	YBR034C  	0.800000	0.300000	-0.030000	-0.940000	-0.860000	-1.030000	-1.790000	-1.640000
267	YBR042C  	-0.560000	-1.250000	-0.400000	-0.090000	-0.230000	-0.180000	0.180000	0.140000
269	YBR044C  	-0.940000	-1.840000	-1.690000	-0.170000	-0.540000	-0.710000	-0.220000	0.040000
271	YBR046C  	-1.320000	0.620000	-3.060000	0.760000	0.070000	-0.340000	-0.170000	0.570000
273	YBR048W  	0.530000	0.120000	0.310000	0.020000	0.040000	-0.630000	-1.060000	-1.460000
277	YBR052C  	0.860000	0.370000	0.700000	1.220000	1.900000	1.490000	1.900000	1.740000
281	YBR056W  	-1.060000	-0.490000	0.010000	0.200000	0.440000	0.970000	0.920000	1.410000
289	YBR064W  	-1.290000	-0.140000	0.250000	-0.290000	-1.120000	-1.060000	-0.450000	-0.470000
291	YBR066C  	-0.010000	0.420000	0.840000	0.750000	0.930000	1.320000	1.550000	1.040000
305	YBR080C  	0.230000	0.150000	0.240000	1.760000	0.810000	0.880000	0.280000	0.200000
309	YBR084C-A	0.600000	0.610000	0.340000	0.100000	0.210000	0.180000	-1.290000	-1.640000
315	YBR089W  	-0.200000	-0.600000	-0.560000	-1.220000	-1.290000	-1.250000	-1.510000	-1.430000
318	YBR092C  	-0.060000	-0.270000	-0.560000	-1.640000	-1.360000	-1.180000	-1.430000	-1.430000
319	YBR093C  	0.040000	-0.150000	-0.580000	-1.360000	-1.430000	-1.180000	-2.180000	-1.220000
323	YBR097W  	-0.320000	0.380000	-0.150000	-0.170000	-1.190000	-0.300000	0.080000	-0.470000
330	YBR104W  	-0.940000	-0.250000	0.200000	-0.860000	-0.360000	0.180000	0.040000	-1.290000
342	YBR116C  	-1.640000	-0.940000	-0.510000	-1.600000	-0.430000	0.120000	-0.060000	0.400000
362	YBR136W  	-0.880000	-1.660000	-1.430000	-0.150000	-0.540000	0.000000	-0.810000	-0.230000
369	YBR143C  	0.550000	0.230000	0.070000	-0.510000	-0.470000	-0.580000	-1.430000	-1.600000
373	YBR147W  	-1.120000	-2.120000	-0.940000	-0.340000	-0.670000	-0.510000	-0.450000	-0.600000
380	YBR154C  	-0.360000	-0.740000	-0.790000	-1.220000	-1.120000	-1.510000	-1.890000	-1.640000
408	YBR181C  	0.140000	0.040000	-0.040000	-0.400000	-0.420000	-0.560000	-1.890000	-2.640000
414	YBR187W  	0.030000	-0.600000	-0.170000	-0.600000	-0.890000	-0.600000	-0.920000	-1.150000
416	YBR189W  	0.600000	-0.010000	0.310000	0.040000	-0.360000	-0.740000	-1.430000	-1.740000
418	YBR191W  	0.860000	0.190000	0.330000	0.260000	-0.040000	-0.360000	-0.920000	-1.430000
421	YBR194W  	-1.290000	-0.120000	-0.360000	-0.420000	-0.580000	-0.180000	-0.580000	-0.740000
429	YBR202W  	-0.970000	-0.300000	-0.970000	-0.510000	-1.090000	-0.860000	-1.290000	-1.090000
444	YBR217W  	-0.890000	-1.320000	-0.060000	-0.710000	-0.290000	-0.220000	0.150000	-0.450000
493	YBR266C  	1.180000	0.500000	-0.100000	-0.760000	-1.090000	-1.000000	-2.180000	-2.320000
494	YBR267W  	0.200000	0.230000	-0.030000	-0.710000	-0.490000	-0.430000	-1.290000	-1.060000
502	YBR275C  	-0.300000	-0.250000	-0.250000	-0.750000	-0.570000	-0.650000	-1.590000	-0.270000
507	YBR280C  	-1.360000	-0.380000	-0.670000	-0.640000	-0.740000	-0.400000	0.700000	-0.580000
514	YBR287W  	-0.690000	-0.540000	0.460000	0.950000	0.760000	0.780000	1.330000	0.970000
521	YBR294W  	-1.510000	-1.940000	-0.760000	-0.740000	-0.290000	-0.180000	-0.490000	0.030000
523	YBR296C  	-1.430000	-1.400000	-0.360000	0.390000	0.550000	0.160000	0.140000	0.000000
525	YBR298C  	-1.640000	-0.620000	-0.760000	-0.400000	-0.510000	-0.140000	-0.670000	-0.540000
526	YBR299W  	-1.150000	0.070000	-3.180000	-0.300000	-0.740000	-0.590000	-0.010000	0.040000
548	YCL023C  	1.280000	-0.430000	-0.170000	-0.920000	-0.600000	-0.560000	-0.860000	-0.290000
551	YCL027W  	0.050000	-0.420000	0.250000	0.850000	1.240000	1.660000	2.060000	1.590000
560	YCL036W  	-0.760000	-1.600000	-0.580000	-1.180000	-0.690000	-0.510000	-0.340000	-0.360000
561	YCL037C  	-0.430000	-1.000000	-0.970000	-1.150000	-1.400000	-1.690000	-2.470000	-2.840000
567	YCL043C  	0.040000	0.200000	0.510000	1.660000	1.640000	1.860000	1.770000	1.810000
572	YCL048W  	-1.150000	-1.690000	-0.230000	-0.160000	0.000000	-0.270000	-0.150000	-0.170000
576	YCL052C  	-0.090000	-0.090000	0.040000	-0.220000	-0.270000	-0.140000	-0.040000	1.390000
577	YCL054W  	1.040000	0.520000	0.030000	-1.320000	-1.430000	-1.400000	-2.120000	-2.740000
582	YCL059C  	0.460000	0.250000	-0.640000	-0.690000	-0.940000	-0.970000	-2.250000	-2.180000
585	YCL064C  	-0.290000	-0.840000	-0.450000	-1.430000	-1.510000	-1.470000	-3.180000	-2.320000
595	YCR001W  	-0.670000	-1.290000	-0.200000	-0.200000	-0.410000	0.260000	-0.060000	0.030000
596	YCR002C  	0.030000	0.060000	-0.100000	0.960000	0.500000	0.700000	0.780000	1.150000
599	YCR005C  	-0.200000	0.360000	0.400000	0.240000	0.570000	1.250000	1.200000	1.150000
600	YCR006C  	-1.740000	-0.860000	-1.250000	-0.200000	-0.430000	-0.890000	-0.790000	-0.560000
601	YCR007C  	-0.790000	-0.270000	0.210000	0.600000	0.660000	1.010000	0.860000	1.480000
603	YCR009C  	-1.270000	-0.050000	-0.220000	-0.140000	-0.340000	-0.270000	-0.490000	0.300000
626	YCR031C  	0.340000	0.070000	0.100000	-0.070000	-0.220000	-0.470000	-1.360000	-1.250000
627	YCR032W  	-0.320000	-2.400000	-0.360000	-0.100000	-1.220000	-0.430000	-1.570000	-0.430000
632	YCR037C  	-1.560000	-1.470000	-0.580000	-0.430000	-0.890000	-1.030000	-1.510000	-0.220000
645	YCR050C  	-0.860000	-0.690000	-0.200000	-0.920000	-0.230000	-1.220000	-0.640000	-0.090000
649	YCR054C  	-0.830000	-0.490000	-0.480000	-0.710000	-1.220000	-1.180000	-1.660000	-0.790000
650	YCR057C  	-0.810000	-0.840000	-0.510000	-1.000000	-1.360000	-1.120000	-1.320000	-0.840000
652	YCR060W  	-0.380000	-0.470000	-0.040000	-0.970000	-0.540000	-0.470000	-0.920000	-1.180000
663	YCR072C  	-0.140000	0.100000	-0.970000	-1.470000	-1.470000	-1.090000	-2.120000	-1.790000
677	YCR089W  	-2.180000	-0.970000	-1.150000	-1.320000	-1.400000	-0.490000	-0.360000	-0.420000
679	YCR091W  	-1.320000	-0.760000	-0.920000	-0.510000	-0.150000	-0.120000	-0.690000	-0.420000
685	YCR098C  	-1.740000	-1.290000	-0.120000	-0.560000	-0.150000	0.630000	0.500000	-0.320000
687	YCR100C  	-1.560000	-0.760000	-0.270000	-0.740000	-0.150000	0.540000	-0.100000	-0.140000
703	YDL009C  	0.560000	0.360000	0.730000	1.330000	1.340000	1.410000	1.700000	2.040000
708	YDL014W  	0.010000	-0.510000	-0.270000	-0.760000	-0.510000	-1.180000	-1.220000	-1.510000
709	YDL015C  	0.890000	0.660000	0.340000	1.410000	0.580000	0.990000	0.860000	0.790000
712	YDL018C  	-1.290000	-0.560000	-0.580000	-0.220000	-0.200000	-0.560000	-0.120000	0.060000
713	YDL019C  	-1.560000	-0.270000	0.030000	0.060000	0.100000	-0.320000	0.040000	-0.310000
716	YDL022W  	-0.790000	-0.040000	0.490000	1.530000	2.020000	1.660000	2.520000	2.040000
718	YDL024C  	-1.320000	-0.030000	-1.000000	-0.580000	-0.560000	-0.380000	0.070000	0.180000
725	YDL031W  	0.570000	-0.030000	0.010000	-0.670000	-0.920000	-0.890000	-1.530000	-1.560000
745	YDL050C  	1.560000	0.390000	0.590000	-0.230000	-0.290000	-0.540000	-0.860000	-0.860000
753	YDL058W  	-1.440000	-0.260000	-1.090000	-0.520000	-0.600000	-0.970000	-0.900000	-0.740000
755	YDL060W  	-0.090000	-0.580000	-0.790000	-0.510000	-1.220000	-1.180000	-1.890000	-1.290000
756	YDL061C  	0.600000	-0.030000	0.040000	0.080000	-0.320000	-0.540000	-0.940000	-1.510000
758	YDL063C  	-1.180000	-1.430000	-0.560000	-0.380000	-0.740000	-0.860000	-1.030000	-0.670000
760	YDL065C  	-3.060000	-0.040000	-2.320000	-0.200000	-0.320000	-0.430000	-0.230000	-0.420000
764	YDL069C  	-1.470000	-0.380000	-0.600000	-0.090000	-0.180000	0.010000	-0.490000	-0.290000
766	YDL071C  	-1.740000	-1.090000	-0.890000	-0.430000	-0.560000	-0.380000	-0.970000	-0.490000
768	YDL073W  	-1.600000	-1.640000	-0.490000	-0.080000	-0.390000	-0.510000	-0.090000	-0.320000
771	YDL076C  	-0.670000	-1.150000	-0.810000	-0.380000	-0.290000	-0.470000	0.340000	-0.230000
775	YDL080C  	-1.150000	-1.360000	-1.250000	-0.840000	-0.920000	-0.600000	-0.200000	-0.220000
777	YDL082W  	0.770000	-0.170000	0.230000	-0.180000	-0.150000	-0.840000	-1.150000	-1.560000
779	YDL084W  	-0.150000	-0.970000	-0.490000	-0.860000	-0.510000	-0.940000	-0.970000	-1.360000
805	YDL110C  	-0.030000	-0.940000	-0.370000	1.180000	1.300000	1.710000	2.340000	2.750000
807	YDL112W  	-0.400000	-1.690000	0.030000	-0.740000	-0.290000	-0.890000	0.850000	0.090000
813	YDL118W  	-1.470000	-2.940000	-1.470000	0.150000	-0.140000	-0.170000	0.380000	0.260000
815	YDL120W  	-2.470000	0.070000	-0.200000	0.040000	-0.180000	-0.380000	0.570000	0.460000
817	YDL122W  	0.010000	-0.380000	0.120000	-0.450000	-0.740000	-0.560000	-0.380000	-1.360000
819	YDL124W  	-0.420000	1.470000	2.870000	2.840000	3.110000	2.680000	3.280000	2.820000
820	YDL125C  	-0.030000	1.180000	1.680000	1.850000	2.170000	1.860000	1.820000	1.580000
822	YDL127W  	-1.030000	-0.710000	-0.420000	-0.840000	-0.290000	-0.420000	-0.470000	-1.290000
831	YDL136W  	1.000000	0.590000	0.520000	-0.030000	0.370000	-0.170000	-1.030000	-1.690000
832	YDL137W  	0.290000	0.320000	0.610000	0.950000	1.040000	1.270000	0.950000	0.430000
837	YDL142C  	-1.180000	-0.320000	0.000000	0.230000	-0.230000	-0.030000	-0.230000	-0.860000
841	YDL146W  	-1.400000	-1.360000	0.110000	0.000000	-0.230000	-0.030000	0.200000	-0.360000
843	YDL148C  	0.320000	-0.150000	-0.490000	-1.320000	-1.690000	-1.840000	-2.470000	-2.560000
845	YDL150W  	0.660000	0.240000	-0.150000	-0.620000	-0.860000	-0.760000	-1.360000	-1.290000
847	YDL152W  	0.330000	0.030000	-0.170000	-1.060000	-1.470000	-0.940000	-2.120000	-2.250000
849	YDL154W  	-1.740000	-1.180000	-0.470000	-0.710000	-0.920000	-0.420000	-0.860000	-1.120000
862	YDL167C  	-1.120000	-0.940000	-0.620000	-0.710000	-0.890000	-0.920000	-1.430000	-0.890000
865	YDL170W  	-1.090000	-1.400000	-0.540000	-1.740000	-2.000000	-1.000000	-0.760000	-0.380000
866	YDL171C  	0.590000	-0.140000	-0.490000	-1.060000	-1.000000	-1.300000	-1.630000	-1.690000
869	YDL174C  	-1.740000	-0.670000	-1.740000	-2.250000	-1.090000	-0.510000	-0.290000	-0.290000
871	YDL176W  	-1.250000	-1.000000	-0.560000	-1.030000	-0.170000	-0.580000	-0.510000	-1.150000
877	YDL182W  	0.860000	0.720000	1.370000	0.260000	0.490000	-0.040000	-0.600000	-1.030000
886	YDL191W  	0.880000	0.360000	0.320000	0.230000	0.240000	-0.300000	-1.220000	-1.120000
894	YDL199C  	-1.290000	-0.510000	-0.860000	-0.170000	-0.640000	-0.560000	-0.540000	-0.640000
896	YDL201W  	0.910000	0.510000	0.500000	-0.690000	-0.840000	-1.430000	-1.790000	-1.640000
898	YDL203C  	-1.150000	-1.150000	-0.230000	-0.740000	-0.760000	-0.930000	-0.830000	-0.510000
899	YDL204W  	-1.250000	-1.510000	-1.510000	-1.090000	-0.560000	-0.760000	-0.510000	0.430000
900	YDL205C  	-0.620000	-0.510000	-1.250000	-0.840000	-1.150000	-1.000000	-1.560000	-1.120000
910	YDL215C  	-0.210000	-0.340000	-0.250000	-0.330000	0.110000	0.250000	1.010000	1.560000
913	YDL218W  	-0.670000	-1.000000	-0.150000	-0.490000	-0.540000	-0.250000	-0.560000	-1.470000
915	YDL220C  	-0.640000	-0.450000	-0.060000	-0.490000	-0.890000	-0.250000	-0.220000	-1.250000
917	YDL222C  	-0.920000	-0.640000	-0.320000	1.660000	-0.760000	-0.220000	-0.060000	-0.220000
937	YDL242W  	-2.120000	-0.920000	-0.400000	-0.360000	-1.000000	-0.400000	-0.970000	-0.470000
939	YDL244W  	-2.060000	-1.510000	-0.340000	-0.400000	-0.600000	-0.430000	0.060000	-0.320000
941	YDL246C  	-3.180000	-0.450000	0.370000	-0.200000	-1.790000	-0.270000	-0.200000	-0.430000
947	YDR004W  	-2.060000	-0.710000	-0.220000	-0.580000	-0.710000	0.000000	-0.140000	-0.400000
951	YDR008C  	-0.620000	-1.320000	-0.150000	0.030000	0.180000	0.070000	0.000000	0.370000
952	YDR009W  	-2.250000	0.040000	-1.470000	-0.710000	-0.450000	-0.840000	-0.970000	-0.470000
954	YDR011W  	-1.940000	0.060000	-1.110000	-0.230000	-0.140000	-0.440000	-0.440000	-0.450000
971	YDR028C  	-1.840000	-1.640000	-1.050000	-0.480000	-2.180000	0.390000	-0.050000	-0.420000
979	YDR036C  	-1.150000	-0.360000	-0.100000	-0.470000	0.140000	0.200000	-0.400000	-0.100000
980	YDR037W  	0.120000	-0.150000	-0.120000	-0.220000	-0.430000	-0.690000	-1.220000	-1.030000
985	YDR042C  	-0.940000	-0.670000	-1.360000	-0.400000	-0.230000	0.100000	-0.100000	-0.580000
993	YDR050C  	0.480000	0.190000	0.850000	0.890000	1.140000	0.760000	0.930000	0.750000
1001	YDR058C  	-0.890000	-1.740000	-0.890000	0.370000	0.440000	-0.710000	0.030000	1.140000
1003	YDR060W  	-0.940000	-4.060000	-1.470000	-0.400000	-0.980000	-2.000000	-0.890000	-1.190000
1007	YDR064W  	0.340000	-0.100000	-0.040000	-0.360000	-0.320000	-1.150000	-1.180000	-1.510000
1013	YDR070C  	-0.510000	-0.890000	-0.450000	0.100000	-1.060000	-0.060000	1.250000	2.040000
1014	YDR071C  	1.040000	0.590000	0.420000	1.300000	0.640000	1.260000	0.810000	0.000000
1017	YDR074W  	0.040000	-0.030000	0.080000	1.200000	1.930000	2.350000	2.700000	2.200000
1018	YDR075W  	0.070000	0.000000	-0.040000	-0.320000	-0.430000	-0.320000	-1.290000	-1.250000
1020	YDR077W  	-0.270000	-0.810000	-0.090000	0.910000	1.460000	2.300000	1.930000	1.780000
1029	YDR086C  	1.190000	0.700000	0.140000	0.590000	0.900000	0.990000	0.330000	-0.120000
1033	YDR090C  	-1.510000	-0.560000	0.190000	-0.300000	-0.360000	-0.170000	-0.490000	-0.230000
1044	YDR101C  	-0.290000	-0.400000	-0.810000	-1.120000	-0.620000	-0.710000	-1.600000	-0.760000
1049	YDR106W  	-1.510000	-0.580000	-0.070000	-0.540000	0.000000	0.420000	0.150000	-0.030000
1053	YDR110W  	-0.560000	-0.810000	-0.230000	-1.150000	0.030000	-0.200000	-0.380000	-1.090000
1063	YDR120C  	1.060000	0.820000	0.000000	-0.180000	-0.670000	-1.000000	-1.250000	-1.060000
1075	YDR132C  	-0.710000	0.190000	1.370000	1.120000	0.860000	0.620000	-0.040000	0.230000
1092	YDR149C  	-0.320000	-0.710000	-1.030000	-0.560000	-0.920000	-0.920000	-1.600000	-1.430000
1097	YDR154C  	0.390000	0.000000	0.510000	1.100000	1.300000	0.820000	1.200000	1.100000
1101	YDR158W  	-0.640000	-1.030000	-1.360000	-0.670000	-0.420000	-0.790000	-0.790000	-0.920000
1108	YDR165W  	0.860000	0.360000	-0.170000	0.030000	-0.340000	-0.340000	-1.320000	-1.560000
1113	YDR170C  	-0.200000	-0.330000	-0.040000	-0.500000	-1.220000	-0.450000	-1.010000	-1.360000
1115	YDR172W  	0.590000	-0.060000	-0.150000	-0.670000	-0.620000	-0.320000	-0.840000	-1.790000
1121	YDR178W  	-0.200000	0.210000	0.630000	0.140000	0.650000	1.440000	1.480000	1.280000
1128	YDR184C  	0.760000	0.120000	0.010000	-0.970000	-0.970000	-0.860000	-1.320000	-1.400000
1135	YDR191W  	-1.060000	-0.890000	-1.180000	-0.970000	-0.710000	-0.580000	-0.220000	-0.490000
1138	YDR194C  	0.250000	-0.470000	-0.060000	-0.490000	-0.290000	-0.230000	-1.290000	-1.120000
1154	YDR210W  	0.040000	-0.450000	0.700000	1.040000	1.210000	0.660000	1.010000	0.410000
1160	YDR216W  	-0.910000	-1.600000	-1.000000	-0.860000	-1.180000	-0.450000	-0.040000	-0.210000
1168	YDR224C  	0.200000	-0.180000	0.110000	-0.320000	-0.220000	-1.120000	-1.090000	-1.360000
1170	YDR226W  	0.300000	0.630000	1.080000	0.740000	1.330000	1.000000	0.820000	0.700000
1218	YDR274C  	-1.150000	-0.310000	-0.060000	-0.270000	-0.680000	-0.360000	-0.550000	-0.830000
1219	YDR275W  	-0.470000	-0.800000	-0.690000	-1.220000	-0.970000	-0.370000	-0.680000	-0.810000
1222	YDR278C  	-0.920000	-1.180000	-0.120000	-0.300000	-0.320000	0.000000	-0.090000	-0.710000
1226	YDR282C  	-1.740000	-1.600000	-0.740000	-0.490000	-0.420000	-0.060000	-0.510000	-0.250000
1228	YDR284C  	-1.220000	-0.430000	0.360000	0.200000	0.190000	0.430000	0.700000	0.320000
1229	YDR285W  	-0.560000	-0.890000	-2.020000	-0.060000	-0.200000	-0.310000	0.380000	0.230000
1230	YDR286C  	-1.180000	-0.540000	0.140000	0.200000	-0.150000	0.060000	0.460000	0.210000
1232	YDR288W  	-1.640000	-0.640000	0.100000	-0.230000	0.100000	-0.250000	-0.230000	-0.100000
1234	YDR290W  	-1.360000	-0.810000	-0.430000	-0.450000	-0.420000	-0.340000	-0.690000	-0.640000
1256	YDR312W  	0.880000	0.250000	-0.300000	-1.360000	-1.000000	-1.320000	-1.360000	-1.840000
1258	YDR314C  	-0.940000	-1.180000	-1.150000	-0.840000	-0.450000	-0.620000	-0.640000	-0.920000
1285	YDR341C  	0.120000	-0.200000	-0.580000	-0.270000	-0.470000	-0.940000	-1.320000	-1.600000
1297	YDR353W  	0.030000	-0.470000	1.010000	1.950000	1.580000	0.500000	-0.250000	-0.070000
1299	YDR355C  	-0.200000	-0.300000	-0.380000	-0.840000	-0.740000	-0.450000	-1.180000	-1.470000
1305	YDR361C  	-0.150000	0.860000	-0.250000	-0.670000	-0.560000	-0.340000	-1.470000	-2.000000
1309	YDR365C  	0.710000	0.440000	0.060000	-0.580000	-0.490000	-0.540000	-1.290000	-1.840000
1311	YDR367W  	0.680000	0.760000	0.690000	1.200000	0.580000	0.790000	0.570000	0.300000
1324	YDR380W  	-1.060000	-0.450000	1.440000	0.150000	0.440000	0.480000	0.630000	0.620000
1326	YDR382W  	1.500000	0.700000	1.430000	-0.450000	-0.250000	-0.810000	-1.430000	-2.120000
1336	YDR392W  	-1.290000	-0.600000	0.200000	-0.150000	0.280000	0.000000	0.030000	0.480000
1337	YDR393W  	-1.320000	-0.690000	-0.490000	-0.430000	-0.220000	-0.150000	-0.340000	-0.290000
1342	YDR398W  	-0.490000	-0.540000	-0.450000	-2.120000	-1.320000	-1.180000	-1.840000	-1.640000
1343	YDR399W  	-0.120000	-0.320000	-0.710000	-1.000000	-1.120000	-1.560000	-2.060000	-1.400000
1345	YDR401W  	-1.400000	-0.670000	-0.840000	-0.970000	-0.920000	-1.090000	-1.430000	-0.340000
1359	YDR415C  	-1.470000	-0.540000	-0.760000	-0.420000	-1.000000	-0.760000	-0.920000	-0.620000
1361	YDR417C  	0.710000	0.430000	0.160000	-0.070000	-0.140000	-0.690000	-1.600000	-1.690000
1362	YDR418W  	1.360000	0.720000	0.890000	-0.030000	0.230000	-0.430000	-0.890000	-1.400000
1363	YDR419W  	-1.290000	-1.180000	-0.740000	-0.760000	-0.740000	-0.840000	-0.810000	-0.250000
1373	YDR429C  	1.100000	0.830000	0.670000	0.080000	0.060000	-0.580000	-1.120000	-1.640000
1394	YDR450W  	0.440000	0.230000	0.100000	-0.430000	-0.290000	-0.740000	-1.640000	-2.640000
1396	YDR452W  	0.690000	0.700000	0.910000	0.400000	0.710000	1.090000	1.210000	0.680000
1397	YDR453C  	-0.030000	0.290000	0.380000	0.890000	1.190000	0.770000	1.180000	1.020000
1399	YDR455C  	-0.300000	-0.270000	-0.760000	-0.620000	-0.760000	-0.120000	-0.920000	-1.430000
1405	YDR461W  	0.690000	0.250000	0.160000	0.560000	0.550000	1.140000	0.900000	0.180000
1412	YDR468C  	1.310000	1.000000	0.490000	0.800000	1.340000	1.450000	1.340000	0.840000
1420	YDR476C  	-1.940000	0.120000	0.700000	0.820000	0.690000	0.400000	0.480000	0.390000
1424	YDR480W  	-1.150000	-0.360000	0.280000	-0.250000	0.140000	-0.290000	-0.290000	0.100000
1436	YDR492W  	-0.580000	-1.060000	-1.180000	-1.560000	-0.840000	-0.790000	-0.490000	-0.620000
1440	YDR496C  	1.040000	0.530000	0.960000	-0.510000	-1.020000	-1.520000	-1.820000	-2.000000
1456	YDR512C  	-1.220000	-0.320000	0.320000	0.100000	0.310000	0.070000	0.230000	0.080000
1457	YDR513W  	0.110000	0.550000	1.640000	2.500000	1.730000	1.340000	1.490000	1.650000
1460	YDR516C  	-1.320000	-0.040000	0.070000	-0.180000	0.480000	0.480000	0.990000	0.530000
1462	YDR518W  	-1.320000	-0.470000	0.460000	0.770000	1.160000	1.010000	1.180000	0.610000
1479	YDR535C  	-1.430000	-1.400000	-1.150000	-0.860000	-0.740000	-0.760000	-0.250000	-0.510000
1481	YDR537C  	-1.290000	-0.600000	-1.150000	-0.640000	-0.920000	-0.760000	-0.790000	-0.620000
1483	YDR539W  	-1.470000	-1.150000	-0.840000	-0.320000	-0.560000	-0.640000	-0.380000	-0.250000
1484	YDR540C  	-0.710000	0.280000	0.030000	0.390000	0.820000	0.680000	1.430000	1.260000
1485	YDR541C  	-1.360000	-1.060000	-0.670000	-0.400000	-0.690000	-1.030000	-0.120000	-0.100000
1486	YDR542W  	-0.070000	-0.060000	0.030000	0.590000	1.080000	0.880000	1.530000	1.530000
1497	YEL008W  	-0.630000	-0.810000	-0.650000	-0.700000	-0.730000	-1.510000	-0.670000	-0.750000
1516	YEL026W  	0.740000	-0.360000	0.000000	-0.300000	-0.470000	-1.090000	-1.320000	-1.120000
1529	YEL039C  	-1.220000	-0.250000	-0.430000	0.400000	-0.640000	-0.170000	-0.340000	-0.170000
1531	YEL041W  	-2.400000	0.300000	-0.510000	-0.200000	-0.250000	-0.380000	-0.360000	0.040000
1533	YEL043W  	-1.790000	-0.180000	-1.560000	-0.490000	-0.920000	-0.400000	-0.600000	-0.890000
1544	YEL054C  	1.290000	0.200000	0.440000	-0.490000	0.070000	-1.090000	-1.690000	-2.180000
1582	YER011W  	-0.700000	0.410000	0.100000	-0.120000	-0.910000	-0.490000	-1.210000	-4.320000
1589	YER018C  	-1.290000	-0.640000	-0.450000	-0.740000	-1.150000	-0.760000	-0.740000	-0.790000
1597	YER025W  	0.750000	0.440000	0.370000	-0.270000	0.000000	-0.270000	-1.090000	-1.840000
1602	YER030W  	0.690000	0.700000	0.820000	-0.510000	0.140000	-0.180000	-0.620000	-1.320000
1608	YER036C  	-0.250000	-0.620000	-0.380000	-1.120000	-1.000000	-0.890000	-1.470000	-2.060000
1615	YER043C  	-0.760000	-0.890000	-1.180000	-0.970000	-0.920000	-0.840000	-1.090000	-1.320000
1627	YER054C  	-1.970000	-3.180000	-0.250000	-0.170000	-0.140000	-0.030000	0.440000	0.240000
1629	YER056C  	-0.010000	-0.220000	-0.100000	-1.940000	-1.290000	-1.470000	-2.120000	-2.400000
1630	YER056C-A	0.200000	-0.380000	-0.200000	-0.320000	-0.600000	-1.150000	-1.690000	-2.060000
1636	YER061C  	-1.400000	-0.920000	-0.580000	-0.560000	-0.940000	-0.620000	-0.670000	-0.600000
1637	YER062C  	-0.010000	0.460000	0.590000	0.000000	1.080000	1.280000	1.460000	1.100000
1638	YER063W  	1.100000	1.180000	0.870000	0.570000	1.020000	0.590000	0.080000	0.180000
1639	YER064C  	-0.360000	-0.840000	-0.320000	-0.920000	-0.400000	-0.710000	-0.840000	-1.560000
1642	YER066W  	-1.220000	-0.790000	-0.420000	-0.840000	-0.400000	-0.740000	0.030000	-0.620000
1646	YER070W  	-0.540000	-0.860000	-0.970000	-1.320000	-0.890000	-1.320000	-1.600000	-1.890000
1650	YER074W  	0.940000	0.520000	-0.170000	-0.400000	-0.040000	-0.940000	-1.470000	-2.560000
1653	YER077C  	-1.180000	-0.580000	-0.380000	-0.290000	-0.690000	-0.170000	-0.580000	0.240000
1655	YER079W  	-0.030000	0.340000	0.610000	0.710000	0.960000	1.320000	1.780000	2.330000
1661	YER085C  	-1.400000	-0.620000	-1.180000	-1.360000	-1.060000	-0.710000	-0.970000	-0.710000
1666	YER089C  	-1.290000	-1.840000	0.240000	-0.550000	-0.390000	-0.160000	-0.450000	-1.140000
1680	YER102W  	0.530000	-0.040000	0.190000	0.320000	0.100000	-0.510000	-1.320000	-1.090000
1682	YER104W  	-1.090000	-1.180000	-0.740000	-0.420000	-0.810000	-1.000000	-0.400000	-0.540000
1684	YER106W  	-1.290000	-1.470000	-0.560000	-0.640000	-0.580000	-0.580000	-1.030000	-0.620000
1694	YER117W  	0.810000	0.430000	0.820000	0.280000	0.200000	0.010000	-0.790000	-1.510000
1702	YER124C  	0.570000	0.080000	-0.150000	0.700000	-0.620000	-0.150000	-0.890000	-1.740000
1704	YER126C  	-0.200000	-0.560000	-0.470000	-0.790000	-1.030000	-0.560000	-1.120000	-1.510000
1705	YER127W  	1.130000	0.460000	0.140000	-1.030000	-0.810000	-0.860000	-1.790000	-1.890000
1709	YER131W  	0.480000	0.140000	0.260000	-0.250000	0.190000	-0.200000	-1.150000	-1.740000
1715	YER137C  	-2.640000	0.040000	-0.420000	-1.030000	-0.790000	-0.250000	-0.540000	-0.820000
1717	YER139C  	-2.180000	-0.670000	0.010000	-0.360000	-0.070000	0.060000	-0.180000	-0.340000
1724	YER146W  	0.370000	-0.030000	-0.560000	-0.270000	-0.070000	-0.450000	-1.290000	-1.000000
1755	YER177W  	0.440000	0.290000	0.540000	0.710000	1.120000	1.010000	1.600000	1.560000
1769	YFL001W  	-0.190000	-0.070000	-1.150000	-0.030000	-0.370000	-0.380000	-0.380000	-0.440000
1775	YFL007W  	0.690000	0.510000	-1.290000	-1.250000	-0.670000	-0.690000	-0.540000	-0.390000
1783	YFL014W  	-0.400000	-0.430000	0.480000	1.170000	2.590000	4.210000	6.180000	6.600000
1789	YFL020C  	-0.010000	0.060000	0.630000	0.680000	0.790000	1.470000	1.290000	1.010000
1792	YFL023W  	0.000000	-0.070000	-0.420000	-0.860000	-1.030000	-0.740000	-1.890000	-1.690000
1808	YFL040W  	-1.560000	-1.180000	-0.230000	-0.470000	-0.230000	-0.510000	-0.090000	-0.320000
1813	YFL045C  	0.420000	0.670000	0.860000	1.130000	1.250000	1.110000	0.950000	1.010000
1816	YFL048C  	-0.040000	0.150000	0.580000	0.690000	1.060000	1.050000	1.250000	1.150000
1818	YFL050C  	-1.890000	-0.670000	-0.400000	-0.540000	-0.510000	-0.670000	0.110000	0.150000
1819	YFL051C  	-1.640000	-1.150000	-0.860000	-0.810000	-0.920000	-0.580000	-1.250000	-0.400000
1820	YFL052W  	-2.250000	-0.970000	-0.510000	-0.490000	-0.430000	-0.040000	-1.060000	0.140000
1821	YFL053W  	-1.740000	-1.290000	-0.690000	-0.790000	-0.790000	-0.640000	-0.860000	-0.140000
1826	YFL058W  	-1.740000	-0.740000	0.060000	-0.420000	-0.230000	0.040000	0.340000	0.440000
1842	YFR006W  	0.480000	0.200000	0.930000	0.500000	1.190000	0.770000	1.010000	1.140000
1855	YFR019W  	-1.220000	-2.470000	-0.300000	0.110000	-1.600000	0.080000	0.970000	-0.670000
1864	YFR027W  	-1.470000	-1.510000	-0.360000	-0.790000	-0.360000	-0.450000	-0.690000	-0.070000
1869	YFR031C-A	0.440000	0.100000	0.180000	-0.180000	-0.200000	-0.380000	-1.430000	-1.840000
1870	YFR032C  	-1.400000	-1.360000	-0.860000	-0.710000	-1.090000	-0.810000	-0.740000	-0.600000
1872	YFR034C  	0.490000	-0.070000	1.170000	-0.760000	0.580000	0.320000	0.420000	-0.810000
1879	YFR041C  	0.250000	0.860000	1.570000	1.420000	1.450000	1.400000	1.690000	0.700000
1880	YFR042W  	0.600000	1.240000	1.490000	2.190000	2.040000	1.420000	2.510000	1.760000
1891	YFR053C  	-0.600000	-0.600000	0.080000	-0.180000	0.480000	1.540000	2.170000	2.180000
1901	YGL006W  	0.120000	-0.180000	0.680000	1.300000	1.990000	1.070000	1.110000	1.100000
1916	YGL021W  	-0.600000	-0.940000	-1.430000	-1.320000	-1.180000	-0.940000	-1.470000	-1.150000
1919	YGL024W  	-1.510000	-1.840000	-0.300000	-0.620000	-1.120000	-0.290000	-1.690000	-0.220000
1924	YGL029W  	0.590000	0.490000	-0.250000	-0.940000	-1.090000	-1.290000	-1.890000	-1.600000
1925	YGL030W  	0.650000	0.260000	0.910000	0.100000	-0.090000	-0.560000	-1.060000	-1.510000
1926	YGL031C  	0.390000	0.250000	0.030000	-0.060000	-0.100000	-0.430000	-1.470000	-1.740000
1941	YGL046W  	-1.180000	-0.970000	-0.560000	-0.760000	-0.220000	-0.420000	0.440000	0.250000
1950	YGL055W  	0.150000	-0.760000	-2.470000	-2.840000	-2.320000	-1.030000	-0.490000	0.030000
1967	YGL072C  	0.160000	0.510000	0.530000	0.950000	0.850000	0.800000	1.140000	1.280000
1970	YGL075C  	-1.150000	-1.250000	-1.000000	-0.420000	-0.620000	-0.710000	-0.890000	-0.560000
1971	YGL076C  	0.420000	0.260000	0.230000	0.240000	0.060000	-0.690000	-0.920000	-1.250000
1973	YGL078C  	0.560000	0.430000	-0.300000	-0.970000	-1.360000	-1.740000	-1.940000	-1.840000
1987	YGL092W  	0.250000	-0.110000	-0.570000	-0.470000	-1.000000	-0.440000	-0.660000	-1.670000
1992	YGL097W  	-0.300000	-0.170000	-0.740000	-0.760000	-0.890000	-0.690000	-1.400000	-1.150000
1994	YGL099W  	0.040000	0.030000	-0.360000	-0.540000	-0.790000	-0.840000	-1.840000	-2.060000
1997	YGL102C  	0.790000	0.440000	0.500000	0.010000	0.000000	-0.380000	-0.940000	-1.470000
1998	YGL103W  	0.440000	0.370000	0.240000	0.340000	-0.120000	-0.220000	-0.970000	-1.430000
2006	YGL111W  	0.510000	0.460000	-0.230000	-0.760000	-0.740000	-0.970000	-1.360000	-1.250000
2011	YGL116W  	-0.490000	-0.170000	-0.470000	-1.290000	-1.000000	-0.810000	-1.120000	-1.220000
2015	YGL120C  	0.260000	0.300000	0.480000	-0.670000	-0.420000	-0.380000	-0.920000	-1.150000
2019	YGL124C  	-1.320000	-0.290000	0.190000	0.080000	0.040000	0.400000	0.120000	-0.060000
2027	YGL132W  	-1.060000	-0.890000	-1.150000	-0.860000	-0.760000	-1.030000	-0.470000	-1.150000
2033	YGL138C  	-1.560000	-0.860000	-1.560000	-0.810000	-2.180000	-0.710000	-0.380000	-0.490000
2035	YGL140C  	-0.340000	-0.330000	0.080000	-1.290000	0.000000	-1.180000	-0.680000	-0.170000
2036	YGL141W  	-0.490000	-0.060000	-0.800000	-1.180000	-3.470000	-0.150000	0.050000	0.330000
2042	YGL147C  	0.610000	0.080000	0.300000	0.340000	-0.040000	-0.580000	-1.470000	-1.290000
2052	YGL157W  	-0.380000	-0.360000	0.380000	0.880000	1.210000	1.500000	1.710000	1.880000
2061	YGL166W  	-1.220000	-0.060000	0.550000	0.850000	-0.040000	0.560000	1.290000	1.000000
2064	YGL169W  	-0.250000	-0.710000	-0.940000	-0.470000	-0.890000	-0.790000	-1.470000	-0.810000
2066	YGL171W  	0.210000	-0.290000	-0.560000	-0.970000	-1.400000	-1.560000	-2.180000	-1.430000
2084	YGL189C  	0.440000	0.180000	0.070000	0.200000	-0.030000	-0.250000	-1.030000	-1.640000
2095	YGL200C  	-0.380000	0.060000	0.740000	0.770000	1.180000	0.820000	0.860000	0.630000
2096	YGL201C  	-0.540000	1.540000	-0.400000	-0.070000	-0.670000	-0.510000	-0.890000	-0.890000
2147	YGL251C  	-1.890000	-0.670000	-0.380000	-0.860000	-1.060000	0.360000	0.280000	-0.760000
2153	YGL257C  	-1.140000	-0.970000	-0.180000	-0.420000	0.580000	-0.600000	-0.940000	-0.090000
2154	YGL258W  	-1.150000	-0.600000	0.140000	0.080000	0.000000	0.100000	0.110000	-0.120000
2155	YGL259W  	-2.250000	-1.430000	-0.740000	-1.180000	-1.600000	-0.810000	-0.620000	-0.670000
2157	YGL261C  	-0.320000	-0.510000	-0.100000	0.740000	0.560000	0.950000	1.080000	1.590000
2168	YGR009C  	0.820000	1.200000	1.210000	0.410000	0.630000	1.050000	0.750000	0.070000
2186	YGR027C  	0.460000	0.240000	0.310000	0.100000	0.190000	0.000000	-0.840000	-1.690000
2196	YGR037C  	-0.030000	0.210000	1.140000	0.770000	1.490000	1.290000	1.480000	1.770000
2198	YGR039W  	-0.760000	-0.640000	0.070000	0.110000	0.760000	0.850000	1.640000	1.480000
2202	YGR043C  	-1.250000	-0.710000	0.070000	0.080000	0.150000	1.380000	2.160000	3.160000
2209	YGR050C  	-1.120000	-1.000000	-0.790000	-0.710000	-0.920000	-0.620000	-1.400000	-0.790000
2210	YGR051C  	-1.560000	-0.580000	-0.200000	0.030000	-0.270000	-0.040000	0.070000	-0.270000
2226	YGR067C  	-1.290000	-0.400000	-0.230000	-0.430000	-0.150000	-0.620000	0.040000	0.430000
2230	YGR071C  	-0.860000	-0.360000	-1.360000	-0.060000	-0.530000	-0.580000	-0.740000	-0.120000
2238	YGR079W  	-0.340000	-1.000000	-0.510000	-1.740000	-1.030000	-1.360000	-1.090000	0.770000
2240	YGR081C  	1.010000	0.030000	-0.380000	-0.670000	-0.490000	-1.600000	-1.180000	-1.220000
2244	YGR085C  	0.630000	0.100000	0.030000	-0.090000	-0.090000	-0.940000	-0.920000	-1.180000
2258	YGR099W  	-0.450000	-0.450000	-1.400000	-0.580000	-0.580000	-1.090000	-1.400000	-0.580000
2260	YGR101W  	-0.670000	-0.740000	-0.490000	-0.220000	-0.450000	-0.290000	-0.380000	-1.510000
2262	YGR103W  	0.960000	0.630000	0.140000	-0.670000	-0.810000	-1.740000	-2.470000	-2.400000
2274	YGR115C  	1.200000	0.690000	1.070000	0.460000	0.550000	0.590000	0.420000	-0.510000
2277	YGR118W  	0.580000	0.430000	0.230000	-0.220000	-0.090000	-0.690000	-1.600000	-2.060000
2288	YGR129W  	-0.450000	-0.740000	-0.420000	-1.150000	-0.710000	-0.740000	-1.120000	-0.640000
2296	YGR137W  	-0.560000	-0.450000	0.690000	0.640000	0.660000	0.580000	1.080000	1.240000
2297	YGR138C  	-1.220000	-0.670000	-0.540000	-0.470000	-0.600000	-0.320000	-0.070000	-0.060000
2303	YGR144W  	-1.030000	-0.710000	-0.400000	-0.450000	-0.360000	1.460000	-0.470000	0.080000
2304	YGR145W  	0.560000	0.430000	0.030000	-1.360000	-1.890000	-1.940000	-2.400000	-2.060000
2305	YGR146C  	-0.060000	-0.180000	-0.200000	0.280000	0.080000	0.570000	0.430000	1.540000
2307	YGR148C  	0.540000	0.410000	0.190000	0.100000	0.110000	-0.300000	-1.360000	-1.510000
2308	YGR149W  	0.100000	0.140000	0.590000	1.160000	0.400000	1.670000	1.910000	1.560000
2321	YGR162W  	0.250000	0.050000	0.080000	-0.160000	-0.530000	-0.810000	-1.110000	-2.120000
2332	YGR173W  	0.060000	-0.470000	-0.360000	-1.360000	-0.920000	-1.360000	-1.560000	-1.430000
2334	YGR175C  	0.280000	-0.540000	-0.640000	-1.290000	-0.510000	-0.510000	-0.290000	-0.320000
2343	YGR184C  	-1.020000	-0.970000	-0.160000	-1.400000	0.000000	-0.250000	-0.440000	-3.470000
2368	YGR209C  	-0.320000	0.190000	2.290000	2.450000	2.500000	1.960000	1.620000	1.360000
2373	YGR214W  	0.230000	0.110000	-0.140000	-0.030000	-0.060000	-0.560000	-1.740000	-2.640000
2385	YGR226C  	-1.320000	-0.180000	-0.360000	-0.890000	-0.580000	0.110000	0.620000	-0.180000
2391	YGR232W  	-0.490000	-1.840000	0.210000	-0.040000	0.670000	0.440000	0.530000	0.440000
2393	YGR234W  	-0.030000	-0.220000	-0.890000	-1.690000	-1.640000	-2.120000	-3.180000	-3.640000
2396	YGR237C  	0.040000	0.650000	0.480000	0.700000	1.300000	1.390000	1.690000	1.460000
2403	YGR244C  	-0.580000	-0.090000	-0.340000	0.540000	0.520000	0.490000	1.020000	1.260000
2404	YGR245C  	0.660000	0.480000	0.060000	-1.090000	-1.510000	-1.840000	-2.470000	-2.320000
2408	YGR249W  	-1.320000	-1.690000	-0.890000	-0.890000	-0.710000	-0.640000	-0.430000	0.330000
2410	YGR251W  	0.720000	-0.170000	-0.180000	-1.250000	-0.470000	-1.250000	-1.290000	-0.890000
2413	YGR254W  	0.850000	0.750000	1.370000	1.130000	1.090000	0.960000	1.070000	0.280000
2430	YGR271W  	-1.300000	0.070000	-0.190000	0.240000	-0.530000	-0.380000	-1.250000	-0.300000
2431	YGR272C  	1.010000	0.630000	-0.200000	-0.740000	-1.320000	-0.760000	-1.890000	-1.290000
2442	YGR283C  	1.140000	0.300000	-0.010000	-0.320000	-0.290000	-0.340000	-0.970000	-1.060000
2443	YGR284C  	0.420000	1.140000	1.470000	1.910000	2.000000	2.200000	2.460000	2.250000
2449	YGR290W  	-1.400000	-0.580000	-1.470000	-0.940000	-0.860000	-0.560000	-1.000000	-0.420000
2453	YGR294W  	-0.070000	-0.070000	0.040000	0.880000	0.960000	0.940000	1.400000	1.380000
2456	YHL001W  	1.040000	0.590000	0.710000	0.080000	-0.070000	-0.400000	-0.940000	-1.400000
2470	YHL015W  	0.450000	0.320000	0.500000	-0.150000	-0.170000	-0.360000	-1.030000	-1.790000
2480	YHL025W  	-1.290000	-0.710000	-0.490000	-0.290000	-0.400000	-0.400000	-0.490000	0.080000
2481	YHL026C  	-0.840000	-0.690000	-0.670000	-0.890000	-1.000000	-0.690000	-1.150000	-0.710000
2482	YHL027W  	-1.290000	-1.120000	-0.430000	-0.440000	-0.230000	0.230000	0.290000	-0.100000
2483	YHL028W  	-1.150000	-0.490000	-0.340000	-1.120000	-0.170000	-0.470000	-1.180000	-1.120000
2484	YHL029C  	-1.400000	-0.560000	-0.180000	-0.360000	-0.740000	-0.840000	-0.380000	-0.740000
2488	YHL033C  	0.580000	0.360000	-0.150000	-0.450000	-0.290000	-0.940000	-1.510000	-2.250000
2499	YHL044W  	-1.430000	-0.740000	-0.620000	-0.030000	0.000000	-0.540000	-0.450000	0.120000
2501	YHL046C  	-0.230000	-0.120000	0.070000	0.900000	1.000000	0.900000	1.320000	1.460000
2503	YHL048W  	-0.490000	-0.010000	0.360000	1.000000	0.830000	0.990000	1.160000	1.380000
2506	YHR001W  	-1.250000	-0.760000	-0.470000	-0.710000	-0.540000	0.070000	-0.030000	-0.060000
2514	YHR007C  	-0.010000	-0.250000	-1.180000	-1.360000	-2.290000	-1.260000	-0.580000	-0.570000
2515	YHR008C  	0.700000	0.880000	1.300000	0.980000	-1.690000	0.540000	0.460000	1.640000
2521	YHR014W  	-0.450000	0.850000	0.580000	0.460000	-1.320000	-1.330000	-0.680000	-0.070000
2523	YHR016C  	-0.090000	-0.400000	-0.340000	-0.340000	-1.240000	-0.540000	-0.350000	-0.270000
2527	YHR020W  	-0.300000	-0.450000	-0.220000	-0.290000	-1.180000	-0.600000	-1.060000	-1.150000
2531	YHR023W  	1.130000	-0.910000	-0.420000	-0.520000	-1.180000	-1.160000	-1.040000	-0.490000
2540	YHR032W  	-1.720000	-1.030000	-0.760000	-0.290000	-1.060000	-1.090000	-0.570000	1.030000
2542	YHR034C  	-0.990000	-1.600000	-1.200000	-0.120000	-0.340000	-0.540000	-1.210000	-0.040000
2544	YHR036W  	-1.090000	-0.920000	-1.060000	-0.710000	-0.920000	-0.840000	-1.690000	-0.420000
2553	YHR045W  	-0.760000	-0.560000	-1.040000	0.290000	-0.960000	-0.580000	-0.060000	1.550000
2561	YHR052W  	0.910000	0.770000	-0.070000	-0.400000	-0.970000	-0.620000	-1.250000	-1.690000
2562	YHR053C  	0.030000	-0.200000	-0.380000	-0.430000	-0.600000	-0.740000	-1.430000	-1.690000
2563	YHR054C  	0.810000	1.320000	0.810000	0.310000	0.190000	0.770000	0.620000	0.920000
2564	YHR055C  	0.010000	-0.120000	-0.340000	-0.470000	-0.560000	-0.690000	-1.510000	-1.740000
2567	YHR058C  	-0.290000	-1.250000	-0.090000	-0.600000	-0.180000	0.250000	0.200000	-0.840000
2573	YHR064C  	0.000000	0.120000	-0.790000	-0.220000	-0.230000	-0.140000	-0.890000	-1.180000
2575	YHR066W  	1.080000	0.630000	-0.140000	-1.180000	-1.030000	-0.860000	-1.940000	-2.000000
2587	YHR078W  	-1.200000	-0.500000	0.080000	-0.220000	-0.510000	-0.040000	-0.580000	-0.410000
2588	YHR079C  	-1.150000	-0.760000	-0.220000	-0.970000	-0.710000	-0.560000	-0.760000	-0.580000
2590	YHR081W  	0.240000	0.310000	-0.090000	-0.810000	-0.640000	-0.840000	-1.150000	-1.090000
2596	YHR087W  	-1.890000	-0.860000	0.180000	1.470000	2.490000	3.360000	4.350000	3.770000
2598	YHR089C  	0.500000	0.070000	-0.140000	-0.690000	-0.760000	-1.400000	-2.000000	-2.470000
2606	YHR097C  	-0.100000	-0.150000	0.450000	1.660000	2.260000	2.100000	2.820000	2.660000
2610	YHR101C  	-1.220000	-0.620000	-0.470000	-0.270000	-0.140000	-0.380000	-0.670000	0.140000
2629	YHR120W  	-1.400000	-0.150000	-1.220000	0.000000	-0.270000	-0.600000	-1.600000	-0.620000
2646	YHR137W  	-0.710000	-0.510000	-0.920000	-0.690000	-1.150000	-0.380000	-0.450000	-0.760000
2648	YHR139C  	-1.220000	-0.810000	-0.790000	-0.120000	0.070000	-0.890000	0.200000	0.390000
2651	YHR141C  	0.580000	0.060000	0.560000	0.260000	-0.140000	-0.250000	-0.860000	-1.320000
2653	YHR143W  	0.030000	-0.030000	0.000000	-0.060000	-0.060000	-0.270000	-0.810000	-1.360000
2656	YHR145C  	0.070000	0.190000	0.710000	0.700000	0.920000	1.140000	1.120000	0.970000
2659	YHR148W  	0.290000	-0.420000	-0.580000	-1.360000	-1.560000	-1.000000	-1.790000	-2.560000
2662	YHR151C  	-0.620000	-0.640000	-0.560000	0.520000	-1.180000	-0.600000	-1.740000	-1.560000
2663	YHR152W  	0.070000	-0.230000	-0.180000	-1.060000	-1.180000	-0.860000	-0.790000	-0.860000
2673	YHR162W  	0.860000	1.050000	1.190000	0.710000	0.880000	0.720000	0.510000	0.010000
2679	YHR168W  	-1.250000	-0.920000	-0.380000	-0.620000	-0.580000	-0.840000	-0.890000	-0.600000
2680	YHR169W  	-0.290000	-0.290000	-0.860000	-1.150000	-1.180000	-0.940000	-1.430000	-1.250000
2681	YHR170W  	-0.640000	-0.710000	-1.120000	-1.470000	-1.510000	-1.640000	-1.890000	-1.940000
2682	YHR171W  	-1.290000	-1.150000	-0.540000	-1.220000	-0.600000	-0.010000	-0.380000	-0.510000
2683	YHR172W  	-1.430000	-0.420000	-0.150000	-0.450000	0.190000	-0.290000	-0.540000	-0.400000
2685	YHR174W  	0.760000	0.320000	1.190000	0.780000	0.840000	0.900000	1.030000	0.490000
2707	YHR196W  	0.880000	0.210000	0.030000	-0.840000	-0.860000	-1.290000	-1.790000	-1.940000
2714	YHR203C  	0.550000	0.110000	0.040000	0.040000	-0.140000	-0.300000	-1.120000	-1.320000
2720	YHR209W  	-0.890000	-0.840000	-0.760000	0.630000	0.290000	0.840000	1.160000	2.040000
2724	YHR213W  	-1.220000	-0.620000	-0.920000	-1.640000	-0.200000	-0.580000	-0.300000	-0.450000
2728	YHR215W  	0.330000	-0.890000	-0.230000	-1.220000	-1.430000	-1.600000	-1.890000	-1.890000
2745	YIL012W  	-1.400000	-0.690000	-0.860000	-0.690000	-1.640000	-0.940000	-0.600000	-1.150000
2746	YIL013C  	-3.320000	-0.270000	-0.290000	0.460000	-1.410000	-0.710000	-0.780000	-1.790000
2751	YIL018W  	0.410000	0.190000	0.150000	0.030000	0.030000	-0.170000	-1.060000	-2.320000
2752	YIL019W  	0.360000	-0.170000	-0.400000	-1.470000	-1.640000	-1.180000	-1.790000	-2.120000
2754	YIL021W  	0.230000	-0.300000	-0.040000	-0.640000	-0.300000	-0.400000	-0.760000	-1.430000
2758	YIL025C  	-0.710000	-0.320000	-0.420000	-1.060000	-1.320000	-0.100000	-1.640000	-1.120000
2761	YIL028W  	-1.290000	-0.490000	-0.670000	-0.580000	-1.060000	-0.970000	-0.810000	-0.320000
2771	YIL038C  	0.110000	-0.010000	0.000000	-0.180000	-0.510000	-0.320000	-1.060000	-1.360000
2778	YIL045W  	-1.220000	-0.810000	0.040000	-0.090000	0.210000	0.360000	0.250000	0.780000
2782	YIL049W  	0.180000	0.500000	0.990000	1.370000	1.220000	1.180000	1.410000	1.370000
2785	YIL052C  	0.040000	-0.010000	-0.450000	-0.450000	-0.540000	-1.120000	-1.790000	-2.000000
2786	YIL053W  	0.550000	1.040000	0.210000	0.320000	1.010000	1.020000	1.230000	0.720000
2791	YIL058W  	-1.150000	-0.810000	-0.620000	-0.640000	-0.640000	-0.430000	-0.810000	-0.400000
2793	YIL060W  	-0.030000	0.180000	0.780000	0.990000	1.040000	1.200000	1.080000	1.510000
2795	YIL062C  	-0.470000	-0.510000	-0.150000	0.370000	0.190000	0.320000	0.630000	1.290000
2797	YIL064W  	-0.320000	-0.090000	-0.620000	-0.810000	-0.860000	-0.940000	-1.220000	-0.430000
2819	YIL086C  	-0.620000	-0.690000	0.010000	-0.700000	-0.870000	-1.150000	-0.030000	0.160000
2834	YIL101C  	-1.790000	-0.810000	-1.470000	-0.340000	0.530000	0.700000	1.360000	1.790000
2835	YIL102C  	-2.940000	-1.890000	-2.470000	-0.250000	0.260000	0.160000	1.000000	-0.620000
2840	YIL107C  	-0.150000	-0.450000	-0.540000	0.450000	0.550000	0.990000	1.110000	1.870000
2846	YIL113W  	-0.970000	-1.360000	-0.540000	-0.320000	0.280000	-0.510000	-0.340000	0.180000
2860	YIL127C  	0.940000	0.820000	0.100000	-0.140000	-0.810000	-0.580000	-1.430000	-1.600000
2873	YIL140W  	-1.510000	-1.030000	-0.320000	0.010000	0.070000	0.490000	0.300000	0.580000
2881	YIL148W  	0.440000	0.010000	0.180000	-0.120000	-0.090000	-0.640000	-0.920000	-1.290000
2884	YIL151C  	0.410000	0.110000	-0.100000	-0.320000	-0.660000	-0.220000	-1.350000	-0.090000
2885	YIL152W  	-0.400000	0.580000	0.380000	0.160000	0.700000	0.580000	1.310000	1.150000
2889	YIL156W  	-0.090000	0.630000	0.720000	0.530000	1.300000	0.910000	0.980000	1.010000
2891	YIL158W  	0.240000	-0.070000	-0.430000	-1.360000	-0.620000	-1.030000	-1.560000	-1.220000
2893	YIL160C  	-1.150000	-0.760000	-0.200000	-1.090000	-0.760000	-0.540000	-0.670000	0.190000
2908	YIL175W  	-1.600000	0.890000	-0.430000	0.080000	0.080000	0.540000	0.300000	0.280000
2909	YIL176C  	0.390000	0.190000	0.600000	1.120000	1.320000	1.350000	1.800000	2.010000
2923	YIR013C  	-1.220000	-0.560000	-1.290000	-0.320000	-0.890000	-2.400000	-1.400000	-0.710000
2928	YIR018W  	-0.760000	-0.740000	-0.580000	-0.450000	-1.320000	-0.230000	-0.970000	0.240000
2929	YIR019C  	-1.790000	-0.570000	0.980000	0.200000	-1.320000	-0.490000	0.370000	1.040000
2930	YIR020C  	-1.220000	-0.580000	-1.250000	-0.920000	-0.230000	-0.200000	-1.290000	-0.230000
2942	YIR032C  	-0.600000	-0.900000	-1.400000	-0.140000	-0.810000	-0.580000	0.850000	-0.140000
2953	YIR043C  	-0.170000	0.010000	0.760000	0.480000	0.520000	0.990000	1.310000	0.930000
2959	YJL005W  	-1.000000	0.770000	-0.970000	1.300000	-1.220000	-0.670000	-0.370000	0.330000
2961	YJL007C  	-1.090000	0.120000	-0.120000	-1.030000	-0.360000	-0.090000	-2.640000	-0.740000
2969	YJL015C  	-0.230000	-0.320000	0.080000	0.820000	0.360000	1.120000	1.980000	2.480000
2971	YJL017W  	-1.470000	0.060000	-0.200000	-0.220000	-0.040000	0.150000	0.640000	0.690000
2973	YJL019W  	-1.840000	-0.230000	-0.380000	-0.270000	-1.250000	-0.890000	-1.600000	-0.180000
2975	YJL021C  	-0.070000	-0.320000	-0.170000	0.320000	0.670000	1.310000	1.590000	1.370000
2977	YJL023C  	-1.290000	-0.380000	0.110000	-0.360000	0.180000	0.290000	0.240000	0.530000
2987	YJL033W  	0.370000	0.030000	-0.430000	-1.360000	-1.250000	-1.360000	-1.510000	-1.290000
2989	YJL035C  	-0.560000	0.740000	0.950000	0.920000	1.580000	1.500000	1.600000	1.620000
3003	YJL050W  	0.220000	-0.470000	-0.560000	-0.540000	-1.090000	-1.140000	-1.310000	-1.180000
3011	YJL058C  	-0.810000	-1.220000	-0.180000	0.040000	-0.690000	-0.250000	0.040000	0.190000
3013	YJL060W  	-1.250000	-0.860000	-0.510000	-0.230000	0.100000	0.030000	0.480000	0.640000
3019	YJL066C  	-1.400000	-0.740000	-0.200000	-0.200000	0.240000	-0.010000	0.380000	0.240000
3035	YJL082W  	-1.320000	-1.600000	-1.090000	-0.380000	-0.510000	-1.430000	-1.060000	0.060000
3042	YJL089W  	-1.320000	-1.000000	-0.180000	-1.060000	-0.860000	-0.580000	0.040000	-1.150000
3044	YJL091C  	0.440000	1.020000	1.150000	1.210000	1.510000	1.740000	1.320000	0.980000
3047	YJL094C  	-0.620000	-0.290000	-0.720000	-0.330000	-1.180000	-0.320000	0.050000	-0.640000
3059	YJL106W  	-1.290000	-0.040000	-0.030000	-0.090000	-0.170000	0.140000	-0.300000	-0.100000
3061	YJL108C  	-1.000000	-0.760000	0.440000	-0.230000	0.300000	0.300000	0.680000	1.400000
3066	YJL113W  	-0.270000	-0.370000	-0.180000	0.960000	-0.060000	-0.380000	-2.560000	-0.920000
3067	YJL114W  	-0.940000	-1.690000	-0.170000	-0.400000	-0.270000	-0.100000	0.260000	0.230000
3068	YJL115W  	0.230000	0.340000	0.340000	-0.920000	-0.920000	-1.290000	-1.220000	-0.580000
3071	YJL118W  	-1.480000	-0.920000	-0.700000	-0.640000	-0.070000	-1.640000	-0.550000	-0.280000
3073	YJL120W  	-1.480000	-3.180000	-0.100000	-0.320000	0.120000	-0.310000	-0.790000	0.110000
3083	YJL130C  	0.580000	-2.250000	-0.190000	0.330000	-1.090000	0.230000	-1.600000	0.100000
3089	YJL136C  	1.490000	0.930000	0.430000	-0.130000	0.160000	-0.670000	-1.220000	-2.000000
3091	YJL138C  	0.280000	-0.580000	-0.060000	-0.540000	-0.320000	-0.740000	-0.710000	-1.150000
3097	YJL144W  	-1.740000	-0.670000	0.080000	0.040000	0.040000	-0.490000	0.770000	0.960000
3124	YJL171C  	-0.430000	-0.450000	0.180000	1.120000	0.690000	1.120000	0.830000	1.640000
3130	YJL177W  	0.240000	-0.140000	-0.120000	-0.170000	-0.030000	-0.840000	-1.510000	-1.840000
3135	YJL182C  	-1.150000	-0.710000	-0.150000	-0.810000	-0.940000	-0.710000	-0.920000	-0.970000
3136	YJL183W  	-0.010000	-0.340000	-0.360000	-0.890000	-0.510000	-0.560000	-1.120000	-1.510000
3139	YJL186W  	-0.560000	-0.740000	-0.140000	-1.320000	-0.840000	-0.810000	-1.250000	-1.400000
3141	YJL188C  	0.770000	0.070000	0.310000	-0.070000	-0.320000	-0.600000	-1.180000	-1.890000
3142	YJL189W  	0.510000	0.200000	0.120000	0.010000	0.120000	-0.270000	-1.090000	-1.740000
3143	YJL190C  	0.660000	0.120000	0.420000	-0.120000	-0.220000	-0.640000	-1.400000	-2.000000
3144	YJL191W  	0.190000	-0.040000	0.110000	-0.230000	-0.090000	-0.490000	-1.320000	-1.890000
3164	YJL212C  	-1.250000	-1.250000	-0.690000	-0.450000	-0.430000	-0.740000	-0.760000	-0.320000
3168	YJL216C  	-2.060000	-0.490000	-0.220000	-0.490000	-0.640000	0.250000	-0.540000	-0.450000
3172	YJL220W  	-1.220000	0.580000	-0.780000	-0.300000	-0.180000	-0.580000	-0.670000	0.470000
3175	YJL223C  	-0.070000	-0.150000	0.390000	0.900000	1.020000	0.980000	1.500000	1.690000
3178	YJR002W  	-0.130000	-0.190000	-0.590000	-1.250000	-1.190000	-1.070000	-1.620000	-1.460000
3219	YJR042W  	0.370000	-0.140000	-0.450000	-0.210000	-1.400000	-0.430000	-0.380000	-0.420000
3225	YJR048W  	-0.940000	-1.180000	-1.220000	-0.810000	-0.860000	-0.710000	-0.300000	-0.250000
3229	YJR052W  	-1.090000	-1.180000	-0.760000	-0.510000	-0.620000	-0.200000	-0.580000	-0.220000
3236	YJR059W  	0.550000	0.710000	1.030000	0.680000	1.050000	1.200000	1.320000	1.170000
3240	YJR063W  	0.230000	-0.170000	-0.120000	-0.970000	-1.220000	-0.940000	-1.510000	-1.000000
3241	YJR064W  	-0.010000	-0.120000	-0.640000	-0.180000	0.000000	-0.090000	-0.970000	-1.510000
3247	YJR070C  	0.120000	-0.010000	0.030000	-0.150000	-0.860000	-0.710000	-1.470000	-1.510000
3250	YJR073C  	0.290000	0.820000	0.730000	0.800000	1.610000	1.490000	2.620000	2.640000
3261	YJR085C  	0.030000	-0.010000	0.310000	0.480000	1.250000	0.990000	1.190000	1.610000
3262	YJR086W  	0.650000	0.280000	0.340000	0.590000	0.820000	0.860000	1.210000	0.930000
3268	YJR092W  	-0.340000	-0.170000	-0.560000	-0.560000	-1.150000	-0.860000	-2.740000	-0.890000
3270	YJR094C  	-0.580000	-0.250000	-0.670000	-0.620000	-0.620000	-0.360000	-1.150000	-0.670000
3273	YJR096W  	-0.760000	-0.600000	-0.290000	-0.220000	0.450000	0.240000	0.530000	1.320000
3281	YJR104C  	0.730000	1.080000	2.330000	2.200000	2.310000	1.260000	1.820000	1.320000
3297	YJR120W  	0.880000	0.700000	0.670000	0.480000	0.900000	0.600000	1.190000	0.490000
3304	YJR127C  	-0.610000	-0.400000	-1.090000	-0.620000	-1.140000	0.300000	-0.670000	-0.200000
3308	YJR131W  	-1.470000	-1.250000	-0.740000	0.030000	-0.470000	0.140000	-0.120000	-0.690000
3329	YJR152W  	-1.430000	-0.430000	0.450000	-0.510000	-0.560000	0.110000	-0.010000	0.060000
3338	YJR161C  	0.140000	0.160000	0.960000	1.210000	1.160000	1.400000	1.360000	1.540000
3340	YKL001C  	-0.560000	0.190000	-0.060000	1.620000	1.520000	0.370000	0.260000	1.690000
3341	YKL002W  	0.140000	-0.010000	0.340000	0.430000	0.710000	0.600000	1.260000	0.390000
3349	YKL009W  	1.060000	0.860000	-0.070000	-1.360000	-1.090000	-1.470000	-2.180000	-2.470000
3352	YKL012W  	0.280000	0.400000	0.400000	0.710000	1.200000	1.090000	0.700000	1.300000
3353	YKL013C  	-0.100000	0.330000	0.480000	0.800000	0.890000	0.790000	1.520000	1.510000
3354	YKL014C  	-0.380000	-0.040000	-0.440000	-0.580000	-1.290000	-0.940000	-0.990000	-0.940000
3366	YKL026C  	-1.180000	-0.580000	-0.690000	-0.360000	-0.690000	-0.490000	-0.320000	0.160000
3370	YKL030W  	0.520000	0.360000	-0.360000	-0.860000	-1.470000	-1.090000	-1.360000	-0.740000
3383	YKL043W  	0.370000	1.410000	1.400000	0.700000	0.430000	-0.010000	0.510000	0.010000
3402	YKL062W  	-1.180000	-2.060000	-0.790000	-0.620000	-1.320000	-0.640000	-0.400000	-0.030000
3404	YKL064W  	0.610000	0.430000	0.210000	0.830000	1.320000	1.290000	0.980000	1.550000
3409	YKL069W  	-1.000000	-0.510000	-1.290000	0.160000	-0.620000	0.080000	0.410000	0.460000
3411	YKL071W  	-1.600000	-1.180000	-0.790000	0.000000	-0.620000	-0.620000	-0.860000	-0.070000
3413	YKL073W  	0.480000	0.980000	1.500000	1.660000	1.980000	1.610000	1.670000	1.400000
3421	YKL081W  	0.570000	0.700000	0.160000	0.300000	0.150000	-0.230000	-0.890000	-1.600000
3423	YKL083W  	0.340000	0.180000	-0.280000	-1.430000	-0.680000	-0.700000	-0.890000	-0.760000
3431	YKL091C  	-1.250000	-0.540000	-0.060000	-0.360000	-0.180000	0.260000	0.280000	-0.470000
3433	YKL093W  	-1.250000	-0.940000	-0.620000	-0.860000	-0.710000	-0.230000	-0.670000	-0.710000
3436	YKL096W  	-0.430000	-0.180000	0.340000	0.810000	1.110000	1.180000	1.570000	0.930000
3439	YKL099C  	0.710000	0.300000	-0.510000	-0.690000	-0.920000	-0.790000	-1.560000	-1.430000
3440	YKL100C  	0.450000	0.510000	1.390000	0.590000	0.820000	1.280000	1.070000	0.400000
3443	YKL103C  	0.310000	0.260000	0.970000	2.080000	2.680000	2.220000	2.910000	3.140000
3444	YKL104C  	0.850000	1.200000	1.210000	1.020000	1.720000	2.140000	1.810000	1.820000
3447	YKL107W  	-1.320000	-1.250000	-0.360000	-0.640000	-0.180000	-0.620000	0.160000	-0.090000
3453	YKL113C  	0.320000	-0.070000	-0.150000	-0.740000	-0.790000	-0.870000	-1.200000	-1.290000
3512	YKL172W  	1.180000	1.020000	0.080000	-0.200000	-0.290000	-0.840000	-0.790000	-0.920000
3518	YKL178C  	-1.360000	-0.180000	-0.430000	-1.600000	-0.810000	-0.320000	-0.760000	-1.120000
3520	YKL180W  	0.770000	0.200000	0.580000	-0.270000	-0.180000	-0.740000	-1.250000	-2.250000
3521	YKL181W  	-0.200000	-0.470000	-0.360000	-0.340000	-0.790000	-0.640000	-0.810000	-1.150000
3522	YKL182W  	-0.150000	-0.290000	-0.570000	-0.300000	-1.330000	-0.750000	-0.610000	-1.130000
3525	YKL185W  	-0.490000	-0.640000	-0.470000	-0.970000	-0.790000	-0.860000	-1.510000	-1.000000
3533	YKL193C  	0.520000	0.680000	0.730000	1.210000	1.560000	1.440000	1.200000	1.220000
3540	YKL201C  	0.400000	1.190000	1.300000	1.220000	1.460000	1.360000	1.510000	1.330000
3541	YKL202W  	0.700000	1.120000	1.460000	1.060000	1.320000	1.060000	1.680000	1.380000
3547	YKL208W  	-1.890000	-0.670000	-0.290000	-0.010000	-0.540000	-0.360000	0.390000	-0.250000
3556	YKL217W  	-1.290000	-0.430000	-0.670000	-0.430000	-0.670000	-1.000000	-0.380000	0.000000
3563	YKL224C  	0.300000	0.240000	0.750000	0.890000	1.380000	1.500000	2.010000	1.780000
3588	YKR024C  	-0.300000	-0.740000	-0.810000	-1.400000	-1.250000	-1.840000	-1.740000	-1.360000
3610	YKR046C  	-0.710000	-1.090000	-0.600000	-0.030000	0.040000	0.390000	1.460000	1.610000
3613	YKR049C  	-1.360000	-0.290000	0.550000	-0.070000	-0.200000	0.080000	0.570000	0.940000
3619	YKR055W  	-0.670000	-0.200000	-0.430000	-0.920000	-1.250000	-0.860000	-1.030000	-1.250000
3620	YKR056W  	0.430000	0.070000	-0.810000	-0.970000	-1.000000	-0.860000	-1.790000	-1.560000
3621	YKR057W  	1.790000	1.420000	1.290000	-0.170000	0.000000	-0.600000	-1.360000	-2.060000
3623	YKR059W  	0.440000	0.040000	0.460000	-0.300000	-0.360000	-0.380000	-0.580000	-1.510000
3624	YKR060W  	-0.290000	-0.120000	-0.470000	-0.690000	-0.670000	-0.670000	-1.290000	-1.290000
3630	YKR066C  	-0.540000	-0.040000	1.460000	2.010000	0.980000	0.200000	0.390000	0.490000
3639	YKR075C  	-1.560000	-1.090000	-0.290000	-0.340000	-0.470000	-0.340000	-0.180000	-0.690000
3640	YKR076W  	-1.150000	-0.860000	-0.540000	-0.300000	0.000000	-0.740000	-0.040000	0.740000
3645	YKR081C  	-0.420000	-0.360000	-1.150000	-1.360000	-1.510000	-1.890000	-2.180000	-2.180000
3655	YKR091W  	-1.000000	0.040000	0.320000	0.820000	1.630000	1.970000	2.530000	2.820000
3656	YKR092C  	-0.150000	-0.290000	-0.790000	-1.120000	-1.320000	-1.400000	-2.180000	-1.560000
3658	YKR094C  	0.550000	0.260000	0.200000	0.230000	-0.010000	-0.340000	-1.090000	-1.150000
3659	YKR095W  	-1.290000	0.330000	-1.060000	-0.270000	-0.110000	-0.880000	-0.810000	-1.290000
3674	YLL004W  	-0.710000	0.100000	-0.670000	0.060000	-1.560000	-0.760000	-1.560000	-0.380000
3676	YLL006W  	-1.120000	-1.290000	-0.920000	-0.600000	-1.250000	-0.300000	-0.230000	-0.640000
3690	YLL020C  	0.000000	-0.040000	0.060000	0.640000	0.610000	0.380000	0.770000	1.160000
3692	YLL022C  	-1.430000	-0.710000	-0.170000	-0.360000	-1.320000	-0.790000	-1.060000	-1.400000
3696	YLL026W  	-1.400000	0.200000	-0.580000	1.130000	1.260000	1.160000	0.900000	1.530000
3703	YLL033W  	0.720000	-0.940000	-1.320000	-0.430000	-0.940000	-0.670000	-1.090000	0.240000
3704	YLL034C  	0.080000	-0.430000	-1.180000	-0.650000	-1.060000	-1.330000	-0.670000	-1.220000
3709	YLL039C  	0.830000	0.530000	0.880000	0.980000	0.870000	0.850000	1.250000	1.180000
3711	YLL041C  	-1.400000	-0.810000	0.030000	-0.450000	-0.490000	-0.010000	-0.230000	-0.270000
3714	YLL044W  	0.330000	0.200000	-0.510000	-0.430000	-0.420000	-0.640000	-2.180000	-2.740000
3715	YLL045C  	0.770000	0.860000	0.280000	-0.360000	-0.540000	-0.430000	-1.640000	-2.400000
3720	YLL050C  	0.230000	0.390000	0.690000	0.800000	0.940000	1.180000	0.560000	0.770000
3723	YLL053C  	-1.250000	-1.250000	-0.300000	-0.670000	-0.120000	-0.200000	0.000000	-1.290000
3726	YLL056C  	-1.360000	0.060000	-0.320000	-0.340000	-0.640000	-0.580000	-0.810000	-0.860000
3727	YLL057C  	-1.150000	-0.540000	-0.640000	-1.030000	-0.420000	-0.180000	-0.450000	-0.740000
3728	YLL058W  	-1.430000	-0.690000	-0.180000	-0.070000	-0.510000	-0.540000	-0.100000	-0.150000
3729	YLL059C  	-1.320000	-1.000000	-0.840000	-0.760000	-0.150000	-0.180000	-0.890000	-0.920000
3733	YLL063C  	-1.600000	-0.790000	-0.250000	-0.690000	-0.540000	-0.560000	0.380000	0.110000
3734	YLL064C  	-0.100000	-0.090000	0.230000	0.860000	0.910000	1.210000	1.360000	1.580000
3740	YLR003C  	0.670000	0.520000	-0.220000	-0.290000	-0.670000	-0.620000	-1.840000	-0.920000
3749	YLR012C  	-1.220000	0.620000	-0.760000	-0.970000	-1.320000	-0.380000	-0.040000	-0.470000
3754	YLR017W  	-0.740000	-0.230000	-0.450000	-0.540000	-1.180000	-0.940000	-0.920000	-0.580000
3759	YLR022C  	-0.700000	-2.740000	-0.140000	-0.650000	-1.030000	-0.190000	-0.430000	-0.120000
3765	YLR028C  	0.690000	1.230000	1.390000	1.050000	1.050000	0.680000	0.970000	0.700000
3782	YLR045C  	0.700000	0.190000	-0.200000	1.370000	-0.540000	-0.710000	-0.810000	-0.740000
3788	YLR051C  	1.200000	0.490000	-0.010000	-0.810000	-0.740000	-1.220000	-1.120000	-1.250000
3795	YLR058C  	-0.600000	-0.580000	-1.150000	-0.400000	-0.100000	-0.420000	-0.760000	-0.620000
3799	YLR062C  	0.540000	-0.060000	-0.140000	-0.230000	-0.180000	-1.180000	-1.690000	-2.180000
3803	YLR066W  	0.700000	0.690000	0.640000	1.170000	1.140000	0.900000	1.010000	0.960000
3805	YLR068W  	0.860000	0.240000	0.180000	-1.030000	-1.400000	-1.150000	-1.790000	-2.060000
3810	YLR073C  	-0.150000	0.100000	-0.320000	-0.690000	-0.890000	-0.710000	-2.320000	-1.320000
3811	YLR074C  	-0.290000	-0.290000	-0.170000	-1.000000	-1.180000	-1.220000	-1.470000	-1.790000
3812	YLR075W  	0.420000	0.300000	0.210000	0.150000	0.070000	-0.290000	-1.030000	-1.690000
3813	YLR076C  	0.540000	-0.220000	0.310000	-0.200000	-0.400000	-0.640000	-1.120000	-1.940000
3824	YLR087C  	-0.230000	0.500000	0.100000	-0.690000	-0.890000	-1.590000	-0.820000	-0.560000
3830	YLR093C  	0.510000	0.390000	0.410000	0.930000	1.180000	0.960000	1.260000	1.630000
3840	YLR103C  	-0.860000	-0.670000	-0.430000	-0.860000	-0.940000	-1.180000	-0.970000	-0.920000
3845	YLR108C  	0.010000	1.100000	1.580000	1.320000	0.720000	0.690000	0.580000	0.860000
3846	YLR109W  	0.340000	0.780000	1.060000	1.450000	1.880000	1.660000	1.070000	0.950000
3878	YLR141W  	-0.810000	0.280000	-0.420000	-0.510000	-1.320000	-1.840000	-0.090000	0.580000
3887	YLR150W  	0.370000	-0.510000	-0.290000	-0.290000	-0.170000	-0.740000	-0.920000	-1.360000
3895	YLR158C  	0.390000	0.410000	0.780000	1.380000	1.740000	1.200000	2.150000	1.760000
3897	YLR160C  	0.570000	0.790000	1.030000	1.660000	1.520000	1.050000	2.040000	1.650000
3899	YLR162W  	-1.120000	-1.510000	-0.510000	-1.060000	-0.740000	-1.000000	-0.920000	-0.970000
3904	YLR167W  	0.860000	0.620000	0.400000	0.290000	0.310000	0.080000	-0.510000	-1.220000
3910	YLR173W  	-1.220000	0.060000	-0.470000	-0.690000	-0.470000	-0.790000	-0.640000	0.060000
3911	YLR174W  	-1.840000	-0.740000	-0.250000	-0.810000	-0.970000	-0.580000	-0.810000	-0.490000
3912	YLR175W  	0.510000	0.430000	0.250000	-0.150000	-0.470000	-0.600000	-1.290000	-1.790000
3920	YLR183C  	-0.640000	-0.600000	-0.670000	-0.490000	-1.030000	-0.740000	-1.400000	-1.250000
3922	YLR185W  	0.320000	0.040000	0.150000	0.250000	0.110000	-0.230000	-1.320000	-1.640000
3925	YLR188W  	-1.470000	-0.710000	0.360000	0.110000	-0.540000	-0.230000	-0.220000	-0.120000
3931	YLR194C  	-1.400000	-0.890000	1.370000	2.650000	2.700000	2.790000	3.410000	3.630000
3933	YLR196W  	0.580000	0.230000	0.070000	-1.060000	-1.360000	-1.560000	-1.840000	-2.180000
3935	YLR198C  	1.110000	0.700000	0.960000	0.060000	-0.120000	-0.740000	-0.890000	-1.430000
3972	YLR235C  	-0.840000	-1.400000	-1.180000	-0.890000	-1.290000	-1.870000	-0.690000	-0.090000
3983	YLR246W  	-0.920000	-1.180000	-1.060000	0.670000	-0.560000	-0.450000	-0.360000	-0.040000
3987	YLR250W  	-0.090000	0.230000	0.580000	1.270000	0.960000	1.060000	1.790000	1.230000
3989	YLR252W  	-1.180000	0.340000	0.030000	-0.180000	0.120000	1.260000	1.270000	1.580000
3992	YLR255C  	-0.760000	-1.150000	-0.620000	3.040000	-0.760000	-0.670000	-0.790000	-0.740000
3994	YLR257W  	0.010000	0.010000	0.590000	1.840000	1.620000	1.290000	1.940000	2.020000
3995	YLR258W  	-0.150000	-0.450000	0.180000	0.620000	1.220000	1.010000	1.790000	1.880000
4001	YLR264W  	0.310000	-0.060000	0.260000	-0.470000	-0.380000	-0.810000	-1.220000	-1.940000
4007	YLR270W  	-1.400000	-0.490000	0.110000	0.080000	-0.070000	0.450000	0.960000	0.490000
4014	YLR277C  	-0.690000	-0.400000	-0.320000	-0.450000	-0.860000	-0.860000	-0.860000	-1.150000
4018	YLR281C  	-0.480000	-0.600000	-0.800000	-0.510000	-0.260000	0.080000	0.100000	1.210000
4021	YLR284C  	-1.360000	-0.860000	0.240000	-0.790000	-0.560000	-0.690000	-0.250000	-0.290000
4023	YLR286C  	-0.120000	-0.290000	0.500000	0.290000	0.260000	-0.200000	-0.420000	-1.360000
4025	YLR287C-A	-0.040000	0.080000	0.070000	-0.230000	0.470000	-0.400000	-0.030000	-1.320000
4026	YLR288C  	-1.740000	-0.840000	0.250000	-1.090000	-0.740000	-0.270000	-0.470000	-0.420000
4028	YLR290C  	-0.090000	0.580000	0.140000	0.320000	0.600000	0.850000	1.230000	1.330000
4035	YLR297W  	-1.150000	0.110000	-0.710000	-0.380000	-0.860000	-0.840000	-0.670000	0.440000
4037	YLR299W  	-0.710000	-0.670000	-0.400000	0.180000	0.240000	0.150000	0.260000	1.200000
4041	YLR303W  	-0.640000	-0.560000	-0.220000	1.700000	2.310000	1.380000	1.690000	2.310000
4043	YLR305C  	-0.470000	-0.180000	-1.000000	-1.320000	-1.710000	-0.450000	-0.710000	-0.220000
4045	YLR307W  	-1.510000	-0.840000	-1.250000	-1.030000	-1.180000	-1.090000	-0.380000	-0.070000
4071	YLR332W  	-0.150000	-0.600000	-0.740000	0.530000	1.010000	0.810000	1.580000	1.210000
4072	YLR333C  	0.530000	0.200000	0.210000	0.110000	0.120000	-0.340000	-0.890000	-1.220000
4077	YLR339C  	0.320000	0.070000	0.100000	0.030000	0.100000	-0.450000	-1.220000	-1.640000
4081	YLR343W  	-1.690000	-0.400000	-0.640000	-0.320000	-0.580000	-0.140000	-0.790000	-0.490000
4082	YLR344W  	0.330000	0.030000	-0.010000	0.320000	0.110000	-0.600000	-1.090000	-1.560000
4088	YLR350W  	-0.070000	0.510000	1.210000	2.050000	2.160000	2.330000	2.750000	2.530000
4092	YLR354C  	0.310000	0.440000	0.560000	1.120000	1.560000	1.300000	1.510000	1.390000
4096	YLR358C  	1.130000	1.270000	1.170000	0.640000	0.460000	0.560000	0.100000	-0.230000
4103	YLR365W  	-1.150000	-0.220000	-0.710000	-1.030000	-0.510000	-0.860000	-1.790000	-0.760000
4105	YLR367W  	0.370000	0.500000	0.860000	0.390000	0.230000	-0.030000	-1.150000	-1.600000
4107	YLR369W  	-0.640000	-0.290000	-0.120000	-1.360000	-0.320000	-0.220000	-0.380000	-0.290000
4108	YLR370C  	-0.250000	0.060000	0.040000	0.490000	1.000000	0.160000	1.310000	1.220000
4110	YLR372W  	0.680000	0.780000	0.030000	-0.120000	-0.150000	-0.070000	-0.890000	-1.840000
4115	YLR377C  	-0.620000	-0.840000	-1.220000	-1.090000	-1.320000	-1.690000	-0.700000	-0.710000
4116	YLR378C  	0.400000	0.620000	1.120000	1.090000	0.880000	1.380000	1.110000	0.550000
4122	YLR384C  	-0.640000	-0.250000	-0.860000	-0.230000	-1.220000	-1.360000	-1.560000	-1.320000
4126	YLR388W  	0.630000	0.140000	0.250000	-0.120000	-0.200000	-0.760000	-0.940000	-1.430000
4129	YLR392C  	-1.180000	-0.230000	-0.030000	0.070000	-0.340000	0.010000	-0.320000	-0.090000
4138	YLR401C  	-0.690000	-0.200000	-0.760000	-0.940000	-1.320000	-0.840000	-1.600000	-0.740000
4151	YLR414C  	0.120000	0.080000	1.200000	2.200000	2.330000	1.990000	2.710000	2.680000
4167	YLR430W  	-0.840000	-0.220000	-0.270000	-0.200000	-0.450000	-0.090000	-0.670000	-1.510000
4172	YLR435W  	0.480000	-0.040000	-0.380000	-0.940000	-1.000000	-1.790000	-1.120000	-1.600000
4177	YLR440C  	-1.940000	-1.600000	-1.090000	-1.060000	-2.250000	-1.840000	-1.510000	-1.600000
4179	YLR442C  	-0.820000	-0.580000	-0.760000	0.300000	-0.940000	-0.320000	-1.670000	-0.290000
4185	YLR448W  	0.390000	0.500000	-0.340000	-0.100000	-0.430000	-1.220000	-1.600000	-2.400000
4195	YLR458W  	-1.510000	-0.620000	-0.230000	-0.150000	-0.040000	0.140000	0.000000	-0.420000
4197	YLR460C  	-1.740000	-0.640000	-0.170000	-0.040000	-0.200000	0.080000	-0.360000	-0.970000
4198	YLR461W  	-0.430000	0.060000	0.080000	0.510000	0.900000	0.820000	1.290000	0.970000
4219	YML013W  	-1.250000	-0.250000	-0.220000	-0.690000	-0.230000	-0.200000	-0.150000	-0.250000
4228	YML022W  	0.160000	0.260000	-0.150000	-0.450000	-0.400000	-1.030000	-1.360000	-1.510000
4234	YML028W  	0.640000	1.180000	2.610000	2.090000	2.440000	2.320000	2.350000	2.050000
4238	YML032C  	-0.860000	-1.360000	-0.380000	-1.000000	-0.300000	-0.040000	-0.580000	-0.200000
4259	YML051W  	-0.760000	-1.470000	-0.640000	-0.920000	-0.340000	-0.360000	-0.400000	-0.140000
4282	YML073C  	1.150000	0.480000	0.340000	-0.200000	-0.170000	-1.060000	-1.400000	-1.840000
4285	YML076C  	0.360000	-0.810000	0.290000	0.140000	-0.490000	-1.400000	0.540000	-2.940000
4298	YML089C  	-1.360000	-1.220000	-0.340000	-0.040000	0.000000	-1.030000	0.250000	-0.690000
4302	YML093W  	0.580000	0.060000	-0.450000	-1.030000	-1.180000	-1.640000	-2.000000	-1.790000
4318	YML106W  	-0.300000	-0.470000	0.030000	-0.940000	-0.740000	-0.810000	-1.030000	-1.890000
4333	YML120C  	-1.360000	0.280000	-0.040000	-0.090000	-0.340000	0.460000	0.210000	0.460000
4335	YML122C  	-1.400000	-1.060000	0.040000	-0.380000	-0.400000	-0.300000	-0.450000	-0.340000
4336	YML123C  	0.240000	-0.120000	-0.710000	-1.150000	-1.060000	-0.840000	-1.150000	-0.810000
4341	YML128C  	-1.120000	-1.060000	0.070000	0.320000	0.600000	0.700000	1.610000	2.460000
4343	YML130C  	0.520000	2.000000	2.660000	2.940000	3.050000	3.120000	3.040000	3.350000
4345	YML132W  	0.120000	0.110000	0.460000	1.010000	1.190000	1.200000	1.210000	1.420000
4358	YMR012W  	-1.150000	-1.180000	-0.830000	-1.470000	-1.010000	-1.050000	-1.800000	-1.470000
4360	YMR014W  	1.270000	0.690000	0.210000	-1.000000	-0.620000	-0.970000	-1.320000	-1.180000
4368	YMR022W  	-0.090000	0.280000	0.610000	0.510000	0.810000	0.730000	1.380000	1.360000
4386	YMR039C  	0.610000	0.190000	0.150000	0.330000	0.900000	0.860000	1.660000	1.550000
4387	YMR040W  	-0.540000	0.240000	1.030000	2.480000	2.560000	3.440000	3.720000	4.060000
4396	YMR049C  	0.530000	0.120000	-0.640000	-1.000000	-1.290000	-1.400000	-2.060000	-2.250000
4404	YMR056C  	-0.840000	-1.740000	-0.690000	-0.100000	-0.620000	-0.220000	-0.100000	-0.040000
4405	YMR057C  	-1.740000	-0.760000	0.180000	0.040000	-0.420000	0.000000	0.500000	-0.450000
4406	YMR058W  	-0.220000	-0.470000	-0.220000	-0.170000	-0.840000	-1.320000	-0.840000	-1.220000
4425	YMR076C  	0.080000	-0.090000	-0.270000	-0.640000	-0.790000	-0.860000	-1.400000	-1.000000
4433	YMR084W  	-1.120000	-1.560000	-0.490000	-0.450000	-0.790000	-0.470000	-0.320000	-0.490000
4443	YMR093W  	-0.490000	-0.840000	-0.760000	-1.320000	-1.690000	-1.320000	-2.250000	-1.840000
4445	YMR095C  	-1.220000	0.120000	-0.250000	-0.490000	-0.620000	-0.890000	-0.100000	-0.180000
4446	YMR096W  	-1.890000	-0.620000	0.390000	-0.670000	-0.450000	0.190000	0.660000	1.230000
4447	YMR097C  	-0.450000	-0.710000	0.070000	0.030000	0.440000	0.360000	1.070000	1.850000
4452	YMR102C  	-1.290000	0.400000	0.470000	-0.010000	0.010000	0.290000	-0.410000	-0.120000
4454	YMR104C  	-1.690000	-0.360000	0.210000	-0.400000	-0.290000	0.010000	0.080000	0.950000
4457	YMR107W  	-1.740000	-0.740000	-1.030000	-0.940000	-1.120000	-0.970000	-1.000000	1.040000
4460	YMR110C  	-0.690000	0.000000	-0.100000	0.250000	0.530000	0.820000	1.420000	1.100000
4464	YMR114C  	0.100000	0.500000	0.710000	0.230000	0.610000	0.900000	0.990000	1.280000
4466	YMR116C  	0.480000	0.190000	0.080000	0.160000	-0.090000	0.330000	-1.600000	-2.250000
4473	YMR122C  	-1.320000	-1.560000	-0.740000	-0.420000	-0.940000	-0.300000	-0.300000	-0.540000
4479	YMR128W  	0.300000	0.350000	0.180000	-0.730000	-1.470000	-1.140000	-1.610000	-1.080000
4494	YMR142C  	0.580000	0.140000	0.210000	-0.580000	-0.470000	-1.060000	-1.740000	-1.740000
4495	YMR143W  	0.300000	0.360000	0.120000	0.080000	-0.300000	-0.560000	-1.120000	-1.180000
4503	YMR151W  	-0.810000	-1.640000	-0.420000	-0.560000	-0.710000	-0.030000	-0.220000	-0.060000
4508	YMR155W  	-1.290000	-0.250000	-0.710000	0.150000	-0.810000	-0.200000	-0.070000	-0.640000
4519	YMR165C  	-1.210000	0.300000	-2.560000	-0.200000	-0.530000	-0.270000	0.280000	1.110000
4523	YMR169C  	0.590000	0.250000	0.440000	0.370000	-0.310000	0.550000	1.140000	-0.030000
4528	YMR173W  	0.600000	0.790000	2.050000	2.340000	2.880000	2.950000	3.300000	3.540000
4540	YMR184W  	0.120000	1.420000	1.770000	2.270000	2.460000	2.410000	2.340000	2.800000
4545	YMR189W  	-0.390000	-0.140000	-0.140000	-0.270000	-0.400000	-2.060000	0.680000	0.300000
4547	YMR191W  	-1.120000	0.040000	0.320000	0.560000	0.820000	1.200000	0.850000	0.620000
4553	YMR196W  	-1.250000	-0.030000	-0.230000	-0.430000	0.140000	0.000000	-0.070000	0.180000
4564	YMR207C  	-1.060000	-0.670000	-0.030000	-0.150000	-1.010000	0.930000	-2.740000	-0.540000
4568	YMR211W  	-1.180000	-0.380000	-0.220000	-0.430000	-0.740000	-0.340000	-0.230000	-0.230000
4574	YMR217W  	0.650000	0.460000	-0.170000	-0.360000	-0.890000	-1.470000	-2.180000	-2.560000
4579	YMR222C  	-0.810000	-0.670000	-0.430000	-0.620000	-1.180000	-0.600000	-0.620000	-0.360000
4599	YMR242C  	0.580000	0.110000	0.320000	0.070000	-0.090000	-0.670000	-1.400000	-1.250000
4607	YMR251W  	-0.320000	0.060000	0.150000	1.430000	2.900000	1.420000	1.840000	0.990000
4617	YMR260C  	0.160000	-0.180000	-0.600000	-0.340000	-0.400000	-0.860000	-1.400000	-1.640000
4618	YMR261C  	-0.430000	-2.250000	-1.100000	0.000000	-0.950000	-0.180000	-2.060000	0.430000
4623	YMR266W  	0.120000	-0.230000	0.420000	-0.390000	-0.650000	-1.890000	-0.360000	-0.240000
4628	YMR271C  	-1.220000	-1.430000	-0.300000	-0.740000	-0.940000	-0.490000	0.990000	0.710000
4631	YMR274C  	-1.150000	-0.580000	-0.220000	-0.200000	-0.300000	-0.430000	-0.560000	-0.060000
4644	YMR287C  	-1.150000	-0.580000	0.010000	-0.180000	-0.170000	0.110000	-0.470000	-0.580000
4646	YMR289W  	-1.320000	-0.670000	-0.420000	-0.540000	-0.140000	0.030000	-0.010000	-0.560000
4647	YMR290C  	0.240000	0.110000	-0.580000	-1.220000	-1.560000	-1.790000	-2.470000	-2.740000
4649	YMR291W  	-1.120000	-0.300000	0.330000	0.570000	0.700000	0.860000	1.180000	1.080000
4654	YMR295C  	1.300000	1.070000	1.070000	0.250000	1.040000	1.100000	0.880000	0.840000
4656	YMR297W  	-0.030000	-0.010000	0.540000	0.730000	1.200000	1.490000	1.850000	1.490000
4665	YMR305C  	-0.340000	-0.560000	0.250000	0.900000	1.450000	1.700000	1.210000	1.420000
4672	YMR311C  	0.670000	1.200000	0.240000	0.570000	0.760000	0.630000	0.780000	1.040000
4676	YMR315W  	-0.640000	-0.380000	0.590000	1.490000	1.690000	1.960000	2.140000	2.420000
4691	YNL002C  	1.200000	1.020000	0.080000	-0.140000	-0.600000	-0.640000	-1.360000	-0.940000
4704	YNL015W  	-0.790000	-0.150000	0.600000	1.270000	1.840000	1.580000	2.580000	3.010000
4725	YNL036W  	1.560000	1.510000	1.500000	2.010000	2.400000	2.420000	2.590000	2.870000
4734	YNL045W  	-0.200000	-0.450000	-0.470000	0.750000	0.500000	1.020000	1.390000	1.050000
4744	YNL055C  	-0.120000	-0.070000	0.640000	0.580000	1.060000	1.340000	1.770000	1.640000
4746	YNL057W  	-1.180000	-0.860000	-0.620000	-1.220000	-0.790000	-0.710000	-0.560000	-0.970000
4749	YNL061W  	0.670000	0.400000	0.140000	-1.290000	-1.150000	-1.320000	-1.840000	-2.060000
4750	YNL062C  	0.510000	0.340000	0.140000	-0.430000	-0.510000	-0.620000	-1.470000	-1.060000
4754	YNL066W  	-0.270000	-0.360000	-0.360000	-0.230000	-0.470000	-0.580000	-1.600000	-1.150000
4757	YNL069C  	0.400000	0.320000	0.490000	-0.140000	-0.170000	-0.340000	-1.120000	-1.840000
4767	YNL079C  	0.670000	0.720000	1.460000	0.430000	0.920000	1.010000	1.250000	1.180000
4776	YNL088W  	0.320000	0.530000	-0.480000	-0.220000	-0.470000	-0.590000	-0.230000	-1.250000
4784	YNL096C  	0.280000	0.250000	-0.230000	-0.040000	-0.290000	-0.860000	-1.640000	-1.690000
4789	YNL101W  	-1.790000	-0.890000	-1.120000	-0.490000	-0.580000	-0.270000	-0.470000	-0.560000
4790	YNL102W  	-0.600000	0.030000	-0.090000	-0.690000	-0.670000	-0.450000	-1.340000	-0.150000
4793	YNL105W  	-1.600000	-1.250000	-1.000000	-1.250000	-0.640000	-1.030000	-1.000000	-0.540000
4795	YNL107W  	-0.940000	-1.320000	-0.010000	-0.940000	-0.470000	-0.640000	-0.320000	0.190000
4799	YNL111C  	-0.140000	-1.510000	-1.510000	-1.510000	-0.790000	-0.640000	-0.320000	-0.010000
4822	YNL134C  	-0.140000	0.200000	1.720000	2.240000	1.990000	1.180000	0.770000	1.060000
4827	YNL139C  	-0.150000	-0.270000	-2.640000	-0.420000	0.410000	0.200000	0.630000	-0.430000
4830	YNL142W  	-0.710000	-1.600000	-0.360000	-0.300000	-0.380000	-0.560000	-0.840000	0.290000
4832	YNL144C  	-1.430000	-1.320000	-0.740000	-0.290000	-0.970000	-0.560000	-0.790000	-0.060000
4835	YNL147W  	1.130000	1.140000	1.260000	1.390000	1.320000	1.100000	1.440000	1.260000
4839	YNL151C  	0.520000	0.370000	0.440000	-1.360000	-0.890000	-1.290000	-1.690000	-2.060000
4848	YNL160W  	-0.400000	-0.540000	-0.030000	0.610000	0.880000	1.010000	1.070000	1.830000
4850	YNL162W  	0.650000	0.410000	0.370000	0.340000	0.110000	-0.150000	-1.060000	-1.320000
4851	YNL163C  	-0.390000	-0.520000	-0.450000	-1.170000	-0.850000	-1.060000	-1.160000	-1.700000
4854	YNL166C  	-0.640000	-0.600000	-0.580000	-0.760000	-0.690000	-0.790000	-1.320000	-0.890000
4857	YNL169C  	-0.120000	0.110000	-0.450000	1.460000	-0.340000	-0.580000	-0.490000	-0.600000
4862	YNL174W  	0.740000	0.570000	-0.120000	-0.940000	-1.220000	-1.840000	-2.560000	-2.470000
4863	YNL175C  	0.860000	0.360000	0.380000	-1.120000	-1.360000	-2.060000	-2.400000	-2.470000
4866	YNL178W  	0.720000	0.210000	0.250000	-0.120000	-0.180000	-0.860000	-1.510000	-2.060000
4874	YNL186W  	0.460000	0.120000	-0.150000	-0.670000	-0.840000	-0.970000	-1.600000	-0.970000
4880	YNL192W  	-0.250000	0.190000	0.200000	1.100000	1.350000	1.450000	1.490000	1.820000
4883	YNL195C  	-0.790000	-1.290000	0.060000	-0.510000	-0.180000	-0.120000	0.080000	0.480000
4888	YNL200C  	-0.740000	0.200000	-0.490000	0.330000	-0.270000	0.180000	0.910000	1.440000
4891	YNL203C  	-1.250000	-1.740000	-0.430000	-0.490000	-0.640000	-0.180000	-0.640000	0.180000
4896	YNL208W  	-0.200000	-0.250000	0.900000	2.430000	2.490000	2.460000	2.980000	3.260000
4914	YNL226W  	-0.560000	-0.740000	-1.030000	-0.840000	-1.000000	-1.640000	-1.120000	-1.470000
4935	YNL247W  	-0.170000	-0.170000	0.440000	-0.540000	-0.450000	-0.840000	-1.180000	-1.840000
4936	YNL248C  	0.340000	0.060000	-0.970000	-0.740000	-0.840000	-1.060000	-2.060000	-2.120000
4943	YNL255C  	0.010000	0.260000	0.760000	-1.060000	-0.860000	-1.060000	-1.470000	-1.470000
4944	YNL256W  	0.070000	-0.010000	-0.060000	-0.300000	-0.560000	-0.540000	-1.250000	-0.840000
4950	YNL262W  	0.480000	-0.250000	0.100000	-0.420000	-0.580000	-0.650000	-1.180000	-0.830000
4967	YNL279W  	-1.790000	-0.600000	0.240000	0.010000	0.160000	0.440000	0.210000	0.700000
4978	YNL290W  	-0.560000	0.060000	-0.300000	1.340000	-0.490000	-0.230000	-0.360000	-0.170000
4989	YNL301C  	0.460000	0.650000	0.280000	0.120000	0.230000	-0.860000	-0.970000	-1.290000
4991	YNL303W  	-0.200000	-0.840000	-0.380000	-0.940000	-1.030000	-1.690000	-2.120000	-2.000000
4996	YNL308C  	0.710000	0.380000	-0.070000	-0.620000	-0.740000	-0.940000	-1.400000	-1.120000
5010	YNL322C  	0.070000	0.110000	-0.200000	0.550000	0.690000	0.860000	0.730000	1.480000
5012	YNL324W  	-2.000000	0.700000	0.420000	-0.560000	0.300000	-0.710000	0.200000	-0.740000
5014	YNL326C  	-1.600000	-0.690000	-0.380000	-0.710000	-0.250000	-0.430000	0.160000	-0.030000
5035	YNR008W  	-1.840000	-0.560000	-0.180000	-0.170000	-0.270000	0.140000	-0.140000	-0.690000
5037	YNR010W  	-1.890000	-0.070000	0.230000	1.040000	0.730000	0.690000	1.160000	0.990000
5048	YNR021W  	0.220000	0.380000	0.120000	0.110000	-0.710000	-1.160000	-1.000000	-0.240000
5051	YNR024W  	0.290000	0.240000	0.100000	-1.180000	-0.540000	-0.860000	-1.120000	-1.740000
5058	YNR031C  	-0.940000	0.210000	-0.320000	-0.030000	1.420000	0.410000	0.880000	0.580000
5067	YNR040W  	-0.400000	0.210000	-1.510000	0.150000	-1.430000	-0.860000	0.060000	0.740000
5072	YNR045W  	-1.250000	-0.580000	-0.140000	-0.420000	-0.450000	-0.640000	0.140000	-0.120000
5073	YNR046W  	0.100000	-0.270000	-0.030000	-0.840000	-0.890000	-1.030000	-1.250000	-1.030000
5085	YNR058W  	-1.790000	-1.430000	-1.120000	-0.420000	-0.860000	-1.000000	-0.340000	-0.510000
5087	YNR060W  	-1.790000	-0.920000	-0.510000	-1.250000	-0.580000	-0.810000	-0.690000	-0.710000
5093	YNR066C  	-0.690000	-0.840000	-0.890000	-0.450000	-0.100000	0.100000	0.380000	1.340000
5111	YOL007C  	0.660000	-1.030000	-1.250000	-0.100000	-0.120000	0.140000	0.310000	-0.010000
5117	YOL013C  	-0.940000	0.430000	0.680000	1.060000	1.200000	0.680000	1.510000	1.850000
5121	YOL017W  	-2.060000	0.520000	-1.430000	-0.790000	-1.000000	-1.600000	-0.560000	-2.400000
5132	YOL028C  	-0.420000	-0.150000	-0.430000	-1.150000	-0.620000	-0.510000	-1.510000	-0.790000
5137	YOL033W  	-1.600000	0.010000	-0.120000	-0.430000	-0.060000	-0.200000	-0.920000	0.080000
5141	YOL037C  	-1.150000	-0.670000	-0.040000	0.250000	0.100000	0.530000	0.750000	0.310000
5143	YOL039W  	1.290000	0.800000	1.170000	-0.740000	-0.340000	-0.920000	-1.600000	-2.470000
5144	YOL040C  	0.560000	0.360000	0.430000	0.280000	0.300000	-0.230000	-1.320000	-1.560000
5145	YOL041C  	0.300000	0.250000	0.080000	-0.750000	-0.360000	-1.130000	-1.510000	-1.560000
5175	YOL071W  	0.660000	0.420000	0.610000	0.150000	0.770000	0.290000	0.660000	1.200000
5211	YOL108C  	1.140000	0.290000	0.420000	0.840000	0.410000	0.780000	1.080000	0.970000
5223	YOL120C  	0.420000	0.040000	0.810000	0.000000	0.030000	-0.580000	-1.000000	-1.840000
5224	YOL121C  	0.600000	0.380000	0.410000	-0.040000	0.200000	-0.380000	-1.290000	-1.220000
5225	YOL122C  	-1.510000	-0.230000	0.160000	-0.060000	0.080000	0.020000	0.280000	-0.340000
5227	YOL124C  	0.040000	0.140000	0.060000	-1.090000	-1.470000	-1.360000	-1.360000	-2.060000
5240	YOL137W  	0.410000	0.280000	-0.170000	-0.360000	-0.470000	-0.300000	-0.380000	1.230000
5253	YOL150C  	0.190000	0.830000	2.610000	2.860000	2.300000	1.330000	2.040000	2.330000
5261	YOL158C  	0.240000	0.630000	1.160000	1.310000	1.120000	0.410000	-0.120000	-0.060000
5264	YOL161C  	-0.120000	-0.060000	0.290000	0.970000	0.990000	0.580000	1.510000	1.810000
5270	YOR001W  	0.200000	0.150000	-0.540000	-0.690000	-0.690000	-0.860000	-1.320000	-1.150000
5273	YOR004W  	0.780000	0.080000	0.160000	-1.220000	-1.640000	-1.840000	-2.400000	-2.060000
5290	YOR020C  	0.520000	0.010000	0.300000	1.210000	1.340000	0.390000	0.320000	0.770000
5299	YOR029W  	-1.220000	-0.690000	-1.320000	0.100000	-0.490000	-0.250000	-0.070000	-0.360000
5302	YOR032C  	-1.060000	-0.100000	-0.270000	-0.420000	-1.090000	-1.030000	0.030000	-1.470000
5305	YOR035C  	-2.320000	-0.450000	-0.100000	-0.470000	-0.150000	-0.640000	-0.490000	0.510000
5321	YOR051C  	0.650000	0.450000	-0.060000	-0.220000	-0.220000	-0.470000	-1.120000	-1.180000
5322	YOR052C  	0.060000	0.380000	1.350000	0.580000	1.210000	1.060000	1.240000	0.900000
5326	YOR056C  	0.870000	0.610000	-0.090000	-1.120000	-1.060000	-0.920000	-1.470000	-1.290000
5333	YOR063W  	0.590000	0.480000	0.260000	0.540000	0.040000	-0.220000	-0.940000	-1.400000
5336	YOR066W  	-0.710000	-0.620000	-1.120000	-1.320000	-0.890000	-0.790000	-1.220000	-1.360000
5361	YOR091W  	0.720000	0.900000	0.070000	-0.180000	-0.510000	-0.320000	-1.250000	-0.940000
5366	YOR096W  	0.640000	0.290000	0.060000	0.030000	0.040000	-0.690000	-0.920000	-1.220000
5374	YOR104W  	0.610000	0.890000	0.620000	0.690000	0.810000	0.960000	1.200000	1.660000
5376	YOR106W  	-0.170000	-0.220000	3.030000	-0.620000	-0.230000	-0.470000	-0.070000	0.120000
5378	YOR108W  	-0.090000	0.190000	-0.060000	-0.510000	-0.920000	-1.120000	-1.320000	-1.360000
5380	YOR110W  	-2.340000	-0.690000	-1.460000	-1.540000	-1.470000	-0.300000	0.220000	0.340000
5389	YOR119C  	0.010000	-0.250000	-0.450000	-1.250000	-1.470000	-1.470000	-1.740000	0.380000
5390	YOR120W  	-1.290000	-0.580000	0.030000	-0.100000	-0.060000	-0.070000	1.120000	1.310000
5416	YOR146W  	-1.150000	-0.890000	-0.640000	-1.150000	-0.860000	0.030000	-0.810000	-1.360000
5425	YOR155C  	-1.150000	-0.320000	0.100000	-0.090000	-0.200000	0.120000	-0.150000	0.480000
5443	YOR173W  	-0.770000	-1.230000	-0.200000	0.040000	0.410000	-1.040000	1.050000	1.080000
5446	YOR176W  	-0.180000	-0.580000	0.250000	0.600000	0.770000	1.130000	1.660000	1.710000
5452	YOR182C  	0.850000	0.370000	0.260000	-0.170000	-0.200000	-0.490000	-1.320000	-1.250000
5455	YOR185C  	-0.360000	-0.040000	0.060000	0.990000	0.770000	0.640000	1.340000	1.440000
5460	YOR190W  	-0.810000	-1.360000	-0.270000	-0.400000	-0.290000	0.000000	0.340000	0.180000
5468	YOR198C  	0.900000	0.190000	0.360000	0.720000	1.280000	1.320000	1.450000	1.440000
5476	YOR206W  	1.040000	0.900000	0.260000	-0.540000	-0.890000	-1.120000	-1.640000	-1.600000
5478	YOR208W  	0.530000	0.380000	1.040000	1.230000	1.480000	1.540000	1.960000	2.050000
5490	YOR220W  	-0.710000	-0.620000	0.720000	1.860000	2.440000	2.010000	2.610000	2.250000
5491	YOR221C  	-1.160000	-0.840000	-0.420000	-0.010000	-0.740000	-0.010000	-0.250000	0.580000
5492	YOR222W  	0.030000	-0.740000	-1.250000	-0.170000	-0.150000	-0.270000	-0.290000	-0.620000
5494	YOR224C  	0.450000	-0.220000	-0.560000	-0.620000	-0.490000	-0.940000	-1.250000	-1.510000
5504	YOR234C  	0.630000	0.160000	0.370000	0.030000	0.040000	-0.380000	-0.940000	-1.430000
5513	YOR243C  	0.120000	0.250000	-0.430000	-0.860000	-0.890000	-1.030000	-1.790000	-2.000000
5517	YOR247W  	0.180000	0.060000	0.080000	0.590000	0.880000	1.580000	1.190000	0.990000
5518	YOR248W  	0.430000	0.060000	0.360000	0.580000	0.800000	1.340000	1.380000	0.710000
5520	YOR250C  	-1.250000	-0.230000	0.260000	0.110000	0.190000	0.380000	0.670000	0.180000
5522	YOR252W  	0.150000	0.040000	-0.580000	-1.220000	-1.250000	-1.430000	-1.790000	-1.560000
5534	YOR264W  	-0.220000	-0.760000	-0.580000	-1.030000	-0.970000	-1.030000	-1.120000	-1.290000
5539	YOR269W  	-0.690000	-0.450000	-0.370000	-0.510000	-0.510000	-0.640000	-1.470000	-0.840000
5559	YOR289W  	-0.920000	-0.760000	-0.170000	0.380000	1.200000	1.080000	1.690000	1.860000
5563	YOR293W  	0.380000	-0.060000	-0.340000	-0.010000	-0.470000	-1.030000	-1.740000	-2.060000
5564	YOR294W  	0.230000	-0.670000	-0.560000	-1.740000	-1.640000	-1.740000	-1.840000	-1.560000
5581	YOR310C  	0.800000	0.180000	0.030000	-0.510000	-0.450000	-1.250000	-1.430000	-2.060000
5583	YOR312C  	0.720000	0.140000	0.040000	0.000000	0.180000	-0.710000	-1.000000	-1.560000
5585	YOR314W  	-0.890000	-0.710000	-0.600000	-0.940000	-0.430000	-0.450000	-1.020000	-1.320000
5586	YOR315W  	0.430000	-0.030000	-0.640000	-0.710000	-1.250000	-1.290000	-1.740000	-1.640000
5620	YOR349W  	-0.550000	-0.360000	-0.320000	-0.970000	-0.360000	-1.470000	0.080000	0.460000
5640	YOR369C  	0.650000	0.000000	0.080000	0.110000	-0.070000	-0.670000	-1.400000	-1.640000
5651	YOR380W  	-1.380000	-0.180000	-0.140000	-0.360000	-0.790000	0.190000	-0.140000	0.060000
5655	YOR384W  	-2.320000	-1.640000	0.480000	0.120000	-0.290000	-0.650000	-0.110000	0.190000
5659	YOR388C  	-2.560000	-1.180000	-1.150000	-0.840000	-0.360000	-1.320000	-0.320000	-0.120000
5674	YPL009C  	-0.140000	0.140000	-0.140000	-0.900000	-0.220000	-0.170000	-1.410000	1.100000
5701	YPL036W  	-2.740000	-0.860000	-0.440000	-0.710000	-1.150000	-0.180000	-0.180000	-0.920000
5708	YPL043W  	0.380000	0.120000	-0.490000	-1.090000	-1.510000	-1.470000	-2.060000	-2.060000
5709	YPL044C  	-1.220000	-0.290000	-0.810000	-2.180000	-2.180000	-1.640000	-2.640000	-1.400000
5732	YPL067C  	-1.640000	-1.090000	-0.200000	0.370000	0.100000	-0.170000	-0.400000	0.970000
5735	YPL070W  	-1.220000	0.110000	-0.090000	-0.490000	-0.120000	0.150000	0.500000	0.760000
5739	YPL074W  	-1.140000	0.500000	-0.230000	-0.340000	-1.800000	-0.540000	-0.010000	0.770000
5744	YPL079W  	0.500000	0.150000	0.040000	0.140000	-0.340000	-0.430000	-1.290000	-1.400000
5746	YPL081W  	0.200000	0.040000	-0.090000	-0.040000	-0.380000	-0.690000	-1.430000	-1.430000
5758	YPL093W  	-1.600000	0.290000	0.160000	-0.470000	-1.400000	-0.760000	-2.190000	-2.400000
5767	YPL102C  	-1.110000	-1.090000	-0.180000	-0.500000	-0.850000	-0.690000	-2.220000	-0.120000
5797	YPL132W  	-1.360000	-0.840000	0.010000	-0.250000	-0.510000	-0.590000	-0.570000	-0.930000
5799	YPL134C  	-1.890000	-0.580000	-0.310000	-0.940000	-0.920000	-0.600000	-0.630000	-0.860000
5801	YPL136W  	-1.790000	-1.180000	-0.250000	0.500000	-1.400000	-1.090000	-0.920000	-1.430000
5806	YPL141C  	-0.790000	-0.150000	-0.420000	-0.890000	-0.860000	-0.790000	-1.160000	-0.760000
5807	YPL142C  	0.390000	-0.340000	0.140000	-0.200000	-0.480000	-0.960000	-1.200000	-1.890000
5808	YPL143W  	0.260000	-0.010000	0.010000	-0.220000	-0.140000	-0.580000	-1.320000	-1.710000
5811	YPL146C  	0.910000	0.580000	0.290000	-0.490000	-0.610000	-0.730000	-0.950000	-1.250000
5817	YPL152W  	-1.760000	-0.420000	-0.150000	0.040000	-0.250000	0.050000	0.390000	0.310000
5818	YPL153C  	-1.040000	0.570000	0.170000	-1.030000	-1.290000	-0.830000	-0.260000	0.280000
5819	YPL154C  	-0.470000	-0.120000	0.540000	0.990000	1.380000	1.650000	1.940000	1.920000
5823	YPL158C  	0.340000	-0.240000	-0.030000	-0.220000	-0.790000	-1.090000	-1.340000	-1.520000
5824	YPL159C  	0.580000	0.700000	0.360000	0.450000	0.860000	0.850000	1.090000	1.340000
5825	YPL160W  	0.200000	-0.070000	0.000000	-0.920000	-0.680000	-1.340000	-1.730000	-1.520000
5826	YPL161C  	-1.070000	-0.760000	0.350000	0.670000	-1.220000	0.060000	0.120000	0.520000
5851	YPL186C  	-2.100000	-1.560000	-1.300000	-1.000000	-0.840000	-1.220000	-0.480000	0.030000
5853	YPL188W  	-0.630000	-1.180000	-0.780000	-0.500000	-0.360000	-0.670000	-0.400000	-0.580000
5891	YPL226W  	-0.400000	-0.510000	-0.650000	-0.500000	-1.040000	-1.000000	-1.050000	-1.230000
5895	YPL230W  	-2.000000	-0.690000	0.190000	0.010000	-0.560000	-0.240000	0.030000	-0.090000
5901	YPL236C  	-1.490000	-0.440000	0.100000	-0.070000	-0.430000	-0.230000	-0.340000	-0.470000
5903	YPL238C  	1.290000	0.620000	0.780000	0.170000	0.100000	-0.110000	-0.400000	-0.870000
5904	YPL239W  	-0.430000	-0.560000	-0.850000	-1.060000	-1.050000	-1.250000	-1.600000	-1.110000
5912	YPL247C  	-0.780000	-1.740000	0.010000	-0.360000	0.080000	-0.090000	-0.160000	-0.170000
5913	YPL248C  	-0.870000	0.060000	0.410000	-0.050000	-1.480000	-0.530000	0.270000	-0.120000
5922	YPL257W  	-1.230000	-0.430000	-0.230000	-0.340000	-0.620000	-0.880000	0.070000	-0.400000
5926	YPL261C  	-0.740000	0.040000	-0.520000	-1.360000	-0.390000	-0.500000	0.100000	-0.130000
5931	YPL266W  	0.310000	0.120000	-0.410000	-0.940000	-1.170000	-1.220000	-1.600000	-1.920000
5937	YPL272C  	-0.910000	-0.540000	0.100000	1.100000	0.950000	1.520000	2.210000	1.920000
5949	YPR001W  	-1.490000	-0.640000	-0.370000	-0.750000	-0.430000	-0.450000	-0.090000	-0.250000
5951	YPR003C  	-1.190000	-0.450000	-0.660000	-0.340000	-0.300000	-0.110000	0.290000	-0.020000
5958	YPR010C  	-0.100000	0.310000	-0.300000	-0.140000	-0.540000	-0.600000	-1.200000	-0.500000
5975	YPR027C  	-1.090000	-1.030000	-2.120000	0.040000	-0.560000	-0.490000	0.200000	-0.740000
5976	YPR028W  	0.300000	0.260000	0.730000	1.110000	0.850000	1.050000	1.300000	1.080000
5979	YPR031W  	-1.940000	-1.030000	-0.010000	-0.610000	-0.920000	-0.600000	-0.710000	-0.360000
5981	YPR033C  	-0.030000	-0.200000	-0.030000	-0.100000	-0.360000	-0.300000	-0.300000	-1.400000
5986	YPR038W  	-1.030000	-0.160000	-0.670000	-0.480000	-0.580000	-1.260000	0.170000	0.130000
5987	YPR039W  	-0.760000	0.100000	-1.640000	0.000000	0.100000	-0.740000	0.270000	-0.450000
5988	YPR040W  	0.210000	0.010000	-0.220000	0.740000	0.450000	0.300000	0.910000	1.290000
5989	YPR041W  	-1.050000	-0.180000	0.120000	-0.360000	-0.720000	-0.750000	-0.810000	-1.160000
5991	YPR043W  	0.310000	0.270000	0.630000	0.070000	-0.080000	-0.450000	-0.930000	-1.450000
5992	YPR044C  	0.380000	-0.080000	0.110000	-0.130000	-0.350000	-0.680000	-1.040000	-1.510000
5995	YPR047W  	-1.300000	-0.040000	0.660000	0.390000	0.080000	0.090000	0.650000	-0.070000
6012	YPR064W  	-1.160000	-0.060000	-0.090000	-0.250000	-0.310000	-0.880000	-0.080000	0.070000
6013	YPR065W  	-1.740000	-0.150000	0.040000	0.380000	0.040000	0.120000	-0.510000	-0.120000
6024	YPR076W  	-1.150000	-0.790000	-0.480000	-0.220000	-0.840000	-0.890000	-1.190000	-0.860000
6026	YPR078C  	-1.140000	-0.340000	-0.630000	-0.070000	-0.270000	0.150000	0.680000	1.450000
6037	YPR089W  	-1.670000	-1.890000	-1.230000	-0.300000	-1.180000	-1.500000	-0.580000	-0.910000
6043	YPR095C  	-1.500000	-1.640000	-1.820000	-0.690000	-0.960000	-0.340000	-0.620000	-0.110000
6065	YPR117W  	-0.510000	-0.580000	-0.380000	0.170000	-0.840000	1.180000	-0.360000	-1.600000
6070	YPR122W  	0.000000	0.150000	-0.140000	-0.020000	-0.740000	-1.120000	0.690000	2.660000
6080	YPR132W  	0.380000	0.090000	-0.040000	-0.410000	-0.470000	-1.400000	-1.740000	-2.120000
6090	YPR142C  	0.290000	0.060000	-0.420000	-1.170000	-0.880000	-1.110000	-1.950000	-1.620000
6091	YPR143W  	0.940000	0.610000	0.180000	-0.990000	-0.900000	-0.900000	-1.100000	-1.290000
6092	YPR144C  	-0.210000	-0.540000	-0.550000	-0.780000	-0.600000	-0.520000	-1.430000	-0.900000
6093	YPR145W  	0.270000	-0.150000	0.210000	-0.360000	0.130000	-0.110000	-0.630000	-1.600000
6111	YPR163C  	1.230000	0.640000	0.860000	-0.020000	0.080000	-0.140000	-0.430000	-0.900000
6113	YPR165W  	0.740000	0.330000	0.930000	0.480000	1.110000	1.120000	1.480000	1.440000
6115	YPR167C  	0.010000	0.310000	0.550000	1.150000	1.950000	1.600000	1.890000	1.930000
6125	YPR177C  	-1.240000	-1.150000	-0.290000	-0.310000	-0.430000	0.330000	-0.380000	-0.740000
6130	YPR182W  	-1.140000	-0.450000	-0.700000	-0.320000	-0.270000	-0.810000	-0.850000	-0.140000
6132	YPR184W  	-0.490000	0.240000	-0.260000	1.440000	1.460000	-0.250000	0.510000	0.630000
6137	YPR189W  	-1.300000	-0.890000	-1.280000	-1.120000	-1.510000	0.070000	-1.340000	-0.120000
6139	YPR191W  	-0.660000	-1.150000	-1.180000	-0.740000	-0.670000	-0.450000	0.070000	0.670000
6143	YPR195C  	-1.520000	-0.450000	-0.970000	-0.280000	-0.860000	0.020000	-0.670000	-0.580000
6145	YPR197C  	-0.380000	-0.140000	-0.170000	0.890000	1.120000	1.040000	1.250000	1.440000
