#	GID	0	570	690	810	930	1110	1230
3	YAL003W  	0.240000	0.000000	-0.040000	-0.640000	-0.940000	-1.560000	-2.320000
11	YAL012W  	0.110000	-0.010000	0.550000	-0.580000	-0.740000	-1.250000	-2.560000
16	YAL017W  	-0.120000	-0.040000	-0.150000	0.320000	0.420000	0.720000	1.480000
22	YAL023C  	0.120000	0.120000	0.100000	-0.340000	0.000000	-1.360000	-1.150000
24	YAL025C  	0.300000	-0.100000	0.000000	-0.760000	-0.810000	-2.060000	-2.250000
25	YAL026C  	0.190000	0.600000	0.460000	0.780000	0.730000	1.520000	0.750000
33	YAL034C  	-0.920000	0.280000	-0.100000	-0.710000	-0.560000	1.840000	2.170000
37	YAL036C  	0.120000	0.030000	0.380000	-0.670000	-0.560000	-1.320000	-1.940000
39	YAL038W  	0.100000	0.190000	0.290000	-0.360000	-0.400000	-1.320000	-2.320000
48	YAL046C  	-0.010000	-0.170000	-0.010000	-0.790000	-0.600000	-1.220000	-1.470000
54	YAL054C  	-0.670000	-0.180000	0.000000	-0.180000	-0.300000	1.470000	3.700000
59	YAL059W  	-0.320000	0.190000	-0.090000	-0.860000	-1.060000	-1.360000	-1.790000
60	YAL060W  	0.110000	0.300000	0.200000	0.510000	0.460000	1.950000	1.430000
61	YAL061W  	-0.490000	0.200000	-0.250000	-0.300000	0.760000	1.900000	0.600000
75	YAR007C  	-0.170000	-0.320000	-0.220000	-0.250000	-0.170000	-0.510000	-1.430000
85	YAR027W  	-0.040000	0.370000	0.410000	0.620000	0.480000	1.790000	0.660000
86	YAR028W  	0.310000	0.370000	0.730000	0.410000	0.210000	1.530000	0.580000
105	YAR071W  	0.490000	0.370000	0.400000	-0.560000	-1.220000	-1.470000	-1.840000
106	YAR073W  	0.320000	0.460000	0.500000	-0.090000	-0.470000	-1.690000	-2.250000
124	YBL015W  	-0.100000	0.060000	0.010000	0.110000	0.300000	2.720000	3.390000
133	YBL024W  	0.340000	-0.070000	0.160000	-0.580000	-0.840000	-1.600000	-1.790000
136	YBL027W  	0.040000	0.010000	0.390000	-0.170000	-0.270000	-1.120000	-2.470000
139	YBL030C  	0.590000	0.540000	0.920000	0.390000	0.860000	0.780000	1.790000
147	YBL038W  	0.040000	-0.030000	0.110000	0.310000	0.500000	1.580000	1.190000
148	YBL039C  	0.140000	0.360000	0.240000	-0.540000	-1.120000	-1.290000	-1.840000
152	YBL043W  	-0.510000	0.070000	0.000000	-0.220000	-0.540000	1.950000	2.330000
154	YBL045C  	0.070000	0.000000	0.680000	0.530000	0.160000	1.700000	2.480000
157	YBL048W  	-0.250000	0.110000	-0.150000	-0.230000	-0.360000	2.580000	2.210000
158	YBL049W  	-0.580000	0.160000	0.190000	-0.150000	-0.810000	2.510000	2.680000
159	YBL050W  	0.070000	-0.030000	0.240000	0.140000	0.110000	1.550000	0.850000
163	YBL054W  	0.210000	-0.010000	-0.180000	-1.560000	-1.250000	-0.790000	-1.470000
173	YBL064C  	0.380000	0.040000	0.720000	0.900000	0.770000	3.450000	2.870000
181	YBL072C  	0.120000	0.180000	0.240000	0.040000	-0.060000	-0.100000	-2.000000
184	YBL075C  	0.080000	-0.140000	0.030000	-0.040000	0.030000	1.290000	1.440000
185	YBL076C  	0.280000	0.370000	0.160000	-0.230000	-0.400000	-1.790000	-1.890000
186	YBL077W  	-0.070000	0.010000	0.520000	-0.140000	-0.540000	-0.450000	-1.470000
187	YBL078C  	-0.400000	-0.170000	0.140000	0.230000	0.320000	2.320000	2.120000
195	YBL086C  	-0.360000	-0.300000	0.060000	-0.140000	0.030000	1.620000	0.950000
196	YBL087C  	0.120000	0.200000	0.530000	-0.090000	-0.300000	-1.220000	-1.560000
208	YBL099W  	0.340000	0.370000	0.950000	0.600000	1.120000	1.400000	2.170000
209	YBL100C  	0.140000	0.230000	0.410000	0.580000	0.880000	1.280000	2.430000
217	YBL106C  	0.060000	0.180000	0.060000	-0.670000	-0.640000	-1.400000	-0.510000
219	YBL108W  	0.040000	0.080000	0.400000	0.210000	0.980000	0.890000	2.400000
224	YBR001C  	0.060000	-0.060000	0.510000	0.620000	-0.180000	1.060000	1.590000
251	YBR026C  	-0.540000	-0.140000	0.400000	0.500000	-0.140000	1.400000	1.000000
256	YBR031W  	0.190000	0.230000	0.720000	0.300000	0.100000	-0.810000	-1.640000
257	YBR032W  	0.000000	0.150000	0.390000	0.140000	-0.060000	-1.090000	-2.400000
259	YBR034C  	-0.040000	0.110000	0.160000	-1.090000	-1.060000	-0.600000	-1.360000
264	YBR039W  	0.110000	-0.140000	0.450000	0.030000	0.280000	1.120000	1.750000
267	YBR042C  	-0.200000	0.300000	0.190000	-0.180000	-0.600000	-0.490000	-1.430000
271	YBR046C  	-0.200000	0.670000	-0.430000	-0.060000	-0.180000	1.620000	1.310000
273	YBR048W  	0.110000	0.200000	0.080000	-0.420000	-1.000000	-1.510000	-2.470000
276	YBR051W  	-0.150000	0.190000	0.000000	-0.400000	-0.940000	0.330000	2.650000
277	YBR052C  	-0.470000	0.000000	0.720000	1.110000	0.550000	2.220000	1.280000
278	YBR053C  	0.190000	0.200000	0.600000	0.450000	-0.040000	1.330000	1.080000
279	YBR054W  	0.200000	0.250000	1.070000	1.210000	1.050000	1.830000	1.530000
281	YBR056W  	-0.540000	-0.320000	0.500000	0.900000	0.390000	1.590000	1.320000
292	YBR067C  	0.110000	0.140000	0.310000	0.120000	0.060000	1.650000	1.840000
294	YBR069C  	0.300000	0.180000	0.390000	-0.740000	-1.030000	-1.640000	-0.290000
297	YBR072W  	-0.010000	0.400000	0.360000	1.010000	1.450000	3.550000	2.880000
304	YBR079C  	0.260000	0.080000	0.030000	-0.580000	-0.670000	-1.090000	-1.690000
309	YBR084C-A	0.070000	0.140000	0.500000	-0.100000	-0.230000	-0.890000	-1.840000
310	YBR084W  	0.290000	0.460000	0.390000	-0.290000	-0.420000	-0.860000	-1.640000
314	YBR088C  	0.410000	0.140000	-0.060000	-0.580000	-0.340000	-0.690000	-1.470000
315	YBR089W  	0.040000	0.140000	-0.270000	-0.470000	-0.760000	-1.250000	-1.640000
318	YBR092C  	0.070000	0.070000	0.260000	-0.470000	-0.920000	-1.510000	-2.120000
319	YBR093C  	0.360000	0.240000	0.920000	-0.250000	-0.710000	-1.430000	-1.400000
327	YBR101C  	0.100000	0.100000	0.180000	0.040000	0.150000	1.430000	1.520000
332	YBR106W  	0.230000	0.290000	0.210000	0.060000	0.010000	-1.090000	-2.000000
337	YBR111C  	0.080000	0.100000	0.200000	0.450000	0.830000	1.380000	0.640000
342	YBR116C  	-0.170000	0.180000	0.040000	-0.220000	-0.430000	1.780000	2.410000
343	YBR117C  	0.360000	0.630000	0.700000	0.040000	-0.290000	1.630000	2.460000
347	YBR121C  	0.430000	0.150000	0.260000	-0.430000	-0.420000	-1.060000	-1.790000
352	YBR126C  	0.240000	0.070000	-0.040000	0.560000	0.670000	1.770000	0.600000
358	YBR132C  	-1.090000	-0.580000	0.450000	-0.060000	-0.320000	1.270000	1.630000
363	YBR137W  	-0.170000	0.380000	-0.140000	0.000000	0.010000	1.730000	0.580000
365	YBR139W  	0.120000	0.510000	0.420000	1.090000	0.890000	2.030000	2.400000
369	YBR143C  	0.230000	0.030000	0.250000	-0.380000	-0.470000	-1.060000	-1.740000
373	YBR147W  	-0.100000	0.330000	-0.030000	0.070000	0.250000	3.010000	2.480000
375	YBR149W  	0.060000	0.230000	0.150000	0.380000	0.750000	1.840000	1.450000
381	YBR155W  	0.210000	-0.090000	-0.140000	-0.920000	-1.000000	-2.250000	-0.920000
382	YBR156C  	0.150000	0.040000	0.100000	-0.430000	-0.340000	-1.320000	-1.790000
384	YBR158W  	0.160000	0.160000	-0.400000	-1.090000	-0.970000	-1.400000	-1.400000
388	YBR162C  	0.010000	-0.070000	0.560000	0.080000	-0.030000	-0.510000	-1.510000
396	YBR169C  	-0.090000	-0.060000	0.040000	0.660000	0.820000	2.200000	1.950000
398	YBR171W  	-0.150000	0.000000	-0.030000	-0.400000	-0.230000	-0.290000	-1.430000
408	YBR181C  	0.180000	0.230000	0.200000	0.080000	0.120000	-1.600000	-2.560000
410	YBR183W  	-0.360000	-0.400000	0.400000	1.070000	0.850000	2.590000	1.450000
414	YBR187W  	-0.100000	0.180000	0.650000	0.230000	-0.180000	-1.400000	-1.940000
416	YBR189W  	-0.030000	-0.300000	0.030000	-0.270000	-0.560000	-2.000000	-2.640000
418	YBR191W  	0.070000	-0.250000	0.060000	-0.250000	-0.560000	-1.740000	-2.640000
430	YBR203W  	-0.420000	-0.430000	-0.290000	-0.220000	-0.470000	1.780000	1.330000
441	YBR214W  	-0.060000	0.150000	0.480000	0.480000	-0.030000	1.870000	1.430000
445	YBR218C  	0.230000	0.140000	-0.290000	-0.330000	-0.330000	-0.360000	1.440000
449	YBR222C  	0.240000	0.340000	0.480000	0.080000	0.300000	0.820000	1.490000
457	YBR230C  	-0.140000	-0.180000	0.330000	0.250000	0.770000	0.900000	1.680000
465	YBR238C  	0.150000	0.940000	0.380000	-0.790000	-0.970000	-1.510000	-2.320000
467	YBR240C  	-0.200000	1.410000	0.010000	-0.140000	-0.540000	0.140000	0.230000
468	YBR241C  	-0.970000	0.070000	0.420000	0.190000	-0.180000	2.490000	1.550000
474	YBR247C  	-0.030000	-0.220000	-0.070000	-1.180000	-1.030000	-1.220000	-2.740000
475	YBR248C  	0.230000	0.110000	0.400000	-0.010000	0.040000	-0.220000	-1.560000
476	YBR249C  	0.150000	0.040000	0.140000	-0.430000	-0.600000	-2.000000	-2.400000
483	YBR256C  	0.280000	0.240000	0.710000	0.550000	0.110000	1.480000	0.680000
493	YBR266C  	0.060000	-0.380000	0.070000	-0.970000	-1.150000	-1.470000	-1.560000
494	YBR267W  	-0.100000	-0.400000	-0.180000	-0.920000	-1.060000	-0.860000	-1.400000
496	YBR269C  	-0.140000	-0.290000	-0.120000	0.140000	0.330000	1.530000	1.070000
507	YBR280C  	-0.300000	-0.270000	0.060000	-0.040000	-0.400000	1.970000	1.160000
512	YBR285W  	-0.400000	0.380000	0.160000	-0.200000	-0.510000	1.510000	0.910000
514	YBR287W  	-0.540000	-0.040000	1.210000	0.620000	-0.040000	1.720000	1.060000
525	YBR298C  	-0.340000	-0.030000	0.260000	-0.300000	-0.010000	1.490000	2.130000
536	YCL008C  	0.210000	0.440000	-0.140000	-0.170000	-0.670000	-0.120000	1.520000
550	YCL025C  	0.000000	-0.030000	0.430000	0.040000	0.650000	0.670000	2.470000
559	YCL035C  	0.030000	0.320000	0.540000	0.670000	0.280000	2.550000	1.530000
561	YCL037C  	-0.030000	0.370000	-0.840000	-0.940000	-0.970000	-0.810000	-1.640000
564	YCL040W  	-0.640000	-0.220000	0.810000	0.780000	1.820000	1.920000	1.250000
566	YCL042W  	-0.420000	-0.180000	0.140000	0.230000	1.480000	1.390000	0.460000
570	YCL046W  	0.060000	-0.070000	-0.220000	-0.380000	-0.620000	-1.360000	-1.400000
574	YCL050C  	0.120000	-0.090000	-0.420000	-0.450000	-0.810000	-0.920000	-1.940000
577	YCL054W  	0.150000	-0.150000	0.120000	-0.740000	-0.920000	-1.250000	-2.060000
582	YCL059C  	0.370000	0.060000	0.450000	-0.690000	-0.710000	-0.340000	-1.690000
599	YCR005C  	-0.490000	-0.140000	0.100000	-0.380000	-0.840000	1.060000	2.280000
604	YCR010C  	-0.490000	-0.360000	0.240000	-0.380000	-0.420000	0.530000	2.660000
610	YCR016W  	0.240000	0.150000	0.580000	-0.580000	-0.620000	-1.000000	-1.560000
616	YCR021C  	-0.790000	0.010000	1.880000	1.560000	0.860000	3.650000	3.290000
626	YCR031C  	0.200000	0.150000	0.190000	-0.230000	-0.030000	-0.890000	-1.790000
629	YCR034W  	0.120000	0.150000	0.900000	0.010000	-0.430000	-0.890000	-1.640000
634	YCR039C  	0.160000	0.660000	0.380000	0.250000	0.150000	1.490000	1.210000
648	YCR053W  	0.320000	0.070000	-0.010000	-1.030000	-0.690000	-1.430000	-1.690000
653	YCR061W  	-0.580000	0.140000	0.570000	0.040000	0.060000	1.330000	1.030000
657	YCR065W  	0.040000	-0.010000	-0.470000	-1.000000	-1.150000	-1.430000	-1.400000
668	YCR079W  	-1.430000	-0.600000	0.300000	-0.540000	-0.320000	0.930000	0.430000
679	YCR091W  	-0.420000	0.040000	-0.180000	0.030000	-0.250000	1.500000	1.030000
698	YDL004W  	0.040000	-0.040000	0.200000	0.370000	0.530000	1.750000	1.200000
708	YDL014W  	-0.120000	-0.320000	0.000000	-0.510000	-0.510000	-1.220000	-1.430000
715	YDL021W  	-0.220000	-0.070000	0.520000	0.860000	1.040000	1.590000	1.290000
716	YDL022W  	0.190000	0.070000	0.180000	0.990000	0.930000	2.040000	1.620000
717	YDL023C  	0.160000	0.200000	-0.070000	0.860000	0.960000	1.630000	1.610000
731	YDL037C  	0.120000	1.120000	-0.040000	-1.600000	-1.690000	-1.690000	-1.840000
734	YDL040C  	0.060000	0.110000	-0.070000	-0.360000	-0.380000	-0.890000	-1.430000
741	YDL046W  	-0.120000	-0.140000	0.300000	0.260000	0.390000	1.340000	0.480000
745	YDL050C  	0.120000	0.070000	0.180000	-0.470000	-0.670000	-1.560000	-1.740000
746	YDL051W  	0.120000	0.480000	0.240000	-0.510000	-0.840000	-1.360000	-1.470000
747	YDL052C  	-0.040000	0.520000	-0.090000	-0.290000	-0.560000	-1.430000	-1.470000
750	YDL055C  	0.240000	0.190000	0.240000	0.180000	-0.070000	-0.710000	-1.690000
755	YDL060W  	0.100000	0.080000	0.180000	-0.430000	-0.540000	-1.320000	-1.790000
756	YDL061C  	0.210000	0.010000	0.250000	-0.090000	-0.170000	-0.890000	-1.790000
757	YDL062W  	0.040000	0.000000	-0.300000	-0.840000	-0.920000	-0.860000	-1.560000
758	YDL063C  	-0.030000	-0.030000	-0.270000	-0.920000	-1.060000	-1.510000	-2.060000
759	YDL064W  	-0.060000	-0.290000	-0.340000	-0.620000	-0.580000	-0.790000	-1.600000
767	YDL072C  	0.000000	0.140000	0.370000	0.460000	0.500000	1.440000	0.420000
770	YDL075W  	0.280000	0.110000	0.290000	-0.090000	-0.380000	-1.060000	-2.060000
774	YDL079C  	0.040000	1.040000	0.110000	-0.100000	-0.010000	1.740000	0.950000
776	YDL081C  	0.070000	0.070000	0.380000	0.110000	0.120000	-0.320000	-1.690000
777	YDL082W  	0.190000	0.010000	-0.120000	-0.360000	-0.470000	-1.740000	-2.060000
778	YDL083C  	0.100000	-0.290000	-0.180000	-0.640000	-0.810000	-1.180000	-2.400000
779	YDL084W  	0.160000	0.250000	-0.040000	-0.380000	-0.430000	-1.290000	-1.470000
780	YDL085W  	-0.100000	0.990000	0.060000	-0.120000	-0.270000	2.050000	2.790000
786	YDL091C  	-0.230000	-0.180000	-0.120000	0.000000	0.250000	1.410000	1.210000
819	YDL124W  	-0.060000	-0.120000	-0.060000	0.520000	0.570000	1.900000	0.660000
825	YDL130W  	0.150000	-0.090000	0.240000	0.070000	0.040000	-0.620000	-2.250000
826	YDL131W  	0.380000	-0.040000	-0.560000	-1.150000	-0.420000	-1.940000	-1.470000
831	YDL136W  	-0.070000	-0.010000	-0.040000	-0.380000	-0.220000	-1.560000	-2.560000
838	YDL143W  	0.240000	0.120000	-0.030000	-0.420000	-0.380000	-0.620000	-1.400000
843	YDL148C  	0.030000	-0.010000	0.320000	-0.840000	-0.970000	-1.400000	-2.250000
846	YDL151C  	0.060000	0.320000	-0.300000	-0.620000	-0.760000	-1.060000	-1.400000
847	YDL152W  	-0.100000	0.230000	0.200000	-0.740000	-0.860000	-1.120000	-1.840000
848	YDL153C  	0.420000	0.180000	0.360000	-0.760000	-1.000000	-1.430000	-1.790000
862	YDL167C  	0.140000	0.080000	0.010000	-0.600000	-0.600000	-1.740000	-1.890000
864	YDL169C  	-0.600000	-0.760000	-0.250000	-0.430000	-0.230000	1.620000	1.560000
876	YDL181W  	-0.170000	0.400000	0.410000	0.670000	0.230000	1.480000	1.740000
877	YDL182W  	0.100000	-0.540000	-0.890000	-1.360000	-1.430000	-1.890000	-2.000000
879	YDL184C  	0.170000	0.090000	0.500000	0.260000	0.260000	-0.740000	-1.430000
886	YDL191W  	0.140000	-0.150000	0.150000	-0.230000	-0.150000	-1.470000	-1.940000
894	YDL199C  	-0.040000	0.490000	0.400000	0.180000	-0.340000	1.720000	2.330000
899	YDL204W  	-0.360000	0.930000	-0.510000	0.280000	0.080000	4.030000	3.100000
903	YDL208W  	0.040000	-0.150000	0.040000	-0.580000	-0.470000	-2.120000	-2.640000
905	YDL210W  	-0.120000	-0.290000	0.060000	-0.560000	-0.450000	-1.060000	-1.890000
908	YDL213C  	-0.180000	-0.220000	0.030000	-0.810000	-0.690000	-1.690000	-1.640000
910	YDL215C  	-0.120000	-0.030000	-0.140000	-0.350000	-0.140000	0.200000	2.270000
913	YDL218W  	-0.340000	0.360000	-0.100000	-0.380000	-0.340000	1.250000	1.500000
916	YDL221W  	-0.490000	1.390000	-0.170000	-0.400000	-0.470000	-0.230000	-0.290000
918	YDL223C  	-0.100000	0.580000	0.190000	-0.140000	-0.740000	1.330000	2.150000
931	YDL236W  	0.180000	0.290000	-0.070000	-0.090000	-0.180000	-0.840000	-1.640000
944	YDR001C  	0.140000	0.030000	0.450000	0.860000	0.660000	2.050000	1.880000
946	YDR003W  	-0.170000	0.840000	-0.120000	0.210000	0.180000	1.400000	1.020000
949	YDR006C  	0.150000	-0.270000	-1.120000	-1.600000	-1.510000	-0.580000	-0.860000
954	YDR011W  	-0.060000	-0.360000	-0.640000	-0.690000	-0.600000	-1.400000	-0.420000
955	YDR012W  	0.110000	0.140000	0.280000	0.120000	0.010000	-1.090000	-2.180000
961	YDR018C  	-0.470000	0.840000	-0.070000	-0.490000	-0.380000	1.250000	1.360000
962	YDR019C  	-0.010000	0.440000	0.900000	1.300000	1.920000	0.540000	0.210000
966	YDR023W  	0.480000	-0.070000	0.560000	-0.270000	-0.380000	-1.030000	-1.560000
967	YDR024W  	-0.430000	0.900000	-0.300000	-0.400000	-0.640000	-1.600000	-1.740000
968	YDR025W  	0.140000	-0.120000	-0.180000	-0.790000	-0.760000	-0.860000	-2.320000
974	YDR031W  	-0.290000	-0.070000	0.190000	0.140000	0.540000	2.300000	1.260000
975	YDR032C  	0.120000	0.300000	0.900000	0.990000	1.030000	1.770000	1.040000
980	YDR037W  	0.080000	0.340000	-0.100000	-0.560000	-0.510000	-1.940000	-1.940000
982	YDR039C  	0.120000	0.060000	-0.140000	-0.470000	-0.670000	-1.640000	-0.250000
986	YDR043C  	-0.140000	-0.090000	-0.010000	-0.010000	-0.560000	1.060000	1.430000
1002	YDR059C  	-0.040000	-0.180000	0.450000	0.190000	0.550000	1.060000	1.440000
1003	YDR060W  	-0.040000	-0.090000	-0.010000	-0.790000	-0.840000	-2.250000	-2.400000
1007	YDR064W  	-0.060000	-0.120000	-0.060000	-0.560000	-0.560000	-2.120000	-2.400000
1013	YDR070C  	0.010000	0.080000	0.060000	0.010000	0.250000	2.380000	1.680000
1017	YDR074W  	0.160000	0.200000	0.240000	1.030000	0.960000	2.020000	1.190000
1020	YDR077W  	0.290000	0.460000	0.510000	1.030000	1.450000	2.110000	1.650000
1026	YDR083W  	0.150000	0.160000	0.550000	-0.580000	-0.580000	-0.100000	-1.470000
1039	YDR096W  	-0.250000	-0.070000	-0.040000	0.140000	-0.200000	0.960000	1.570000
1044	YDR101C  	0.380000	0.260000	0.320000	-1.000000	-1.320000	-1.890000	-0.840000
1062	YDR119W  	0.320000	0.380000	0.820000	0.060000	-0.340000	-0.970000	-1.360000
1068	YDR125C  	-0.290000	0.010000	0.010000	-0.140000	-0.120000	1.030000	1.450000
1087	YDR144C  	0.140000	-0.040000	-0.300000	-0.860000	-1.150000	-2.400000	-2.740000
1091	YDR148C  	-0.620000	-0.010000	0.370000	-0.180000	-0.200000	1.860000	1.410000
1108	YDR165W  	0.320000	0.260000	0.400000	-0.690000	-0.970000	-2.000000	-1.600000
1114	YDR171W  	0.080000	0.120000	0.430000	0.850000	0.950000	3.630000	3.320000
1121	YDR178W  	-0.200000	-0.030000	0.590000	0.890000	0.840000	2.550000	2.610000
1150	YDR206W  	-0.120000	-0.220000	-0.340000	-0.840000	-0.890000	-1.690000	-1.560000
1160	YDR216W  	-0.060000	0.010000	-0.200000	-0.140000	-0.070000	1.120000	1.440000
1170	YDR226W  	0.160000	0.380000	0.070000	-0.140000	-0.090000	-0.290000	-1.510000
1175	YDR231C  	-0.250000	-0.290000	0.080000	0.230000	0.460000	1.600000	1.520000
1202	YDR258C  	-0.230000	0.020000	-0.230000	0.770000	0.780000	2.370000	2.430000
1216	YDR272W  	0.020000	0.100000	0.430000	0.460000	0.380000	2.440000	1.360000
1221	YDR277C  	-0.270000	0.000000	0.340000	0.190000	0.800000	1.860000	1.420000
1257	YDR313C  	-0.070000	0.280000	0.000000	-0.340000	-0.490000	1.640000	1.210000
1265	YDR321W  	-0.010000	0.070000	0.240000	-0.560000	-0.450000	-1.840000	-2.060000
1268	YDR324C  	0.060000	-0.010000	0.140000	-0.600000	-0.890000	-1.090000	-1.840000
1270	YDR326C  	0.030000	-0.170000	-0.340000	-0.250000	-0.360000	-0.890000	-1.430000
1273	YDR329C  	0.000000	0.060000	0.320000	0.000000	0.200000	1.580000	1.300000
1285	YDR341C  	0.230000	0.110000	-0.060000	-0.690000	-0.600000	-1.940000	-1.690000
1286	YDR342C  	0.180000	0.430000	0.950000	1.520000	1.660000	2.300000	1.600000
1287	YDR343C  	0.150000	0.770000	1.280000	1.920000	1.500000	2.180000	2.670000
1302	YDR358W  	-0.100000	-0.150000	0.490000	0.630000	0.380000	1.770000	0.640000
1305	YDR361C  	0.190000	0.100000	0.380000	-0.470000	-0.760000	-1.290000	-1.510000
1309	YDR365C  	0.040000	0.060000	0.230000	-0.380000	-0.620000	-1.640000	-1.940000
1310	YDR366C  	0.060000	0.000000	-0.070000	-0.070000	-0.070000	-1.150000	-1.690000
1326	YDR382W  	0.100000	0.150000	0.100000	0.060000	0.040000	-0.600000	-2.400000
1328	YDR384C  	0.040000	-0.150000	-0.360000	-1.090000	-1.600000	-1.470000	-2.180000
1329	YDR385W  	0.120000	0.100000	0.210000	0.080000	-0.300000	-0.890000	-1.640000
1339	YDR395W  	0.160000	0.390000	0.310000	-0.580000	-0.690000	-0.940000	-1.360000
1342	YDR398W  	-0.010000	-0.090000	-0.120000	-1.030000	-1.120000	-2.000000	-2.840000
1343	YDR399W  	0.060000	0.120000	0.250000	-0.320000	-0.340000	-1.510000	-1.890000
1361	YDR417C  	0.310000	0.110000	0.080000	-0.340000	-0.250000	-1.640000	-2.560000
1362	YDR418W  	0.200000	0.180000	0.300000	-0.200000	-0.200000	-1.740000	-2.940000
1390	YDR446W  	-0.430000	-0.560000	-0.430000	-0.640000	-0.940000	-0.670000	-1.940000
1391	YDR447C  	0.060000	-0.170000	-0.230000	-0.490000	-0.300000	-1.790000	-2.060000
1393	YDR449C  	-0.070000	-0.300000	-0.220000	-0.670000	-0.620000	-1.840000	-2.250000
1394	YDR450W  	0.440000	0.100000	0.110000	-0.360000	-0.090000	-1.320000	-2.000000
1397	YDR453C  	0.290000	0.120000	0.330000	0.250000	-0.030000	1.640000	0.650000
1409	YDR465C  	0.070000	0.060000	0.100000	-0.840000	-1.030000	-1.250000	-1.840000
1415	YDR471W  	0.380000	0.180000	0.180000	-0.540000	-0.150000	-1.430000	-2.000000
1435	YDR491C  	0.060000	0.260000	0.160000	-0.670000	-0.430000	-1.690000	-0.450000
1440	YDR496C  	0.180000	0.150000	0.310000	-0.540000	-0.860000	-0.810000	-1.890000
1444	YDR500C  	0.190000	0.060000	0.370000	-0.250000	-0.270000	-1.220000	-1.840000
1446	YDR502C  	0.310000	0.160000	0.560000	-0.540000	-0.890000	-1.360000	-1.510000
1452	YDR508C  	0.210000	-0.120000	-0.300000	-0.890000	-0.920000	-1.400000	-1.030000
1457	YDR513W  	0.070000	0.070000	0.290000	0.310000	0.820000	2.210000	1.840000
1460	YDR516C  	-0.140000	0.280000	0.420000	0.780000	0.710000	2.300000	1.010000
1471	YDR527W  	0.040000	0.010000	-0.090000	-0.420000	-0.400000	-1.360000	-1.150000
1473	YDR529C  	0.180000	0.030000	0.380000	0.860000	0.820000	2.180000	2.550000
1477	YDR533C  	-0.070000	0.060000	0.580000	0.420000	0.010000	2.780000	2.360000
1480	YDR536W  	-0.560000	-0.710000	-0.060000	-0.920000	-0.760000	0.280000	2.260000
1500	YEL011W  	-0.290000	0.120000	0.500000	0.820000	0.500000	2.620000	2.870000
1501	YEL012W  	-0.090000	-0.300000	0.070000	0.080000	-0.360000	1.320000	2.360000
1512	YEL022W  	0.010000	-0.150000	-0.150000	-0.290000	-0.490000	-0.810000	-1.560000
1514	YEL024W  	0.080000	0.280000	0.560000	0.880000	0.940000	1.950000	2.340000
1516	YEL026W  	-0.140000	-0.380000	0.070000	-0.600000	-0.970000	-1.890000	-2.060000
1522	YEL032W  	0.010000	-0.100000	-0.200000	-0.450000	-0.640000	-0.740000	-1.470000
1524	YEL034W  	-0.070000	-0.400000	-0.250000	-0.690000	-0.690000	-0.710000	-1.690000
1529	YEL039C  	-0.250000	-0.430000	-0.150000	0.040000	0.010000	1.900000	1.290000
1530	YEL040W  	0.210000	0.400000	0.550000	-0.580000	-0.810000	-1.180000	-2.120000
1532	YEL042W  	0.180000	0.200000	0.540000	-0.220000	-0.540000	-0.690000	-1.360000
1536	YEL046C  	0.030000	0.080000	0.000000	-0.690000	-1.120000	-1.510000	-1.740000
1538	YEL048C  	0.000000	-0.030000	0.030000	-0.600000	-0.600000	-0.940000	-1.740000
1544	YEL054C  	0.200000	0.100000	0.330000	-0.320000	-0.470000	-1.640000	-2.470000
1551	YEL060C  	0.210000	-0.290000	0.290000	-0.010000	-0.040000	1.710000	0.960000
1561	YEL070W  	-0.890000	-0.450000	0.330000	-0.360000	-0.710000	1.460000	0.900000
1572	YER002W  	0.190000	0.000000	0.040000	-0.940000	-0.810000	-1.740000	-1.510000
1576	YER006W  	0.450000	0.110000	0.510000	-0.740000	-0.740000	-1.510000	-1.510000
1580	YER009W  	0.180000	0.070000	0.370000	0.040000	0.280000	-0.400000	-1.430000
1592	YER020W  	-0.670000	-0.010000	0.610000	0.030000	-0.380000	1.370000	0.640000
1596	YER024W  	-0.270000	-0.150000	0.180000	-0.360000	-0.490000	1.110000	3.170000
1597	YER025W  	0.510000	0.060000	0.380000	-0.490000	-0.600000	-1.400000	-1.290000
1607	YER035W  	-0.100000	-0.150000	-0.100000	-0.120000	0.640000	2.200000	1.230000
1608	YER036C  	0.250000	0.310000	-0.320000	-0.940000	-1.150000	-2.180000	-2.180000
1615	YER043C  	0.540000	0.390000	0.700000	-0.600000	-0.430000	-1.030000	-1.560000
1616	YER044C  	0.230000	0.290000	0.370000	0.200000	0.600000	1.590000	0.440000
1622	YER049W  	0.060000	0.310000	0.070000	-0.490000	-0.840000	-1.000000	-1.600000
1625	YER052C  	0.480000	0.280000	0.700000	-0.180000	-0.640000	-1.250000	-1.430000
1626	YER053C  	-0.200000	0.370000	1.030000	1.510000	1.640000	2.210000	2.620000
1629	YER056C  	0.140000	0.540000	0.700000	-0.300000	-0.170000	-1.560000	-1.840000
1634	YER060W  	-0.030000	0.300000	0.370000	-0.560000	-0.420000	-1.220000	-1.690000
1637	YER062C  	0.150000	-0.030000	0.140000	-0.510000	-0.250000	-0.170000	-1.640000
1640	YER065C  	0.120000	0.160000	0.550000	0.080000	-0.150000	0.540000	3.700000
1643	YER067W  	-0.060000	0.150000	0.760000	1.040000	0.370000	3.240000	2.590000
1646	YER070W  	0.210000	0.120000	0.240000	-0.250000	-0.710000	-1.640000	-1.400000
1650	YER074W  	0.200000	0.040000	0.410000	-0.140000	-0.360000	-1.120000	-2.180000
1655	YER079W  	-0.300000	-0.510000	0.250000	0.140000	0.100000	1.350000	1.820000
1662	YER086W  	0.180000	0.380000	0.790000	0.100000	-0.220000	-0.940000	-1.690000
1674	YER096W  	-0.090000	0.150000	0.540000	0.160000	-0.580000	0.520000	1.800000
1687	YER110C  	0.230000	0.100000	0.580000	-0.600000	-0.860000	-1.940000	-1.690000
1694	YER117W  	0.160000	0.160000	0.210000	0.110000	-0.140000	-1.220000	-2.180000
1704	YER126C  	0.160000	0.140000	0.390000	-0.470000	-0.640000	-0.600000	-1.470000
1709	YER131W  	0.370000	0.140000	0.460000	0.040000	-0.010000	-1.360000	-2.470000
1719	YER141W  	0.000000	0.490000	0.760000	0.940000	0.480000	1.410000	1.230000
1723	YER145C  	0.160000	0.100000	-0.420000	-0.640000	-1.090000	-1.430000	-1.290000
1728	YER150W  	-0.010000	0.180000	1.150000	1.510000	1.610000	3.460000	3.300000
1736	YER158C  	-0.230000	0.010000	0.940000	0.730000	0.860000	1.150000	1.840000
1743	YER165W  	0.400000	0.390000	0.010000	-1.000000	-1.030000	-1.430000	-1.690000
1760	YER182W  	-0.320000	-0.320000	-0.150000	-0.250000	0.290000	1.940000	1.130000
1783	YFL014W  	-0.150000	0.390000	0.620000	1.580000	2.250000	3.600000	3.420000
1791	YFL022C  	0.060000	0.070000	-0.290000	-0.760000	-0.920000	-1.120000	-1.510000
1799	YFL030W  	-0.810000	-0.470000	0.180000	-0.270000	0.030000	1.060000	2.270000
1822	YFL054C  	-0.670000	-0.360000	-0.140000	-0.270000	-0.180000	2.490000	0.970000
1851	YFR015C  	-0.230000	0.040000	0.420000	1.550000	1.030000	2.750000	2.720000
1853	YFR017C  	-0.690000	-0.690000	-0.290000	-0.220000	-0.120000	1.000000	1.450000
1871	YFR033C  	0.060000	-0.100000	0.030000	0.320000	0.630000	2.390000	1.890000
1891	YFR053C  	0.190000	0.330000	0.400000	0.990000	1.480000	2.530000	0.370000
1893	YFR055W  	0.000000	0.110000	-0.060000	-0.840000	-0.890000	-0.600000	-2.250000
1901	YGL006W  	-0.150000	-0.070000	-0.070000	0.620000	0.660000	1.410000	1.300000
1903	YGL008C  	0.230000	0.230000	0.110000	0.000000	-0.290000	-1.430000	-1.510000
1910	YGL015C  	-0.300000	0.300000	0.250000	-0.450000	-0.420000	-1.400000	-0.840000
1923	YGL028C  	0.190000	0.120000	0.520000	-0.270000	-0.670000	-0.920000	-1.430000
1924	YGL029W  	-0.270000	-0.220000	0.010000	-0.540000	-0.340000	-1.840000	-1.320000
1925	YGL030W  	-0.090000	-0.150000	0.040000	-0.430000	-0.340000	-1.430000	-2.060000
1926	YGL031C  	0.030000	0.000000	0.040000	-0.140000	0.000000	-0.670000	-2.320000
1932	YGL037C  	0.200000	0.370000	0.280000	1.160000	1.460000	2.820000	1.840000
1934	YGL039W  	0.210000	0.440000	0.160000	-0.810000	-0.790000	-1.470000	-0.970000
1940	YGL045W  	-0.290000	-0.220000	0.040000	-0.230000	0.110000	1.400000	1.300000
1942	YGL047W  	-0.150000	-0.150000	-0.010000	0.140000	0.440000	1.900000	0.710000
1950	YGL055W  	0.320000	0.860000	1.460000	0.070000	0.100000	-0.690000	0.060000
1957	YGL062W  	0.030000	0.110000	-1.030000	-0.840000	-0.860000	-0.760000	1.810000
1971	YGL076C  	0.070000	-0.420000	-0.030000	-0.790000	-0.840000	-1.690000	-2.840000
1973	YGL078C  	-0.010000	-0.250000	0.320000	-0.840000	-0.840000	-1.470000	-2.470000
1983	YGL088W  	-0.510000	-1.470000	-0.420000	-0.360000	-0.580000	0.030000	0.420000
1997	YGL102C  	0.030000	-0.100000	0.160000	0.000000	-0.030000	-1.400000	-2.560000
1998	YGL103W  	0.210000	0.190000	0.060000	-0.140000	-0.300000	-1.510000	-2.120000
2007	YGL112C  	0.210000	0.070000	0.180000	-0.140000	-0.200000	-0.430000	-1.510000
2016	YGL121C  	0.000000	0.250000	0.260000	0.240000	0.530000	1.390000	1.110000
2018	YGL123W  	0.110000	0.150000	0.440000	-0.100000	-0.230000	-1.510000	-2.060000
2030	YGL135W  	0.210000	0.400000	0.710000	0.100000	-0.170000	-1.290000	-2.000000
2042	YGL147C  	0.410000	0.460000	0.620000	0.080000	-0.040000	-1.090000	-1.940000
2048	YGL153W  	-0.140000	-0.070000	0.210000	-0.030000	-0.340000	1.080000	1.570000
2082	YGL187C  	0.120000	0.290000	0.510000	0.620000	0.940000	2.030000	2.180000
2084	YGL189C  	0.150000	0.120000	0.340000	-0.200000	0.100000	-0.640000	-1.840000
2086	YGL191W  	0.040000	-0.070000	0.030000	0.030000	0.890000	2.490000	2.350000
2093	YGL198W  	-0.320000	0.110000	0.570000	0.410000	0.400000	1.400000	0.850000
2094	YGL199C  	0.060000	-0.120000	0.100000	0.240000	0.530000	1.760000	1.030000
2120	YGL225W  	0.190000	0.360000	0.780000	0.110000	-0.180000	-1.150000	-1.640000
2134	YGL238W  	0.100000	0.160000	0.140000	-0.540000	-0.450000	-0.790000	-1.560000
2155	YGL259W  	-0.140000	-0.070000	0.490000	0.630000	0.380000	1.670000	2.820000
2160	YGR001C  	-0.090000	0.160000	-0.170000	0.210000	-0.490000	-0.790000	-1.510000
2167	YGR008C  	-0.060000	0.040000	0.500000	1.120000	1.070000	2.760000	2.090000
2178	YGR019W  	-0.100000	-0.150000	0.230000	0.290000	0.290000	1.330000	1.280000
2186	YGR027C  	0.230000	0.160000	0.380000	0.230000	0.250000	-1.090000	-1.840000
2193	YGR034W  	-0.010000	-0.230000	-0.140000	-0.690000	-0.450000	-1.640000	-1.690000
2202	YGR043C  	-0.430000	-0.740000	-0.060000	-0.100000	-0.170000	3.490000	2.660000
2203	YGR044C  	0.070000	0.150000	0.260000	0.340000	0.400000	1.460000	0.880000
2211	YGR052W  	-0.620000	-0.200000	0.690000	0.010000	-0.170000	1.480000	1.300000
2219	YGR060W  	0.100000	0.000000	0.380000	-0.430000	-0.430000	-1.400000	-1.600000
2220	YGR061C  	0.120000	0.150000	0.040000	-0.180000	-0.140000	-1.290000	-1.400000
2225	YGR066C  	-0.320000	-0.430000	0.240000	-0.300000	-0.470000	1.580000	1.240000
2226	YGR067C  	0.040000	-0.090000	0.160000	-0.340000	-0.380000	0.590000	2.380000
2229	YGR070W  	-0.220000	0.060000	-0.180000	0.070000	0.440000	1.780000	2.070000
2244	YGR085C  	0.250000	0.150000	0.390000	-0.040000	-0.170000	-0.920000	-2.180000
2247	YGR088W  	0.150000	0.060000	0.210000	0.730000	0.960000	3.620000	2.960000
2249	YGR090W  	0.040000	-0.060000	0.280000	-0.690000	-0.400000	-1.510000	-0.060000
2253	YGR094W  	0.100000	0.240000	-0.010000	-0.740000	-0.470000	-2.060000	-0.300000
2254	YGR095C  	-0.010000	-0.180000	-0.290000	-0.430000	-0.620000	-0.790000	-1.430000
2261	YGR102C  	-0.230000	-0.220000	-0.060000	-0.320000	0.030000	1.420000	0.840000
2262	YGR103W  	0.150000	-0.060000	0.320000	-0.920000	-1.120000	-1.640000	-2.560000
2269	YGR110W  	0.160000	0.070000	0.500000	-0.060000	-0.380000	1.080000	2.120000
2277	YGR118W  	0.420000	0.370000	0.390000	0.190000	0.290000	-1.090000	-1.600000
2282	YGR123C  	-0.010000	-0.170000	-0.030000	-0.810000	-0.670000	-1.060000	-1.740000
2283	YGR124W  	0.500000	0.660000	0.560000	-0.360000	-0.510000	-1.360000	-1.640000
2287	YGR128C  	0.300000	0.260000	0.370000	-0.810000	-0.760000	-0.890000	-1.470000
2289	YGR130C  	0.190000	0.150000	0.250000	0.300000	0.100000	1.490000	1.060000
2297	YGR138C  	0.280000	0.530000	2.070000	1.480000	0.760000	0.580000	1.350000
2301	YGR142W  	-0.220000	-0.070000	0.150000	0.150000	0.340000	1.390000	2.000000
2304	YGR145W  	0.000000	-0.230000	0.250000	-0.890000	-1.090000	-1.690000	-2.180000
2305	YGR146C  	-0.010000	0.120000	-0.150000	-0.840000	-0.540000	1.460000	1.790000
2307	YGR148C  	0.200000	0.110000	0.060000	-0.290000	-0.270000	-1.840000	-2.640000
2314	YGR155W  	0.200000	0.160000	0.000000	-0.620000	-0.970000	-1.150000	-2.180000
2318	YGR159C  	0.200000	0.070000	0.120000	-1.060000	-1.090000	-1.000000	-2.000000
2319	YGR160W  	0.320000	0.110000	-0.250000	-1.470000	-1.470000	-2.470000	-3.180000
2321	YGR162W  	0.300000	0.330000	0.310000	-0.450000	-0.580000	-1.030000	-1.560000
2333	YGR174C  	-0.200000	-0.180000	0.110000	0.320000	0.450000	2.200000	1.810000
2336	YGR177C  	-0.040000	0.480000	0.190000	-0.920000	-1.120000	0.030000	-1.400000
2344	YGR185C  	0.330000	-0.230000	0.140000	-0.580000	-0.670000	-0.580000	-1.600000
2346	YGR187C  	0.200000	-0.220000	0.440000	-0.740000	-0.740000	-0.220000	-1.470000
2353	YGR194C  	-0.400000	0.040000	0.300000	0.580000	0.540000	1.490000	1.260000
2360	YGR201C  	-0.150000	-0.340000	0.850000	0.160000	-0.100000	1.900000	1.650000
2373	YGR214W  	0.260000	0.150000	0.440000	-0.360000	-0.290000	-1.690000	-2.470000
2390	YGR231C  	-0.010000	0.030000	0.580000	0.030000	-0.230000	1.360000	0.690000
2395	YGR236C  	-0.140000	-0.180000	-0.300000	-0.490000	-0.640000	3.450000	2.820000
2402	YGR243W  	-0.340000	-0.290000	-0.380000	-0.200000	-0.420000	3.180000	2.500000
2403	YGR244C  	0.040000	0.280000	0.770000	0.960000	1.480000	2.380000	2.060000
2404	YGR245C  	0.190000	0.120000	0.010000	-1.030000	-1.150000	-1.510000	-1.600000
2407	YGR248W  	-0.300000	-0.400000	0.440000	0.680000	1.410000	4.080000	2.450000
2409	YGR250C  	0.300000	0.150000	0.600000	0.410000	0.870000	1.530000	1.920000
2415	YGR256W  	0.230000	0.160000	0.340000	-0.600000	-0.070000	1.740000	1.430000
2423	YGR264C  	0.420000	0.430000	0.000000	-0.710000	-0.810000	-2.560000	-2.060000
2424	YGR265W  	0.110000	0.060000	-0.430000	-0.790000	-0.890000	-0.560000	-1.600000
2439	YGR280C  	0.240000	0.080000	-0.030000	-1.090000	-0.790000	-1.000000	-1.840000
2444	YGR285C  	0.010000	-0.090000	0.140000	-0.690000	-0.200000	-1.290000	-1.940000
2448	YGR289C  	-0.510000	-0.380000	-0.030000	-0.510000	-0.420000	1.510000	1.010000
2456	YHL001W  	0.210000	-0.100000	0.210000	0.110000	-0.200000	-1.470000	-1.940000
2470	YHL015W  	0.160000	0.320000	0.100000	-0.070000	-0.170000	-1.790000	-2.840000
2476	YHL021C  	-0.450000	0.120000	0.650000	0.990000	0.800000	2.980000	2.510000
2479	YHL024W  	-0.230000	-0.030000	0.420000	0.120000	0.110000	1.050000	1.450000
2487	YHL032C  	-0.150000	-0.100000	0.240000	-0.200000	-0.150000	1.040000	1.560000
2488	YHL033C  	0.340000	0.230000	0.190000	-0.180000	-0.510000	-1.560000	-2.470000
2494	YHL039W  	0.010000	0.040000	0.190000	-0.860000	-0.940000	-0.580000	-1.400000
2517	YHR010W  	0.550000	0.400000	0.610000	0.010000	0.010000	-1.090000	-1.940000
2523	YHR016C  	-0.060000	0.160000	0.150000	0.190000	0.790000	1.630000	0.810000
2526	YHR019C  	0.120000	0.400000	0.430000	-0.200000	-0.430000	-1.250000	-1.600000
2558	YHR049W  	0.080000	0.030000	-0.270000	-0.400000	-0.360000	-1.560000	-1.360000
2560	YHR051W  	0.200000	0.040000	0.190000	0.410000	0.760000	2.180000	2.500000
2561	YHR052W  	0.100000	-0.120000	-0.150000	-0.860000	-0.690000	-1.470000	-1.690000
2573	YHR064C  	0.370000	0.370000	0.110000	-0.360000	-0.580000	-1.290000	-1.790000
2596	YHR087W  	-0.420000	-0.420000	-0.100000	0.100000	0.900000	2.970000	0.960000
2598	YHR089C  	-0.200000	-0.340000	-0.140000	-0.710000	-0.470000	-2.180000	-2.640000
2601	YHR092C  	-0.040000	0.300000	0.730000	1.200000	1.190000	1.790000	0.940000
2605	YHR096C  	-0.120000	-0.040000	0.660000	0.320000	-0.320000	1.420000	3.030000
2613	YHR104W  	0.290000	0.260000	0.560000	0.630000	0.570000	2.380000	1.250000
2637	YHR128W  	0.240000	0.080000	0.230000	-0.710000	-0.670000	-1.890000	-2.320000
2651	YHR141C  	-0.030000	-0.200000	-0.220000	-0.290000	-0.360000	-1.220000	-2.060000
2660	YHR149C  	0.070000	-0.030000	-0.220000	-0.710000	-0.920000	-0.790000	-1.400000
2706	YHR195W  	-0.010000	0.210000	0.590000	0.140000	0.160000	2.090000	1.210000
2707	YHR196W  	0.210000	0.180000	0.180000	-0.620000	-0.640000	-0.620000	-1.430000
2714	YHR203C  	0.330000	0.510000	0.330000	-0.300000	-0.120000	-1.560000	-2.120000
2717	YHR206W  	0.070000	-0.150000	-0.710000	-1.150000	-1.180000	-1.180000	-1.560000
2719	YHR208W  	0.200000	0.190000	0.110000	-0.710000	-0.320000	-1.000000	-2.120000
2720	YHR209W  	-0.070000	-0.040000	0.460000	-0.010000	0.230000	1.750000	0.580000
2728	YHR215W  	0.480000	0.550000	0.280000	-0.740000	-0.940000	-1.940000	-1.360000
2729	YHR216W  	0.310000	0.300000	0.340000	-0.450000	-0.360000	-1.840000	-2.250000
2751	YIL018W  	0.300000	0.080000	0.260000	-0.220000	-0.170000	-1.360000	-2.320000
2752	YIL019W  	-0.170000	-0.600000	-0.230000	-1.090000	-1.560000	-1.150000	-1.560000
2772	YIL039W  	-0.120000	-0.170000	-0.340000	-0.430000	-0.320000	-1.150000	-1.560000
2785	YIL052C  	0.420000	-0.090000	0.280000	-0.090000	-0.340000	-1.640000	-2.250000
2786	YIL053W  	0.260000	-0.010000	-0.230000	-0.940000	-1.250000	-2.320000	-2.940000
2790	YIL057C  	-0.450000	-0.340000	0.340000	-0.290000	-0.670000	0.400000	1.490000
2798	YIL065C  	0.000000	-0.230000	-0.380000	-0.860000	-0.810000	-1.120000	-1.840000
2799	YIL066C  	0.120000	-0.010000	-0.040000	-0.450000	-0.690000	-1.430000	-1.640000
2802	YIL069C  	-0.060000	-0.490000	-0.420000	-0.640000	-0.710000	-1.940000	-2.470000
2820	YIL087C  	-0.340000	-0.300000	0.250000	0.400000	0.450000	1.940000	1.700000
2824	YIL091C  	0.040000	-0.030000	-0.090000	-0.670000	-0.690000	-1.250000	-1.470000
2827	YIL094C  	0.000000	-0.230000	-0.100000	0.000000	0.120000	-1.000000	-1.510000
2829	YIL096C  	-0.120000	-0.490000	0.120000	-0.620000	0.080000	-1.000000	-1.360000
2830	YIL097W  	-0.360000	-0.010000	-0.170000	-0.250000	-0.320000	1.530000	1.370000
2831	YIL098C  	-0.320000	-0.620000	0.430000	0.210000	-0.320000	1.630000	0.150000
2834	YIL101C  	-0.420000	-0.510000	0.080000	0.280000	-0.380000	1.560000	1.820000
2840	YIL107C  	-0.150000	-0.090000	-0.090000	0.420000	0.700000	1.660000	1.700000
2844	YIL111W  	-0.090000	0.140000	0.680000	1.100000	1.460000	2.990000	1.080000
2846	YIL113W  	-0.340000	-0.360000	-0.300000	0.040000	-0.070000	2.360000	1.300000
2855	YIL122W  	-0.450000	-0.670000	-0.360000	-0.560000	-0.250000	1.510000	0.820000
2857	YIL124W  	0.030000	0.250000	0.700000	0.910000	0.690000	1.390000	0.560000
2858	YIL125W  	0.240000	0.570000	0.380000	0.120000	0.500000	1.420000	2.990000
2861	YIL128W  	0.100000	0.010000	-0.100000	-0.420000	-0.140000	-0.620000	-1.430000
2866	YIL133C  	0.340000	0.260000	0.210000	-0.380000	-0.340000	-1.600000	-2.250000
2869	YIL136W  	-0.970000	-0.270000	0.210000	-0.250000	1.320000	3.510000	1.800000
2881	YIL148W  	-0.120000	-0.220000	-0.420000	-0.510000	-0.400000	-1.150000	-2.000000
2893	YIL160C  	-1.600000	-0.740000	-0.010000	-0.790000	-0.340000	0.560000	0.230000
2895	YIL162W  	0.060000	0.380000	0.770000	0.370000	0.040000	2.770000	1.360000
2902	YIL169C  	0.310000	0.320000	0.330000	0.310000	0.700000	0.990000	1.510000
2922	YIR012W  	0.310000	0.440000	0.510000	-0.640000	-0.640000	-0.860000	-1.430000
2948	YIR038C  	0.080000	0.230000	0.810000	0.660000	0.520000	1.960000	1.610000
2949	YIR039C  	-0.360000	-0.690000	0.620000	0.990000	0.520000	1.940000	1.970000
2966	YJL012C  	0.180000	0.080000	-0.290000	-0.430000	-0.600000	-0.920000	-1.470000
2998	YJL045W  	-0.340000	-0.200000	0.420000	-0.070000	-0.470000	1.010000	2.330000
3003	YJL050W  	-0.070000	-0.120000	-0.140000	-0.840000	-0.740000	-1.180000	-1.510000
3020	YJL067W  	-0.360000	-0.120000	-0.180000	-0.120000	0.120000	1.900000	1.750000
3032	YJL079C  	-0.250000	0.360000	0.960000	0.780000	1.190000	1.510000	1.090000
3033	YJL080C  	0.190000	0.010000	-0.230000	-0.300000	-0.400000	-1.150000	-1.840000
3041	YJL088W  	-0.320000	-0.430000	-0.400000	-0.400000	-0.510000	-0.040000	1.480000
3042	YJL089W  	-0.640000	-0.340000	-0.250000	-0.180000	-0.250000	1.120000	3.030000
3051	YJL098W  	-0.040000	-0.400000	-0.290000	-0.090000	-0.890000	-1.740000	0.150000
3056	YJL103C  	-0.380000	0.030000	-0.060000	0.030000	0.400000	1.890000	2.240000
3062	YJL109C  	-0.070000	0.030000	-0.120000	-1.180000	-1.090000	-3.180000	-2.000000
3064	YJL111W  	0.300000	0.190000	0.060000	-0.320000	-0.340000	-1.560000	-1.430000
3075	YJL122W  	-0.030000	-0.170000	0.010000	-1.000000	-0.920000	-1.690000	-2.250000
3089	YJL136C  	0.190000	-0.090000	0.340000	-0.070000	-0.470000	-1.470000	-2.400000
3090	YJL137C  	-0.040000	0.080000	0.260000	0.070000	-0.490000	1.060000	1.850000
3091	YJL138C  	0.290000	0.190000	0.440000	-0.120000	-0.470000	-1.400000	-1.890000
3094	YJL141C  	-0.400000	0.110000	0.070000	-0.200000	-0.070000	1.650000	1.040000
3097	YJL144W  	-0.400000	-0.430000	0.230000	0.160000	-0.100000	2.150000	1.120000
3101	YJL148W  	0.080000	-0.200000	0.160000	-0.760000	-0.690000	-1.290000	-2.400000
3104	YJL151C  	0.040000	0.200000	0.280000	0.110000	0.450000	1.850000	1.300000
3108	YJL155C  	-0.290000	0.070000	0.480000	0.260000	0.450000	1.490000	1.400000
3110	YJL157C  	-0.060000	0.060000	-0.060000	-0.070000	-0.010000	-1.250000	-1.510000
3111	YJL158C  	0.140000	-0.140000	0.190000	0.080000	-0.100000	-0.740000	-1.510000
3114	YJL161W  	0.010000	-0.150000	0.080000	0.210000	0.150000	1.930000	1.890000
3116	YJL163C  	0.060000	0.010000	0.120000	0.230000	0.070000	1.040000	1.750000
3117	YJL164C  	-0.470000	-0.540000	0.210000	1.060000	0.210000	1.720000	1.150000
3119	YJL166W  	-0.070000	-0.270000	0.190000	0.380000	0.430000	1.730000	0.950000
3130	YJL177W  	0.330000	0.140000	0.140000	-0.420000	-0.620000	-1.940000	-2.400000
3136	YJL183W  	0.310000	0.210000	0.180000	-0.140000	-0.250000	-1.090000	-1.560000
3138	YJL185C  	-0.170000	-0.070000	0.180000	0.150000	-0.170000	0.710000	1.450000
3142	YJL189W  	0.000000	-0.560000	-0.360000	-0.580000	-0.360000	-1.640000	-2.060000
3143	YJL190C  	0.110000	-0.180000	0.330000	0.100000	-0.090000	-1.470000	-2.320000
3144	YJL191W  	0.140000	-0.070000	0.340000	-0.300000	-0.250000	-0.920000	-1.840000
3145	YJL192C  	-0.010000	-0.380000	0.070000	0.010000	-0.120000	-0.580000	-1.430000
3147	YJL194W  	-0.180000	-0.690000	-1.180000	-1.400000	-1.320000	-1.320000	-1.890000
3151	YJL198W  	0.070000	-0.030000	-0.100000	-0.840000	-0.920000	-1.000000	-1.470000
3179	YJR003C  	-0.290000	-0.180000	-0.150000	-0.670000	-0.760000	-1.560000	-1.290000
3183	YJR007W  	0.430000	0.300000	0.100000	-0.810000	-0.810000	-0.940000	-1.560000
3184	YJR008W  	-0.760000	-0.380000	0.320000	-0.100000	-0.920000	1.560000	1.330000
3193	YJR016C  	0.340000	0.460000	0.150000	-0.580000	-0.540000	-1.560000	-1.320000
3211	YJR034W  	-0.060000	0.070000	0.250000	0.250000	0.520000	1.770000	0.830000
3217	YJR040W  	-0.010000	0.150000	0.000000	-0.510000	-0.200000	-1.560000	-0.760000
3218	YJR041C  	-0.030000	-0.580000	-0.290000	-0.920000	-0.970000	-2.000000	-2.000000
3220	YJR043C  	-0.120000	-0.430000	-0.150000	-0.320000	-0.320000	-0.360000	-1.430000
3224	YJR047C  	0.150000	-0.030000	-0.100000	-0.470000	-0.470000	-0.810000	-1.470000
3225	YJR048W  	-0.140000	-0.220000	-0.010000	-0.090000	0.310000	1.180000	1.750000
3231	YJR054W  	0.070000	-0.120000	-0.360000	-0.490000	-0.790000	-1.090000	-1.400000
3240	YJR063W  	0.030000	-0.360000	-0.120000	-0.540000	-0.840000	-1.060000	-2.060000
3241	YJR064W  	0.190000	0.100000	0.150000	-0.120000	-0.320000	-0.640000	-1.430000
3246	YJR069C  	-0.030000	-0.340000	-0.250000	-0.300000	-0.430000	-0.840000	-1.470000
3247	YJR070C  	0.190000	0.250000	0.380000	-0.690000	-0.060000	-0.640000	-1.360000
3248	YJR071W  	-0.060000	-0.290000	-0.430000	-0.670000	-0.740000	-1.840000	-2.250000
3250	YJR073C  	-0.100000	0.040000	0.720000	0.990000	1.310000	2.210000	1.700000
3255	YJR078W  	-1.430000	-0.560000	-0.470000	-0.380000	-0.450000	0.490000	0.770000
3272	YJR095W  	-0.600000	-0.470000	1.080000	-0.140000	-0.170000	1.370000	3.740000
3273	YJR096W  	-0.420000	0.210000	0.200000	0.330000	0.930000	2.860000	1.430000
3281	YJR104C  	0.140000	0.010000	0.390000	0.510000	0.260000	1.580000	0.600000
3298	YJR121W  	0.070000	0.040000	0.260000	0.370000	0.580000	1.290000	2.140000
3300	YJR123W  	0.110000	0.080000	0.180000	-0.380000	-0.420000	-1.840000	-2.470000
3322	YJR145C  	0.070000	0.060000	-0.250000	-0.580000	-0.420000	-1.510000	-2.640000
3332	YJR155W  	0.200000	-0.010000	-0.200000	-0.380000	-0.400000	1.500000	1.420000
3346	YKL006W  	0.160000	0.070000	0.150000	-0.060000	-0.270000	-1.060000	-2.120000
3349	YKL009W  	-0.150000	-0.430000	-0.100000	-0.790000	-1.090000	-2.060000	-2.560000
3356	YKL016C  	-0.250000	-0.340000	-0.250000	-0.200000	0.070000	1.440000	1.210000
3366	YKL026C  	-0.180000	-0.150000	0.030000	0.260000	0.550000	3.590000	2.730000
3370	YKL030W  	-0.560000	-0.360000	-0.180000	-0.920000	-0.470000	-1.400000	-0.690000
3375	YKL035W  	0.260000	0.550000	0.820000	1.130000	0.810000	2.140000	1.010000
3376	YKL036C  	-0.100000	0.150000	0.190000	-0.090000	0.390000	1.680000	0.900000
3384	YKL044W  	0.000000	-0.300000	-0.490000	-0.430000	-0.450000	0.310000	1.330000
3396	YKL056C  	0.100000	0.070000	0.320000	0.040000	-0.010000	-1.000000	-1.890000
3397	YKL057C  	-0.250000	-0.270000	-0.170000	-0.360000	-0.380000	-1.400000	-1.180000
3405	YKL065C  	-0.040000	-0.220000	0.000000	0.360000	0.760000	1.900000	0.530000
3407	YKL067W  	-0.060000	-0.200000	-0.100000	0.370000	0.580000	2.110000	0.930000
3418	YKL078W  	-0.040000	-0.010000	0.040000	-1.120000	-0.970000	-0.710000	-1.890000
3421	YKL081W  	0.080000	-0.150000	-0.010000	-0.920000	-0.710000	-2.180000	-2.470000
3422	YKL082C  	0.080000	-0.150000	-0.150000	-1.090000	-0.940000	-1.690000	-2.120000
3425	YKL085W  	0.040000	0.010000	0.300000	0.920000	1.360000	2.870000	2.580000
3431	YKL091C  	-0.300000	-0.510000	0.010000	0.700000	0.200000	1.740000	0.900000
3433	YKL093W  	-0.170000	0.300000	0.290000	-0.090000	-0.320000	1.910000	1.840000
3434	YKL094W  	0.060000	0.040000	0.160000	0.180000	0.040000	1.340000	0.760000
3436	YKL096W  	0.150000	0.710000	1.360000	1.560000	1.320000	0.440000	0.010000
3443	YKL103C  	-0.070000	0.380000	0.490000	0.880000	1.300000	2.380000	1.690000
3446	YKL106W  	0.080000	-0.320000	-0.600000	-1.000000	-1.360000	-0.760000	-1.510000
3449	YKL109W  	0.240000	0.580000	1.040000	0.660000	0.620000	2.540000	3.130000
3457	YKL117W  	0.140000	-0.060000	0.400000	0.100000	-0.120000	1.790000	0.040000
3481	YKL141W  	0.360000	0.160000	0.630000	0.770000	1.140000	1.970000	2.640000
3482	YKL142W  	-0.060000	0.230000	0.230000	0.500000	1.020000	2.480000	1.140000
3488	YKL148C  	-0.010000	0.190000	0.460000	0.310000	0.900000	2.050000	2.030000
3491	YKL151C  	-0.120000	0.240000	0.580000	0.620000	0.250000	2.520000	1.760000
3492	YKL152C  	0.100000	0.430000	0.240000	0.110000	0.100000	-0.470000	-1.740000
3493	YKL153W  	0.070000	0.030000	0.190000	-0.060000	0.070000	-0.010000	-1.430000
3496	YKL156W  	0.010000	-0.060000	-0.180000	-0.290000	-0.380000	-1.120000	-1.470000
3512	YKL172W  	0.120000	0.210000	0.300000	-0.740000	-0.560000	-0.420000	-1.400000
3521	YKL181W  	0.160000	0.000000	-0.060000	-0.620000	-0.860000	-1.890000	-1.940000
3525	YKL185W  	0.250000	0.060000	-0.380000	-1.120000	-0.920000	-1.790000	-0.470000
3527	YKL187C  	0.040000	0.070000	0.210000	-0.150000	-0.400000	2.150000	3.310000
3529	YKL189W  	0.030000	-0.140000	-0.270000	-0.420000	-0.040000	1.340000	0.560000
3531	YKL191W  	0.100000	-0.120000	-0.250000	-1.220000	-1.250000	-2.250000	-1.220000
3533	YKL193C  	-0.040000	-0.140000	-0.270000	0.180000	0.510000	2.460000	1.420000
3556	YKL217W  	-0.490000	-0.070000	0.040000	-0.340000	0.120000	3.530000	3.810000
3565	YKR001C  	0.180000	-0.120000	-0.150000	-0.040000	-0.170000	-0.320000	-1.400000
3577	YKR013W  	-0.040000	-0.070000	0.290000	-0.140000	-0.230000	-1.400000	-1.320000
3578	YKR014C  	-0.030000	-0.270000	-0.010000	0.140000	0.330000	1.330000	0.580000
3580	YKR016W  	-0.030000	0.080000	0.520000	0.510000	0.600000	1.790000	1.570000
3589	YKR025W  	-0.060000	-0.360000	-0.220000	-0.540000	-0.690000	-1.180000	-1.690000
3590	YKR026C  	0.360000	0.290000	0.010000	-0.100000	-0.300000	-0.790000	-1.560000
3607	YKR043C  	-0.100000	-0.470000	-0.380000	-0.420000	-0.600000	-1.180000	-1.890000
3610	YKR046C  	0.040000	0.320000	0.260000	0.110000	0.160000	0.500000	1.640000
3613	YKR049C  	-0.040000	-0.220000	-0.030000	-0.120000	-0.090000	1.420000	0.110000
3620	YKR056W  	0.320000	0.080000	0.080000	-0.940000	-0.810000	-1.150000	-1.740000
3621	YKR057W  	0.290000	-0.120000	0.200000	-0.070000	-0.380000	-1.510000	-2.180000
3622	YKR058W  	-0.030000	0.000000	0.320000	0.410000	0.210000	1.920000	1.670000
3623	YKR059W  	0.210000	0.080000	0.480000	-0.270000	-0.490000	-1.430000	-2.320000
3640	YKR076W  	-0.040000	0.040000	0.380000	0.240000	0.010000	1.640000	2.220000
3645	YKR081C  	0.210000	0.160000	0.110000	-0.600000	-0.620000	-0.640000	-1.400000
3658	YKR094C  	-0.070000	-0.200000	-0.120000	-0.400000	-0.360000	-1.510000	-1.840000
3661	YKR097W  	-0.120000	-0.180000	0.430000	-0.090000	-0.250000	0.410000	3.880000
3678	YLL008W  	0.110000	0.140000	-0.060000	-1.250000	-0.970000	-1.840000	-2.060000
3682	YLL012W  	0.060000	-0.170000	-0.690000	-1.180000	-1.030000	-1.290000	-1.790000
3693	YLL023C  	0.100000	0.070000	0.540000	0.520000	0.390000	2.150000	1.300000
3696	YLL026W  	0.010000	0.010000	-0.180000	0.840000	0.990000	2.400000	2.680000
3711	YLL041C  	-0.040000	-0.100000	0.500000	1.070000	1.420000	2.530000	2.600000
3714	YLL044W  	0.290000	0.010000	-0.170000	-0.430000	-0.710000	-2.120000	-2.560000
3715	YLL045C  	0.190000	-0.170000	-0.090000	-0.100000	-0.100000	-1.940000	-3.060000
3717	YLL047W  	0.010000	-0.340000	-0.340000	-0.490000	-0.670000	-1.120000	-1.940000
3739	YLR002C  	-0.060000	-0.360000	0.160000	-0.740000	-0.710000	-0.970000	-1.360000
3740	YLR003C  	0.240000	0.280000	0.430000	-0.430000	-0.670000	-0.430000	-1.400000
3746	YLR009W  	0.100000	-0.290000	-0.230000	-0.760000	-0.860000	-1.790000	-2.180000
3754	YLR017W  	0.240000	0.200000	0.160000	-0.430000	-0.690000	-0.760000	-1.360000
3762	YLR025W  	0.250000	-0.060000	0.100000	-0.120000	-0.120000	1.390000	0.660000
3766	YLR029C  	0.440000	0.210000	0.460000	0.360000	0.100000	-1.290000	-2.180000
3775	YLR038C  	0.000000	-0.090000	0.080000	-0.120000	0.560000	1.060000	1.330000
3781	YLR044C  	0.080000	-0.150000	-0.100000	-0.200000	-0.560000	-1.220000	-2.250000
3785	YLR048W  	0.320000	0.230000	0.450000	-0.120000	-0.340000	-1.940000	-2.560000
3793	YLR056W  	-0.180000	-0.320000	-0.070000	-0.580000	-0.640000	-2.180000	-1.840000
3795	YLR058C  	0.080000	0.260000	0.840000	0.210000	1.210000	-0.940000	-1.430000
3797	YLR060W  	-0.070000	0.230000	0.030000	-0.430000	-0.420000	-1.120000	-2.250000
3798	YLR061W  	0.440000	0.110000	0.240000	-0.230000	-0.150000	-1.470000	-1.840000
3799	YLR062C  	0.190000	-0.060000	0.060000	-0.360000	-0.100000	-1.890000	-2.840000
3805	YLR068W  	-0.150000	-0.300000	0.440000	-0.690000	-0.740000	-1.250000	-1.360000
3810	YLR073C  	0.000000	-0.120000	-0.090000	-1.000000	-0.810000	-1.150000	-1.470000
3812	YLR075W  	0.110000	0.080000	0.100000	-0.180000	-0.100000	-0.940000	-2.250000
3813	YLR076C  	0.210000	-0.040000	0.100000	0.070000	-0.320000	-1.510000	-2.320000
3818	YLR081W  	0.060000	0.100000	0.210000	0.570000	0.590000	1.430000	0.850000
3820	YLR083C  	0.210000	0.110000	0.410000	0.040000	-0.030000	-1.470000	-1.600000
3830	YLR093C  	0.210000	0.010000	0.100000	0.190000	0.380000	1.750000	0.960000
3866	YLR129W  	-0.340000	-0.380000	-0.290000	-0.890000	-0.860000	-2.840000	-2.120000
3871	YLR134W  	0.290000	0.500000	0.300000	-0.150000	-0.430000	-1.180000	-1.740000
3879	YLR142W  	-0.180000	-0.470000	-0.490000	-0.270000	-0.200000	0.530000	2.420000
3886	YLR149C  	-0.250000	-0.120000	-0.180000	0.590000	0.290000	2.510000	2.750000
3887	YLR150W  	0.390000	-0.030000	-0.040000	-0.060000	-0.300000	-0.740000	-2.250000
3889	YLR152C  	-0.170000	-0.090000	0.150000	0.070000	0.420000	1.340000	1.010000
3904	YLR167W  	0.120000	0.030000	0.260000	0.210000	0.080000	-0.560000	-1.600000
3905	YLR168C  	-0.060000	0.360000	0.370000	0.160000	-0.030000	1.560000	1.570000
3910	YLR173W  	0.100000	0.070000	0.500000	-0.030000	-0.230000	0.800000	1.430000
3911	YLR174W  	-0.120000	-0.290000	0.720000	0.120000	-0.140000	1.300000	3.270000
3912	YLR175W  	0.320000	0.460000	0.760000	-0.320000	-0.420000	-1.320000	-2.320000
3915	YLR178C  	-0.220000	-0.220000	-0.060000	0.760000	1.240000	2.650000	1.790000
3916	YLR179C  	-0.100000	0.010000	-0.340000	-0.540000	-0.580000	-1.560000	-1.790000
3917	YLR180W  	0.190000	0.280000	0.230000	-0.920000	-1.060000	-2.560000	-3.060000
3922	YLR185W  	0.330000	0.120000	0.160000	-0.090000	-0.170000	-1.290000	-1.840000
3923	YLR186W  	0.070000	-0.040000	-0.300000	-1.000000	-0.690000	-1.400000	-2.400000
3930	YLR193C  	0.010000	-0.140000	0.360000	0.080000	0.200000	1.350000	0.980000
3933	YLR196W  	0.250000	0.080000	0.280000	-0.860000	-0.920000	-1.560000	-2.740000
3934	YLR197W  	0.420000	0.510000	0.880000	-0.070000	-0.220000	-0.890000	-1.940000
3935	YLR198C  	0.310000	0.010000	0.450000	-0.150000	-0.230000	-1.360000	-2.470000
3949	YLR212C  	0.030000	-0.230000	0.100000	-0.380000	-0.640000	-1.640000	-2.060000
3951	YLR214W  	0.280000	-0.180000	-0.640000	-1.360000	-1.470000	-1.290000	-1.890000
3953	YLR216C  	0.360000	0.240000	0.280000	0.280000	0.140000	2.110000	1.260000
3954	YLR217W  	0.210000	0.140000	-0.200000	-0.090000	0.030000	2.100000	1.570000
3956	YLR219W  	-0.030000	0.120000	0.230000	0.060000	0.060000	1.600000	1.320000
3959	YLR222C  	0.160000	0.210000	0.320000	-0.430000	-0.580000	-0.890000	-1.470000
3960	YLR223C  	0.080000	-0.270000	-0.470000	-0.470000	-0.690000	-1.150000	-1.430000
3961	YLR224W  	-0.100000	-0.230000	-0.560000	-0.620000	-0.710000	-0.600000	-1.640000
3976	YLR239C  	0.100000	-0.040000	0.120000	-0.100000	-0.040000	1.430000	0.400000
3981	YLR244C  	0.240000	-0.150000	-0.250000	-0.470000	-0.600000	-1.120000	-1.510000
3986	YLR249W  	0.070000	0.030000	0.110000	-0.760000	-0.060000	-1.470000	-2.740000
3988	YLR251W  	-0.220000	-0.030000	0.000000	0.310000	0.730000	2.090000	1.000000
3989	YLR252W  	-0.120000	-0.120000	0.000000	0.730000	0.720000	1.970000	0.640000
3991	YLR254C  	-0.380000	-0.270000	-0.140000	-0.140000	-0.100000	1.330000	0.000000
3994	YLR257W  	0.040000	0.070000	0.180000	0.330000	0.920000	1.600000	0.630000
3995	YLR258W  	0.100000	0.430000	0.460000	1.900000	1.990000	3.380000	2.540000
3996	YLR259C  	0.290000	0.190000	-0.340000	0.160000	0.230000	1.130000	1.650000
4001	YLR264W  	0.140000	-0.040000	0.580000	0.250000	-0.230000	-1.290000	-2.000000
4004	YLR267W  	-0.120000	0.120000	0.280000	-0.100000	-0.470000	1.660000	2.690000
4005	YLR268W  	0.030000	-0.290000	-0.320000	-0.430000	-0.560000	-0.230000	-1.360000
4007	YLR270W  	0.100000	-0.030000	0.230000	0.610000	0.380000	3.030000	1.520000
4008	YLR271W  	-0.120000	0.110000	0.070000	0.230000	0.160000	1.370000	1.140000
4009	YLR272C  	-0.140000	-0.170000	-0.220000	-0.220000	-0.230000	-0.790000	-1.400000
4013	YLR276C  	0.030000	0.120000	0.320000	-0.620000	-0.860000	-0.670000	-1.640000
4020	YLR283W  	-0.150000	-0.220000	0.200000	0.010000	0.490000	1.370000	0.720000
4024	YLR287C  	0.080000	-0.060000	0.580000	-0.250000	-0.180000	-1.560000	-0.510000
4028	YLR290C  	-0.060000	-0.230000	0.010000	0.300000	0.500000	1.500000	0.370000
4031	YLR293C  	0.400000	0.000000	-0.120000	-0.740000	-0.760000	-1.060000	-1.740000
4032	YLR294C  	-0.040000	-0.340000	-0.040000	0.070000	0.290000	1.370000	1.060000
4033	YLR295C  	-0.010000	-0.180000	-0.300000	0.080000	0.070000	1.500000	1.360000
4035	YLR297W  	-0.320000	0.670000	0.630000	0.600000	0.530000	1.750000	1.440000
4037	YLR299W  	-0.140000	0.080000	-0.150000	0.190000	0.870000	1.640000	1.870000
4038	YLR300W  	0.060000	0.500000	1.040000	0.370000	0.440000	-0.810000	-1.740000
4039	YLR301W  	0.250000	0.100000	0.080000	0.060000	0.180000	-0.580000	-1.430000
4041	YLR303W  	0.210000	0.230000	0.440000	-0.010000	-0.640000	-0.400000	-1.510000
4042	YLR304C  	0.190000	0.560000	0.500000	1.040000	1.210000	1.930000	2.630000
4049	YLR311C  	-0.300000	-0.270000	-0.090000	0.070000	-0.170000	1.030000	1.950000
4050	YLR312C  	-0.620000	-0.670000	0.000000	0.180000	-0.290000	1.260000	2.350000
4064	YLR325C  	0.040000	0.010000	0.120000	0.030000	-0.300000	-1.560000	-2.560000
4066	YLR327C  	-0.180000	-0.340000	0.080000	0.910000	1.080000	3.380000	2.630000
4072	YLR333C  	0.120000	0.100000	0.230000	0.110000	0.240000	-0.890000	-1.840000
4075	YLR336C  	-0.010000	-0.100000	0.340000	-0.560000	-0.940000	-0.430000	-1.400000
4077	YLR339C  	0.320000	0.460000	0.300000	-0.200000	-0.670000	-1.790000	-2.560000
4078	YLR340W  	0.210000	0.320000	0.480000	-0.090000	-0.430000	-1.790000	-2.740000
4082	YLR344W  	-0.090000	-0.170000	-0.360000	-0.710000	-0.510000	-1.560000	-2.400000
4083	YLR345W  	-0.120000	0.190000	0.250000	0.730000	0.750000	1.990000	1.990000
4092	YLR354C  	0.150000	0.320000	0.230000	-0.250000	0.100000	-0.970000	-1.640000
4093	YLR355C  	0.360000	0.060000	-0.450000	-1.250000	-1.220000	-2.400000	-2.120000
4105	YLR367W  	0.410000	0.360000	0.380000	0.070000	-0.090000	-1.320000	-2.180000
4110	YLR372W  	0.100000	0.340000	0.630000	-0.070000	0.070000	-1.220000	-2.120000
4115	YLR377C  	-0.220000	-0.030000	0.240000	-0.170000	-0.120000	0.490000	3.840000
4118	YLR380W  	0.180000	-0.220000	-0.400000	-1.000000	-1.030000	-0.760000	-1.600000
4122	YLR384C  	-0.010000	-0.150000	-0.150000	-0.340000	-0.620000	-1.740000	-1.360000
4126	YLR388W  	0.330000	-0.100000	0.520000	0.100000	-0.170000	-1.290000	-1.840000
4132	YLR395C  	0.080000	0.030000	0.420000	0.330000	0.860000	1.320000	1.660000
4146	YLR409C  	0.200000	0.380000	0.280000	-1.000000	-1.030000	-2.000000	-2.000000
4150	YLR413W  	0.210000	0.360000	0.530000	-0.640000	-0.670000	-2.400000	-2.840000
4152	YLR415C  	-0.250000	-0.300000	-0.030000	-0.540000	-0.010000	-0.470000	1.400000
4160	YLR423C  	-0.430000	-0.060000	0.580000	0.180000	0.680000	1.660000	1.320000
4169	YLR432W  	0.360000	0.260000	0.390000	-0.290000	-0.340000	-1.840000	-2.180000
4172	YLR435W  	-0.060000	-0.030000	0.250000	-0.920000	-0.230000	-1.470000	-1.150000
4178	YLR441C  	0.080000	0.060000	0.150000	-0.250000	0.010000	-0.640000	-2.180000
4185	YLR448W  	0.330000	0.030000	-0.220000	-0.620000	-0.710000	-1.890000	-2.320000
4186	YLR449W  	-0.030000	-0.030000	0.140000	-1.180000	-0.970000	-2.640000	-2.180000
4189	YLR452C  	0.180000	0.230000	-0.150000	-0.760000	-0.810000	-0.860000	-1.640000
4208	YML004C  	0.140000	0.550000	0.290000	0.200000	0.420000	1.780000	1.090000
4212	YML008C  	0.330000	0.300000	0.000000	-0.510000	-0.420000	-0.620000	-1.740000
4228	YML022W  	0.150000	0.390000	0.700000	0.070000	-0.340000	-1.000000	-1.690000
4250	YML042W  	-0.540000	-0.300000	0.300000	-0.360000	-0.640000	1.590000	2.120000
4251	YML043C  	0.120000	0.110000	-0.060000	-0.690000	-0.580000	-0.090000	-1.470000
4262	YML054C  	-0.580000	-0.090000	0.430000	-0.120000	-0.040000	2.310000	2.890000
4268	YML059C  	-0.250000	-0.300000	-0.040000	-0.340000	-0.690000	-1.430000	-1.120000
4272	YML063W  	0.210000	0.210000	0.390000	0.010000	-0.030000	-1.600000	-2.470000
4299	YML090W  	-0.060000	-0.120000	-0.340000	-0.170000	0.280000	0.660000	1.630000
4300	YML091C  	-0.120000	-0.360000	-0.640000	-0.120000	0.430000	0.980000	1.400000
4302	YML093W  	0.080000	0.000000	0.180000	-0.710000	-0.490000	-1.000000	-1.560000
4310	YML100W  	0.030000	0.230000	0.070000	1.040000	1.010000	1.670000	1.930000
4333	YML120C  	-0.220000	-0.580000	-0.230000	0.150000	0.440000	1.760000	1.970000
4336	YML123C  	0.510000	0.500000	0.550000	-0.560000	-0.670000	-2.250000	-1.690000
4341	YML128C  	-0.120000	0.190000	0.980000	1.560000	1.350000	4.240000	3.450000
4344	YML131W  	-0.250000	-0.180000	0.380000	0.000000	-0.230000	1.720000	0.900000
4347	YMR001C  	0.040000	-0.030000	-0.270000	-0.270000	-0.320000	-0.760000	-1.560000
4357	YMR011W  	0.240000	0.440000	0.540000	-0.300000	-0.840000	-1.220000	-1.360000
4360	YMR014W  	0.010000	-0.300000	-0.250000	-0.970000	-0.940000	-1.600000	-1.690000
4376	YMR030W  	-0.540000	-0.540000	-0.140000	-0.180000	-0.180000	1.630000	1.020000
4377	YMR031C  	-0.100000	0.030000	0.370000	0.390000	0.820000	1.100000	1.900000
4384	YMR037C  	-0.140000	-0.510000	-0.970000	-1.120000	-1.220000	-1.890000	-1.740000
4396	YMR049C  	0.070000	-0.290000	-0.200000	-0.920000	-1.030000	-1.640000	-2.060000
4404	YMR056C  	-0.200000	-0.200000	0.280000	0.280000	0.700000	1.290000	2.210000
4406	YMR058W  	0.160000	-0.170000	-0.180000	-0.790000	-0.860000	-1.560000	-1.940000
4429	YMR080C  	-0.040000	-0.030000	-0.470000	-0.490000	-0.790000	-1.320000	-1.400000
4430	YMR081C  	0.030000	-0.070000	0.730000	0.210000	0.740000	2.070000	2.240000
4440	YMR090W  	-0.180000	0.080000	0.580000	0.310000	0.980000	2.350000	1.020000
4443	YMR093W  	0.070000	0.000000	-0.450000	-1.290000	-1.320000	-1.840000	-2.470000
4455	YMR105C  	0.140000	0.530000	0.710000	1.740000	1.460000	3.190000	2.660000
4457	YMR107W  	-0.420000	-0.270000	-0.200000	-0.300000	-0.100000	2.350000	2.340000
4458	YMR108W  	0.250000	0.060000	-0.300000	-1.000000	-1.090000	-1.640000	-1.150000
4460	YMR110C  	0.040000	0.210000	0.280000	0.320000	0.760000	2.120000	1.860000
4468	YMR118C  	-0.140000	-0.060000	-0.150000	-0.380000	-0.340000	0.940000	1.550000
4472	YMR121C  	0.340000	-0.040000	0.340000	0.310000	-0.100000	-1.360000	-2.470000
4474	YMR123W  	-0.150000	-0.540000	-0.120000	-0.320000	-0.600000	-0.740000	-1.400000
4479	YMR128W  	-0.180000	-0.070000	-0.170000	-0.920000	-0.710000	-1.120000	-1.510000
4480	YMR129W  	0.030000	-0.100000	-0.490000	-0.490000	-0.790000	-1.470000	-1.320000
4482	YMR131C  	0.210000	0.110000	0.320000	-0.420000	-0.840000	-1.320000	-2.560000
4484	YMR133W  	-0.450000	-0.070000	0.160000	0.150000	0.500000	1.340000	1.160000
4500	YMR148W  	0.010000	0.000000	0.400000	0.330000	0.110000	1.330000	0.930000
4524	YMR170C  	0.180000	0.240000	0.200000	0.420000	0.710000	3.630000	2.250000
4528	YMR173W  	0.210000	0.030000	0.070000	0.230000	0.100000	1.580000	0.580000
4537	YMR181C  	-0.010000	-0.060000	0.650000	0.580000	0.110000	1.550000	1.610000
4544	YMR188C  	-0.140000	0.040000	0.500000	0.040000	0.890000	1.900000	0.780000
4547	YMR191W  	-0.010000	0.160000	0.580000	0.520000	0.380000	1.840000	2.310000
4552	YMR195W  	-0.170000	0.190000	0.210000	0.260000	0.840000	1.800000	1.010000
4553	YMR196W  	-0.180000	-0.140000	-0.060000	0.790000	0.780000	1.770000	1.280000
4554	YMR197C  	-0.070000	-0.030000	0.500000	0.030000	0.660000	1.480000	0.860000
4556	YMR199W  	-0.270000	-0.060000	-0.470000	-0.620000	-0.140000	-1.940000	-1.090000
4559	YMR202W  	0.360000	0.030000	0.360000	-0.150000	0.030000	-1.510000	-1.640000
4562	YMR205C  	0.180000	0.160000	0.430000	-0.040000	-0.030000	-1.000000	-1.360000
4563	YMR206W  	-0.490000	-0.430000	-0.180000	-0.170000	-0.490000	1.230000	1.840000
4567	YMR210W  	0.070000	-0.320000	0.480000	0.230000	-0.060000	1.440000	0.710000
4574	YMR217W  	0.150000	0.110000	0.190000	-1.090000	-1.290000	-1.600000	-2.740000
4586	YMR229C  	0.040000	0.030000	0.110000	-0.690000	-0.890000	-1.690000	-1.890000
4592	YMR235C  	0.070000	0.200000	0.500000	0.000000	-0.070000	-0.200000	-1.360000
4596	YMR239C  	0.070000	-0.230000	0.070000	-0.810000	-0.940000	-1.790000	-1.840000
4598	YMR241W  	0.040000	-0.090000	-0.270000	-0.670000	-0.640000	-1.290000	-1.510000
4599	YMR242C  	0.300000	0.240000	0.330000	-0.140000	-0.220000	-1.470000	-2.000000
4604	YMR246W  	0.280000	0.490000	0.500000	-0.580000	-0.790000	-1.290000	-1.430000
4606	YMR250W  	-0.070000	0.460000	1.020000	1.810000	2.110000	3.030000	3.160000
4616	YMR259C  	0.040000	0.060000	-0.200000	-0.620000	-0.970000	-1.090000	-1.510000
4626	YMR269W  	-0.200000	-0.360000	-0.070000	-0.940000	-0.890000	-1.000000	-1.840000
4628	YMR271C  	-0.320000	-0.360000	0.200000	-0.250000	0.030000	1.540000	1.280000
4635	YMR278W  	-0.250000	0.240000	0.340000	0.250000	0.440000	1.710000	0.250000
4647	YMR290C  	0.120000	-0.220000	-0.230000	-1.150000	-1.400000	-2.640000	-3.060000
4656	YMR297W  	0.200000	0.750000	1.100000	1.230000	1.410000	1.710000	1.970000
4659	YMR300C  	-0.100000	-0.040000	0.260000	0.150000	0.620000	-1.180000	-2.000000
4665	YMR305C  	-0.090000	-0.220000	0.150000	-0.180000	0.000000	-1.430000	-1.690000
4669	YMR308C  	0.250000	0.010000	0.110000	-0.450000	-0.690000	-1.470000	-1.940000
4670	YMR309C  	0.330000	0.290000	-0.220000	-0.760000	-0.860000	-1.360000	-1.640000
4671	YMR310C  	0.180000	-0.490000	-0.380000	-1.220000	-1.150000	-0.600000	-1.940000
4672	YMR311C  	-0.030000	-0.250000	0.040000	0.030000	-0.010000	2.200000	1.370000
4681	YMR318C  	0.040000	-0.040000	-0.120000	-0.430000	-0.490000	-1.470000	-2.120000
4684	YMR321C  	-0.040000	-0.150000	-0.220000	-0.470000	-0.380000	-1.360000	-1.740000
4685	YMR322C  	-0.670000	-0.600000	-0.420000	-0.340000	-0.840000	1.320000	1.520000
4691	YNL002C  	-0.090000	-0.380000	-0.250000	-1.180000	-0.890000	-2.840000	-2.400000
4696	YNL007C  	0.040000	-0.540000	0.080000	-0.030000	0.060000	1.360000	0.740000
4698	YNL009W  	-0.060000	-0.580000	0.010000	-0.140000	-0.170000	1.320000	2.200000
4702	YNL013C  	0.140000	0.060000	0.250000	-0.420000	-0.690000	-2.060000	-1.470000
4704	YNL015W  	-0.070000	-0.320000	0.520000	0.820000	0.910000	3.020000	2.280000
4725	YNL036W  	-0.060000	-1.290000	-2.250000	-2.180000	-2.250000	1.240000	1.060000
4726	YNL037C  	-0.030000	0.160000	0.060000	0.280000	0.200000	1.650000	1.700000
4732	YNL043C  	-0.090000	-0.340000	0.010000	-0.060000	-0.090000	-0.840000	-1.360000
4734	YNL045W  	0.110000	0.290000	0.580000	0.370000	0.580000	1.510000	1.120000
4741	YNL052W  	-0.230000	-0.230000	-0.090000	0.080000	0.640000	1.800000	2.300000
4744	YNL055C  	-0.030000	-0.230000	0.190000	0.360000	0.300000	1.370000	1.070000
4749	YNL061W  	-0.010000	-0.490000	-0.420000	-1.250000	-1.360000	-2.250000	0.030000
4753	YNL065W  	0.000000	0.290000	-0.220000	-1.000000	-0.220000	-2.180000	-2.400000
4754	YNL066W  	0.110000	0.330000	0.770000	0.140000	0.030000	-0.640000	-1.510000
4755	YNL067W  	0.040000	-0.360000	-0.140000	-0.400000	-0.220000	-0.710000	-2.400000
4757	YNL069C  	-0.090000	-0.040000	0.300000	-0.200000	-0.090000	-1.120000	-2.740000
4763	YNL075W  	-0.140000	-0.320000	-0.220000	-0.740000	-0.940000	-1.940000	-1.890000
4775	YNL087W  	0.080000	-0.090000	0.010000	-0.320000	-0.170000	-1.320000	-1.430000
4781	YNL093W  	-0.510000	0.690000	0.080000	0.080000	-0.230000	1.660000	1.280000
4784	YNL096C  	0.120000	-0.030000	-0.320000	-0.490000	-0.400000	-2.180000	-2.840000
4788	YNL100W  	-0.300000	-0.340000	-0.120000	0.320000	0.530000	1.420000	1.290000
4797	YNL109W  	-0.090000	-0.090000	-0.580000	-0.600000	-0.840000	-0.400000	-1.400000
4798	YNL110C  	-0.010000	-0.170000	0.010000	-0.920000	-0.970000	-1.890000	-2.250000
4799	YNL111C  	-0.090000	-0.470000	-0.400000	-0.760000	-0.760000	-1.790000	-2.120000
4800	YNL112W  	0.100000	0.100000	0.250000	-0.620000	-0.790000	-1.090000	-1.740000
4802	YNL114C  	-0.030000	-0.420000	-0.140000	-0.620000	-0.670000	-0.200000	-1.940000
4803	YNL115C  	-0.380000	0.060000	0.290000	-0.170000	0.510000	1.640000	1.200000
4805	YNL117W  	-0.300000	-0.040000	0.700000	-0.300000	-0.270000	0.760000	3.220000
4807	YNL119W  	0.120000	-0.030000	0.310000	-0.220000	-0.200000	-1.150000	-2.840000
4808	YNL120C  	-0.140000	-0.170000	-0.290000	-0.690000	-0.740000	-1.600000	-1.290000
4811	YNL123W  	-0.040000	-0.250000	-0.560000	-0.810000	-0.920000	-1.560000	-1.790000
4812	YNL124W  	-0.010000	-0.220000	-0.430000	-1.000000	-0.890000	-1.220000	-1.360000
4820	YNL132W  	0.100000	0.080000	0.030000	-0.920000	-1.030000	-1.940000	-2.250000
4822	YNL134C  	0.140000	0.080000	0.070000	0.110000	0.280000	2.330000	2.050000
4829	YNL141W  	-0.170000	-0.040000	-0.070000	-1.250000	-1.180000	-2.840000	-3.180000
4832	YNL144C  	-0.400000	-0.450000	-0.140000	0.190000	0.680000	1.960000	1.950000
4848	YNL160W  	0.240000	0.340000	1.110000	1.490000	1.740000	3.080000	2.840000
4850	YNL162W  	-0.340000	-0.380000	-0.360000	-0.560000	-0.320000	-1.290000	-2.000000
4851	YNL163C  	-0.030000	0.150000	0.000000	-0.430000	-0.860000	-0.640000	-1.360000
4861	YNL173C  	-0.070000	-0.250000	0.110000	0.860000	0.800000	2.630000	1.680000
4862	YNL174W  	0.060000	-0.200000	0.010000	-0.970000	-0.890000	-2.400000	-1.180000
4863	YNL175C  	0.190000	-0.180000	0.120000	-0.640000	-0.890000	-1.690000	-2.640000
4866	YNL178W  	0.000000	-0.060000	0.040000	-0.220000	-0.090000	-0.840000	-2.180000
4870	YNL182C  	0.080000	-0.060000	0.160000	-1.030000	-0.970000	-1.890000	-1.940000
4882	YNL194C  	-0.290000	0.030000	0.140000	-0.170000	0.310000	3.900000	3.380000
4883	YNL195C  	-0.320000	-0.230000	-0.100000	-0.150000	0.030000	0.770000	2.300000
4888	YNL200C  	-0.220000	-0.030000	0.360000	1.260000	1.530000	3.760000	2.520000
4895	YNL207W  	-0.090000	-0.120000	-0.290000	-0.920000	-0.970000	-1.740000	-1.470000
4897	YNL209W  	0.040000	0.080000	0.110000	-0.040000	-0.060000	-0.940000	-1.890000
4904	YNL216W  	-0.290000	-0.270000	-0.510000	-0.810000	-0.710000	-2.120000	-1.030000
4924	YNL236W  	-0.200000	-0.290000	-0.510000	-0.540000	-0.510000	-0.920000	-1.400000
4926	YNL238W  	-0.010000	0.190000	-0.270000	-0.450000	-0.430000	-0.090000	-1.360000
4932	YNL244C  	-0.120000	-0.220000	-0.150000	-0.340000	-0.490000	-0.920000	-1.510000
4935	YNL247W  	0.000000	-0.150000	-0.220000	-0.420000	-0.580000	-1.510000	-2.180000
4936	YNL248C  	0.190000	0.040000	0.370000	-0.640000	-0.760000	-0.710000	-1.740000
4943	YNL255C  	0.200000	-0.180000	0.000000	-0.490000	-0.580000	-0.600000	-1.470000
4944	YNL256W  	0.060000	-0.290000	0.010000	-0.760000	-0.970000	-1.790000	-1.690000
4962	YNL274C  	0.010000	0.060000	0.360000	0.640000	0.500000	2.760000	1.680000
4980	YNL292W  	-0.040000	-0.200000	-0.030000	-0.290000	-0.420000	-0.970000	-1.430000
4989	YNL301C  	0.210000	-0.140000	0.250000	-0.300000	-0.560000	-1.890000	-2.470000
4990	YNL302C  	0.660000	0.320000	0.370000	0.040000	0.110000	-1.150000	-2.250000
4991	YNL303W  	-0.400000	-0.760000	-0.340000	-0.600000	-1.120000	-2.560000	-2.470000
4993	YNL305C  	-0.120000	0.100000	0.490000	0.120000	0.880000	2.390000	1.120000
5001	YNL313C  	0.030000	-0.290000	-0.560000	-0.970000	-1.150000	-1.640000	-2.060000
5015	YNL327W  	0.110000	-0.100000	-0.070000	-0.620000	-0.920000	-2.000000	-2.120000
5028	YNR001C  	0.190000	0.450000	0.650000	0.720000	1.230000	2.680000	3.230000
5034	YNR007C  	-0.200000	-0.230000	-0.100000	0.070000	-0.100000	2.190000	1.660000
5036	YNR009W  	-0.010000	-0.600000	-0.580000	-0.690000	-0.600000	-1.510000	-1.430000
5041	YNR014W  	-0.380000	-0.290000	-0.200000	-0.540000	-0.200000	1.500000	0.200000
5053	YNR026C  	-0.450000	-0.710000	-0.400000	-0.540000	-0.670000	-0.710000	-1.470000
5061	YNR034W  	-0.170000	-0.360000	-0.430000	-0.400000	-0.470000	1.500000	0.230000
5065	YNR038W  	-0.170000	-0.400000	-0.710000	-1.180000	-1.360000	-1.510000	-1.840000
5070	YNR043W  	0.120000	-0.070000	-0.060000	-0.620000	-0.740000	-1.150000	-1.640000
5073	YNR046W  	-0.200000	-0.740000	-0.670000	-1.090000	-1.120000	-1.510000	-1.510000
5077	YNR050C  	-0.120000	-0.250000	-0.640000	-0.890000	-0.540000	-1.180000	-2.000000
5078	YNR051C  	0.190000	0.070000	0.200000	-0.070000	-0.290000	-1.150000	-1.560000
5080	YNR053C  	0.190000	0.410000	0.290000	-0.490000	-0.600000	-1.740000	-2.400000
5081	YNR054C  	-0.150000	-0.400000	-0.360000	-0.860000	-1.030000	-1.560000	-1.740000
5094	YNR067C  	-0.230000	-0.200000	-0.360000	-0.540000	-0.840000	-1.940000	-1.640000
5098	YNR071C  	-0.600000	-0.360000	-0.230000	-0.090000	-0.320000	1.950000	0.570000
5100	YNR073C  	-0.420000	-0.420000	-0.200000	-0.340000	-0.290000	2.190000	1.010000
5102	YNR075W  	0.040000	0.160000	-0.030000	-0.470000	-0.670000	-1.090000	-1.400000
5114	YOL010W  	-0.060000	-0.360000	-0.490000	-0.810000	-0.840000	-1.740000	-2.120000
5118	YOL014W  	-0.140000	-0.010000	0.480000	-0.490000	-0.420000	-1.120000	-1.560000
5123	YOL019W  	0.100000	0.280000	-0.300000	-1.060000	-1.030000	-0.890000	-1.510000
5125	YOL021C  	-0.140000	-0.250000	-0.420000	-0.790000	-0.760000	-1.360000	-1.510000
5134	YOL030W  	0.390000	0.380000	0.750000	0.540000	0.720000	1.490000	0.030000
5136	YOL032W  	-0.060000	-0.030000	0.290000	0.180000	0.100000	2.560000	1.710000
5143	YOL039W  	0.080000	-0.030000	0.100000	0.000000	0.000000	-0.170000	-2.320000
5144	YOL040C  	0.110000	0.060000	-0.140000	-0.420000	-0.560000	-1.510000	-2.640000
5152	YOL048C  	-0.090000	0.060000	0.260000	0.320000	0.260000	1.590000	1.380000
5165	YOL061W  	-0.120000	0.000000	0.100000	-0.580000	-0.380000	-1.470000	-1.600000
5168	YOL064C  	-0.200000	-0.250000	-0.430000	-0.490000	-0.540000	-0.840000	-1.470000
5175	YOL071W  	-0.030000	-0.060000	0.420000	0.310000	0.230000	1.780000	1.360000
5180	YOL077C  	0.260000	0.030000	0.080000	-0.790000	-0.420000	-1.430000	-2.250000
5186	YOL083W  	-0.150000	0.100000	0.400000	0.250000	0.610000	1.200000	1.460000
5200	YOL097C  	0.320000	0.300000	0.330000	-0.340000	-0.430000	-1.000000	-1.560000
5204	YOL101C  	0.140000	0.190000	0.200000	-0.760000	-0.920000	-1.120000	-1.400000
5223	YOL120C  	0.260000	-0.090000	0.400000	-0.170000	-0.600000	-1.790000	-2.400000
5224	YOL121C  	0.420000	0.010000	0.140000	-0.120000	0.010000	-1.470000	-2.250000
5227	YOL124C  	0.070000	-0.170000	0.410000	-0.860000	-0.890000	-0.220000	-1.940000
5229	YOL126C  	0.000000	-0.100000	-0.040000	-0.430000	0.140000	1.080000	1.380000
5230	YOL127W  	0.190000	-0.230000	0.140000	-0.200000	-0.120000	-1.470000	-2.000000
5242	YOL139C  	0.230000	0.140000	0.060000	-0.300000	-0.030000	-0.970000	-1.510000
5246	YOL143C  	-0.010000	-0.070000	0.120000	0.100000	0.620000	1.400000	0.480000
5256	YOL153C  	-0.180000	0.100000	0.510000	0.070000	0.530000	1.200000	1.740000
5273	YOR004W  	0.040000	-0.200000	0.310000	-0.710000	-0.740000	-0.200000	-1.400000
5289	YOR019W  	-0.320000	0.110000	0.710000	-0.320000	0.080000	1.670000	2.150000
5297	YOR027W  	0.200000	0.070000	-0.300000	-0.470000	-0.170000	1.210000	1.500000
5298	YOR028C  	-0.380000	-0.300000	-0.300000	-0.200000	-0.320000	1.380000	-0.120000
5301	YOR031W  	0.030000	-0.170000	-0.170000	-0.170000	-0.010000	2.050000	1.370000
5305	YOR035C  	-0.300000	0.260000	0.200000	-0.070000	0.380000	1.060000	1.330000
5311	YOR041C  	-0.060000	-0.060000	-0.290000	-0.290000	0.010000	1.820000	0.990000
5319	YOR049C  	-0.380000	-0.430000	0.580000	0.230000	0.650000	1.850000	1.680000
5321	YOR051C  	0.240000	0.180000	0.800000	-0.150000	-0.040000	-0.230000	-1.560000
5322	YOR052C  	0.060000	0.230000	0.420000	0.380000	0.230000	2.160000	1.120000
5333	YOR063W  	0.140000	0.070000	0.280000	-0.250000	-0.290000	-1.690000	-2.250000
5335	YOR065W  	0.180000	0.100000	0.320000	0.290000	0.950000	1.710000	2.410000
5348	YOR078W  	0.030000	-0.320000	-0.060000	-0.740000	-0.810000	-0.840000	-1.430000
5359	YOR089C  	0.060000	0.070000	0.070000	-0.340000	0.250000	1.730000	0.720000
5365	YOR095C  	-0.040000	-0.060000	0.160000	-0.810000	-0.790000	-2.120000	-0.200000
5366	YOR096W  	0.410000	0.040000	0.320000	-0.030000	-0.150000	-1.250000	-1.430000
5367	YOR097C  	-0.250000	0.180000	0.190000	0.030000	-0.290000	1.520000	0.940000
5370	YOR100C  	-0.810000	-0.450000	0.190000	-0.040000	-0.180000	1.080000	2.110000
5371	YOR101W  	0.140000	-0.060000	0.120000	-0.690000	-0.580000	-1.360000	-0.810000
5386	YOR116C  	-0.360000	-0.290000	-0.640000	-0.840000	-1.120000	-1.940000	-1.640000
5390	YOR120W  	-0.430000	-0.380000	-0.070000	-0.140000	-0.170000	1.790000	0.620000
5403	YOR133W  	0.080000	0.060000	0.410000	0.080000	-0.010000	-1.320000	-1.790000
5406	YOR136W  	0.060000	0.300000	0.550000	0.520000	0.780000	1.430000	1.210000
5416	YOR146W  	-0.010000	-0.320000	-0.270000	-0.790000	-0.970000	-1.120000	-1.840000
5423	YOR153W  	0.190000	0.100000	0.140000	-0.360000	-0.740000	-1.890000	-1.940000
5431	YOR161C  	-0.040000	0.190000	0.450000	0.860000	0.660000	2.200000	1.280000
5437	YOR167C  	0.140000	-0.030000	0.580000	0.110000	-0.100000	-1.120000	-1.640000
5438	YOR168W  	0.230000	0.190000	0.460000	-0.070000	-0.300000	-0.320000	-1.360000
5448	YOR178C  	-0.200000	-0.070000	0.490000	0.280000	0.140000	2.350000	2.070000
5452	YOR182C  	-0.170000	-0.490000	-0.220000	-0.170000	-0.380000	-1.250000	-1.890000
5476	YOR206W  	0.060000	0.100000	0.420000	-0.560000	-0.810000	-1.150000	-1.940000
5485	YOR215C  	0.080000	0.000000	0.380000	0.780000	0.940000	3.400000	2.860000
5490	YOR220W  	0.060000	-0.150000	0.480000	0.420000	0.190000	1.910000	1.490000
5494	YOR224C  	0.150000	-0.180000	-0.010000	-0.450000	-0.560000	-1.120000	-2.120000
5504	YOR234C  	0.080000	0.080000	-0.120000	-0.360000	-0.490000	-1.690000	-2.320000
5518	YOR248W  	0.150000	-0.170000	0.210000	0.080000	-0.030000	-0.740000	-1.640000
5524	YOR254C  	-0.010000	0.000000	-0.220000	-0.180000	-0.230000	-1.220000	-1.690000
5530	YOR260W  	0.290000	0.320000	-0.090000	-0.760000	-0.940000	-0.840000	-1.470000
5531	YOR261C  	0.260000	0.010000	0.400000	-0.150000	0.150000	1.410000	0.860000
5541	YOR271C  	0.310000	-0.010000	0.100000	-1.060000	-1.090000	-0.320000	-1.560000
5542	YOR272W  	-0.040000	-0.150000	-0.040000	-1.060000	-1.060000	-0.790000	-1.510000
5543	YOR273C  	-0.090000	-0.010000	0.390000	0.760000	0.640000	1.480000	1.590000
5546	YOR276W  	0.070000	-0.120000	0.040000	-0.400000	-0.430000	-0.920000	-1.600000
5559	YOR289W  	-0.090000	-0.170000	0.570000	0.430000	0.210000	1.740000	1.600000
5563	YOR293W  	0.330000	-0.140000	0.070000	-0.300000	-0.360000	-1.320000	-1.890000
5564	YOR294W  	-0.040000	-0.060000	0.200000	-0.940000	-1.030000	-0.920000	-1.640000
5580	YOR309C  	0.200000	0.030000	0.240000	-0.640000	-0.380000	-2.120000	-2.940000
5581	YOR310C  	0.160000	-0.010000	0.330000	-0.600000	-0.640000	-1.840000	-3.060000
5583	YOR312C  	0.240000	-0.010000	0.260000	-0.420000	-0.450000	-1.510000	-2.560000
5597	YOR326W  	-0.230000	-0.090000	-0.060000	-0.170000	-0.010000	-1.360000	-1.470000
5606	YOR335C  	0.440000	0.460000	0.060000	-0.690000	-0.710000	-1.740000	-1.600000
5611	YOR340C  	0.070000	-0.150000	0.070000	-0.810000	-0.740000	-1.000000	-1.400000
5618	YOR347C  	-0.150000	0.320000	0.550000	0.690000	0.910000	1.390000	1.040000
5626	YOR355W  	0.290000	0.360000	0.240000	-0.620000	-0.560000	-1.360000	-1.150000
5628	YOR357C  	-0.140000	-0.090000	0.060000	-0.170000	0.040000	-0.970000	-1.790000
5629	YOR358W  	-1.510000	-1.360000	-0.320000	-0.810000	-0.470000	0.140000	-0.220000
5632	YOR361C  	0.370000	-0.030000	-0.320000	-0.890000	-0.920000	-1.640000	-1.740000
5640	YOR369C  	0.100000	0.070000	0.240000	0.150000	-0.100000	-0.640000	-2.060000
5641	YOR370C  	-0.030000	-0.060000	-0.220000	-0.290000	-0.420000	-0.710000	-1.430000
5645	YOR374W  	0.000000	0.500000	0.340000	1.010000	1.320000	2.480000	2.480000
5657	YOR386W  	-0.580000	-0.270000	0.410000	0.140000	-0.510000	1.640000	1.140000
5662	YOR391C  	-0.380000	-0.450000	0.110000	-0.250000	-0.560000	1.200000	1.700000
5669	YPL004C  	0.210000	0.460000	0.240000	0.530000	0.820000	1.850000	1.280000
5677	YPL012W  	0.080000	-0.290000	-0.150000	-1.180000	-1.600000	-2.940000	-3.060000
5679	YPL014W  	-0.010000	0.000000	1.490000	0.620000	-0.060000	0.780000	-0.200000
5684	YPL019C  	0.370000	0.240000	0.400000	-0.540000	-0.450000	-1.360000	-1.120000
5695	YPL030W  	-0.180000	-0.320000	-0.170000	-0.790000	-0.940000	-1.290000	-1.560000
5697	YPL032C  	0.160000	-0.230000	0.030000	-0.690000	-0.580000	-1.030000	-1.600000
5702	YPL037C  	0.230000	-0.120000	0.070000	-0.170000	-0.120000	-0.180000	-1.430000
5708	YPL043W  	0.230000	0.110000	0.400000	-1.090000	-1.030000	-1.060000	-1.890000
5719	YPL054W  	-0.470000	-0.450000	0.000000	-0.320000	-0.340000	0.600000	1.820000
5743	YPL078C  	0.070000	0.060000	0.290000	0.210000	1.020000	1.240000	1.400000
5744	YPL079W  	0.000000	-0.030000	0.580000	-0.320000	-0.100000	-1.090000	-1.840000
5745	YPL080C  	-0.620000	-0.560000	0.190000	-0.580000	-0.540000	-1.120000	-1.740000
5746	YPL081W  	-0.200000	-0.430000	-0.220000	-0.380000	-0.200000	-1.510000	-2.180000
5752	YPL087W  	0.150000	0.260000	1.230000	1.130000	0.900000	2.130000	2.000000
5755	YPL090C  	0.230000	0.150000	0.550000	0.150000	0.040000	-1.290000	-1.560000
5758	YPL093W  	0.030000	-0.220000	-0.300000	-0.890000	-1.290000	-1.840000	-2.180000
5774	YPL109C  	-0.230000	0.000000	0.440000	-0.060000	-0.760000	0.810000	1.420000
5784	YPL119C  	-0.400000	-0.300000	0.100000	-0.360000	-0.540000	0.860000	1.690000
5788	YPL123C  	-0.320000	-0.030000	0.380000	0.580000	1.360000	2.110000	1.700000
5791	YPL126W  	0.100000	0.140000	-0.150000	-0.890000	-1.250000	-1.470000	-2.180000
5796	YPL131W  	0.060000	0.080000	0.150000	-0.840000	-0.230000	-1.640000	-2.560000
5800	YPL135W  	0.060000	0.060000	-0.040000	-0.270000	-0.200000	1.460000	1.810000
5807	YPL142C  	0.070000	-0.360000	0.120000	-0.120000	-0.420000	-1.640000	-2.250000
5808	YPL143W  	0.160000	-0.140000	0.380000	-0.360000	-0.300000	-1.510000	-1.360000
5819	YPL154C  	0.240000	0.650000	1.230000	1.280000	1.540000	1.970000	1.540000
5825	YPL160W  	-0.060000	0.000000	-0.340000	-0.380000	-0.620000	-1.840000	-2.000000
5828	YPL163C  	0.240000	0.070000	0.070000	-0.320000	-0.420000	-1.840000	-1.000000
5830	YPL165C  	-0.170000	0.110000	0.280000	0.190000	0.330000	1.370000	1.470000
5848	YPL183C  	-0.180000	-0.170000	-0.380000	-0.690000	-0.790000	-2.180000	-1.320000
5850	YPL185W  	-0.490000	-0.470000	-0.230000	0.070000	-0.420000	1.600000	1.360000
5851	YPL186C  	-0.010000	-0.140000	0.400000	0.160000	0.080000	1.660000	1.660000
5861	YPL196W  	-0.120000	-0.140000	0.280000	0.190000	0.240000	1.700000	0.740000
5863	YPL198W  	0.110000	-0.200000	0.010000	-0.600000	-0.640000	-1.790000	-2.180000
5875	YPL210C  	-0.090000	-0.320000	0.060000	-0.340000	-0.560000	-0.840000	-1.840000
5876	YPL211W  	0.180000	0.070000	0.120000	-0.540000	-0.620000	-1.320000	-1.640000
5883	YPL218W  	-0.200000	-0.380000	0.260000	0.210000	0.110000	-0.600000	-1.360000
5885	YPL220W  	0.040000	-0.010000	0.390000	-0.360000	-0.040000	-1.600000	-2.740000
5888	YPL223C  	-0.170000	-0.300000	0.000000	0.100000	0.040000	1.590000	1.930000
5891	YPL226W  	0.040000	0.080000	-0.100000	-0.840000	-1.180000	-1.890000	-2.470000
5895	YPL230W  	-0.290000	-0.150000	-0.270000	0.420000	0.160000	1.420000	1.380000
5903	YPL238C  	0.000000	-0.090000	-0.010000	-0.220000	-0.060000	-0.740000	-1.470000
5908	YPL243W  	-0.250000	-0.090000	-0.200000	-0.450000	-0.420000	-1.150000	-1.470000
5909	YPL244C  	-0.420000	-0.290000	-0.090000	-0.710000	-0.580000	-1.320000	-1.790000
5910	YPL245W  	-0.360000	-0.380000	-0.360000	-0.690000	-0.600000	-1.560000	-1.740000
5911	YPL246C  	-0.360000	-0.150000	0.060000	-0.340000	-0.150000	-0.790000	-1.470000
5921	YPL256C  	-0.010000	-0.100000	-0.450000	-0.810000	-1.090000	-0.510000	-2.120000
5927	YPL262W  	0.010000	-0.060000	-0.040000	-0.170000	-0.090000	1.020000	1.890000
5930	YPL265W  	-0.060000	-0.090000	-0.620000	-0.540000	-0.920000	-0.090000	1.330000
5931	YPL266W  	-0.270000	-0.300000	-0.040000	-0.600000	-0.580000	-1.360000	-1.400000
5950	YPR002W  	-0.250000	-0.180000	-0.170000	-0.170000	-0.580000	-0.030000	1.530000
5957	YPR009W  	-0.290000	-0.170000	-0.450000	-0.740000	-0.740000	-1.360000	-1.600000
5968	YPR020W  	-0.100000	-0.170000	0.140000	0.140000	0.410000	1.760000	1.880000
5974	YPR026W  	-0.060000	-0.040000	0.110000	0.200000	0.200000	0.600000	1.540000
5978	YPR030W  	-0.420000	-0.180000	-0.170000	-0.510000	-0.340000	1.160000	1.940000
5981	YPR033C  	-0.100000	-0.010000	-0.380000	-0.690000	-0.640000	-1.320000	-1.790000
5991	YPR043W  	0.140000	-0.070000	-0.040000	-0.100000	-0.300000	-0.360000	-1.790000
5992	YPR044C  	-0.360000	-0.470000	-0.220000	-0.490000	-0.540000	-1.560000	-1.740000
6022	YPR074C  	0.490000	0.450000	0.510000	0.100000	0.180000	-1.290000	-1.640000
6046	YPR098C  	0.250000	0.280000	0.700000	0.570000	0.610000	1.020000	1.450000
6050	YPR102C  	0.260000	0.010000	0.200000	0.030000	0.040000	-1.320000	-2.180000
6058	YPR110C  	0.300000	0.310000	0.140000	-0.690000	-0.670000	-1.290000	-1.560000
6060	YPR112C  	-0.150000	-0.230000	-0.170000	-0.540000	-0.640000	-1.120000	-1.510000
6073	YPR125W  	0.010000	-0.040000	-0.300000	-0.450000	-0.510000	-1.060000	-1.560000
6080	YPR132W  	0.100000	0.010000	0.420000	0.140000	0.100000	-1.000000	-2.000000
6084	YPR136C  	0.040000	-0.250000	-0.620000	-0.840000	-0.600000	-2.000000	-1.150000
6085	YPR137W  	0.070000	-0.170000	-0.200000	-0.890000	-0.920000	-1.690000	-2.940000
6092	YPR144C  	0.100000	0.140000	-0.040000	-1.180000	-1.120000	-1.690000	-2.120000
6093	YPR145W  	0.200000	-0.140000	-0.120000	-0.430000	-0.560000	-1.640000	-1.470000
6097	YPR149W  	0.160000	0.110000	0.390000	0.810000	0.920000	2.030000	2.290000
6098	YPR150W  	-0.380000	-0.560000	-0.270000	-0.200000	-0.150000	1.460000	1.230000
6104	YPR156C  	0.030000	0.500000	1.650000	1.200000	1.230000	0.810000	1.620000
6111	YPR163C  	0.290000	0.310000	0.670000	-0.100000	-0.250000	-0.760000	-1.640000
6120	YPR172W  	0.280000	0.030000	-0.070000	-0.270000	-0.200000	1.420000	0.900000
6132	YPR184W  	-0.230000	-0.090000	-0.270000	0.200000	0.560000	1.510000	2.600000
6135	YPR187W  	0.210000	-0.100000	0.110000	-0.040000	-0.360000	-0.600000	-1.640000
