#	GID	0	15	30	60	120	240	480
30	YAL031C  	-0.690000	1.000000	0.770000	-0.920000	-0.320000	-0.420000	-1.470000
33	YAL034C  	-0.740000	0.290000	-0.760000	-0.450000	0.310000	1.410000	-0.090000
44	YAL043C  	-0.150000	0.070000	0.140000	-0.220000	-0.060000	-0.220000	1.290000
59	YAL059W  	0.660000	0.930000	0.180000	-0.740000	-1.320000	-1.220000	-0.180000
61	YAL061W  	-0.510000	-0.470000	-0.560000	-0.270000	0.160000	1.230000	-0.320000
103	YAR069C  	-0.100000	0.140000	-0.300000	-1.220000	-0.810000	0.000000	0.110000
105	YAR071W  	1.100000	1.620000	1.190000	-1.640000	-1.790000	-1.560000	0.190000
107	YAR075W  	0.680000	0.560000	0.730000	0.690000	0.120000	-1.290000	-0.150000
109	YBL002W  	1.130000	1.240000	1.230000	-0.030000	-0.760000	-1.220000	0.510000
110	YBL003C  	1.230000	1.120000	0.900000	0.210000	-0.940000	-1.250000	0.190000
124	YBL015W  	-0.380000	-0.170000	-0.070000	0.240000	0.420000	1.320000	-0.030000
133	YBL024W  	0.510000	0.620000	0.430000	-0.320000	-0.640000	-1.430000	-0.140000
136	YBL027W  	1.200000	0.960000	0.750000	0.750000	-0.710000	-2.060000	-0.070000
137	YBL028C  	1.150000	1.090000	0.440000	-0.790000	-1.560000	-1.840000	0.030000
148	YBL039C  	1.240000	1.260000	0.280000	-0.790000	-1.890000	-1.790000	0.300000
157	YBL048W  	-0.920000	-0.860000	-1.090000	-0.360000	-0.120000	1.330000	0.300000
158	YBL049W  	-1.000000	-1.030000	-1.250000	-1.030000	-0.340000	1.720000	0.040000
163	YBL054W  	0.430000	0.200000	0.060000	-1.150000	-1.250000	-0.760000	0.600000
173	YBL064C  	-1.400000	-1.470000	-0.490000	1.010000	0.640000	1.840000	0.730000
181	YBL072C  	1.160000	1.020000	1.100000	0.390000	-0.560000	-2.120000	0.080000
182	YBL073W  	-1.000000	-0.560000	-1.290000	-0.470000	-0.060000	-0.040000	-0.450000
185	YBL076C  	-1.290000	-1.940000	-1.120000	-0.100000	1.050000	1.480000	-0.030000
196	YBL087C  	1.180000	1.160000	0.780000	0.160000	-0.890000	-1.740000	0.160000
197	YBL088C  	-1.060000	-0.250000	-0.850000	-1.910000	0.050000	1.390000	0.400000
201	YBL092W  	0.860000	1.060000	1.060000	0.250000	-0.490000	-1.840000	0.100000
211	YBL101W-A	-1.790000	-1.430000	-0.670000	-0.380000	0.330000	-0.010000	-1.180000
224	YBR001C  	-0.420000	-0.400000	-0.510000	1.350000	0.260000	0.620000	-0.170000
228	YBR005W  	-1.690000	-1.290000	0.690000	1.420000	0.970000	1.140000	-0.250000
229	YBR006W  	-1.510000	-1.030000	-0.970000	-0.470000	0.460000	2.480000	-0.360000
232	YBR009C  	1.070000	0.790000	0.930000	0.250000	-0.860000	-1.290000	-0.300000
243	YBR018C  	-2.840000	-0.300000	-0.340000	-0.270000	0.080000	0.160000	-0.360000
250	YBR025C  	0.780000	0.760000	0.450000	0.590000	-0.620000	-1.890000	-0.270000
260	YBR035C  	-0.140000	-1.360000	0.150000	0.700000	0.700000	0.600000	0.030000
265	YBR040W  	-1.000000	-1.510000	-1.600000	-0.450000	1.150000	1.080000	-0.400000
270	YBR045C  	-1.220000	-1.150000	0.000000	-0.540000	-0.120000	-1.600000	-0.100000
272	YBR047W  	-1.360000	-0.400000	0.100000	-0.100000	-0.250000	-0.710000	-0.070000
273	YBR048W  	0.980000	0.970000	0.580000	0.490000	-0.760000	-1.860000	0.150000
278	YBR053C  	-0.890000	-0.920000	-0.430000	0.380000	1.330000	1.060000	-0.120000
279	YBR054W  	-0.090000	0.010000	-0.270000	-0.810000	-0.790000	1.880000	1.230000
281	YBR056W  	-1.360000	-1.400000	-0.890000	0.450000	1.350000	1.580000	-0.290000
290	YBR065C  	-0.400000	-0.920000	-0.450000	0.450000	1.290000	1.070000	-0.320000
292	YBR067C  	1.550000	0.970000	0.820000	-0.690000	-1.430000	-1.940000	-0.090000
297	YBR072W  	-1.120000	-0.470000	-0.710000	-0.710000	-0.300000	1.660000	1.420000
304	YBR079C  	0.110000	0.310000	0.550000	-0.360000	-0.760000	1.350000	-0.140000
319	YBR093C  	0.680000	1.020000	0.450000	-1.400000	-1.640000	-1.290000	0.850000
342	YBR116C  	-0.690000	-0.710000	-0.810000	-0.430000	-0.360000	1.410000	0.430000
352	YBR126C  	-1.120000	-1.400000	-0.710000	0.670000	1.340000	1.250000	-0.340000
358	YBR132C  	-0.940000	-0.340000	-0.810000	-0.100000	0.790000	1.230000	0.030000
365	YBR139W  	-0.640000	-0.860000	-0.230000	0.360000	1.040000	1.210000	0.160000
368	YBR142W  	0.680000	0.610000	0.180000	-0.430000	-1.180000	-1.320000	-0.150000
373	YBR147W  	-0.620000	-1.320000	-0.810000	-0.230000	-0.040000	0.650000	0.080000
380	YBR154C  	0.770000	0.760000	0.410000	-0.100000	-0.710000	-1.400000	0.040000
396	YBR169C  	-1.510000	-1.430000	-0.920000	-0.120000	0.760000	1.880000	-0.040000
408	YBR181C  	1.220000	1.080000	0.690000	0.070000	-0.920000	-2.180000	0.040000
410	YBR183W  	-0.150000	-0.150000	-0.450000	-0.200000	0.670000	1.240000	0.250000
416	YBR189W  	1.240000	1.390000	0.920000	0.250000	-1.150000	-2.400000	0.080000
418	YBR191W  	1.240000	1.330000	0.800000	0.230000	-0.860000	-2.060000	-0.030000
451	YBR224W  	-1.330000	-0.040000	-0.300000	-0.260000	0.170000	-0.090000	-0.510000
457	YBR230C  	-0.710000	-0.890000	-0.670000	0.400000	0.860000	1.340000	0.200000
467	YBR240C  	-0.180000	-1.250000	0.230000	-1.250000	-1.400000	0.850000	0.610000
468	YBR241C  	-0.490000	-1.090000	-0.860000	-0.300000	0.570000	1.620000	0.280000
471	YBR244W  	-1.030000	-1.090000	0.970000	1.580000	-0.600000	-1.150000	-0.560000
474	YBR247C  	0.940000	1.060000	0.540000	-0.600000	-1.320000	-1.220000	0.260000
477	YBR250W  	-1.320000	-0.150000	-0.860000	0.440000	-0.300000	1.250000	-0.040000
493	YBR266C  	0.680000	1.050000	0.360000	-0.970000	-1.400000	-1.180000	0.230000
494	YBR267W  	0.940000	0.930000	0.100000	-0.810000	-1.220000	-1.510000	0.140000
496	YBR269C  	-0.270000	0.080000	-0.150000	0.120000	0.710000	1.210000	0.430000
507	YBR280C  	-1.360000	-1.060000	-0.760000	-0.300000	0.910000	1.200000	-0.540000
523	YBR296C  	-1.740000	-1.690000	-0.760000	-0.070000	0.290000	0.680000	1.810000
529	YBR302C  	-0.290000	-0.450000	-0.120000	0.610000	0.960000	1.370000	0.070000
540	YCL012W  	-1.220000	-0.580000	-1.060000	-2.560000	1.100000	-0.640000	1.170000
545	YCL019W  	-1.290000	-1.250000	0.040000	0.580000	0.870000	0.210000	-1.090000
546	YCL020W  	-1.510000	-1.250000	-0.760000	0.180000	0.380000	0.010000	-1.220000
559	YCL035C  	-0.420000	-0.400000	-0.170000	0.450000	1.280000	0.960000	-0.010000
561	YCL037C  	0.600000	0.230000	0.230000	-0.690000	-1.120000	-1.690000	0.230000
562	YCL038C  	-0.510000	-0.320000	-0.040000	-0.040000	0.730000	1.320000	0.810000
564	YCL040W  	-2.000000	-1.640000	-0.840000	0.480000	1.500000	1.500000	-0.180000
566	YCL042W  	-1.840000	-1.640000	-1.120000	0.190000	1.070000	1.300000	-0.170000
573	YCL049C  	-0.920000	-1.470000	-0.860000	-0.290000	0.660000	1.580000	0.990000
577	YCL054W  	0.650000	0.690000	0.140000	-1.000000	-1.400000	-1.150000	0.250000
582	YCL059C  	0.750000	0.910000	0.860000	-0.940000	-1.180000	-1.560000	-0.220000
585	YCL064C  	1.430000	1.140000	0.390000	-1.790000	-2.470000	-1.510000	1.290000
592	YCL074W  	-1.790000	-1.060000	-0.860000	-0.580000	-0.540000	-0.140000	-0.090000
594	YCL076W  	-1.220000	-0.580000	-0.580000	-0.710000	-0.620000	-1.360000	0.000000
599	YCR005C  	-0.600000	0.520000	-0.320000	0.180000	1.300000	0.980000	0.150000
601	YCR007C  	-1.180000	-1.150000	-0.890000	0.320000	0.930000	1.550000	0.260000
626	YCR031C  	1.040000	0.630000	0.410000	0.500000	-0.790000	-1.470000	0.300000
635	YCR040W  	-0.810000	-1.290000	-0.790000	-0.580000	-0.740000	-0.920000	-0.040000
650	YCR057C  	0.320000	0.360000	0.120000	-0.600000	-1.470000	-1.430000	0.210000
653	YCR061W  	-0.360000	-0.510000	-0.150000	0.040000	1.000000	1.290000	0.000000
654	YCR062W  	-0.100000	0.120000	-0.170000	0.080000	0.770000	1.260000	0.140000
662	YCR071C  	-0.250000	0.060000	-0.030000	0.230000	0.500000	1.210000	0.010000
663	YCR072C  	0.920000	1.160000	0.290000	-0.790000	-1.060000	-1.290000	0.390000
675	YCR087W  	1.080000	0.950000	0.890000	-0.690000	-1.060000	-1.360000	-0.180000
685	YCR098C  	-0.920000	-0.490000	-0.300000	-0.540000	0.250000	1.240000	0.400000
708	YDL014W  	1.050000	0.930000	0.460000	-0.380000	-1.360000	-1.600000	0.400000
715	YDL021W  	-1.600000	-2.060000	-1.360000	-0.060000	1.250000	1.080000	0.440000
716	YDL022W  	-1.430000	-1.320000	-0.690000	0.990000	1.790000	0.860000	-0.670000
717	YDL023C  	-1.320000	-1.600000	-0.580000	1.120000	1.880000	0.700000	-0.620000
718	YDL024C  	-1.740000	-2.180000	-1.890000	-0.620000	0.640000	1.780000	0.100000
731	YDL037C  	1.580000	0.230000	0.080000	-1.360000	0.000000	1.320000	-1.000000
746	YDL051W  	0.790000	0.640000	0.280000	-0.290000	-0.580000	-1.320000	-0.150000
756	YDL061C  	1.080000	0.910000	0.630000	-0.070000	-0.760000	-1.400000	0.330000
757	YDL062W  	0.960000	0.770000	0.300000	-0.560000	-1.120000	-1.250000	0.330000
767	YDL072C  	-0.560000	-0.740000	-0.250000	0.450000	1.250000	1.330000	0.040000
770	YDL075W  	0.570000	0.760000	0.040000	0.370000	-0.620000	-2.250000	-0.090000
776	YDL081C  	0.630000	0.780000	0.250000	0.690000	-0.360000	-1.600000	0.480000
777	YDL082W  	1.010000	1.060000	0.450000	0.190000	-1.180000	-2.060000	-0.060000
778	YDL083C  	0.800000	0.810000	0.660000	0.180000	-0.860000	-2.250000	0.190000
784	YDL089W  	-1.250000	-0.810000	-0.060000	0.410000	0.580000	0.290000	-0.230000
786	YDL091C  	-1.600000	0.180000	0.250000	1.270000	0.480000	0.380000	-0.120000
805	YDL110C  	-0.930000	-1.000000	-0.850000	0.190000	0.780000	1.320000	-0.050000
814	YDL119C  	2.000000	-0.180000	-0.420000	0.000000	0.500000	0.240000	-0.710000
819	YDL124W  	-2.060000	-0.940000	0.120000	1.070000	1.630000	1.660000	-1.000000
831	YDL136W  	1.000000	1.120000	0.690000	0.310000	-0.600000	-1.640000	0.060000
843	YDL148C  	0.910000	0.660000	0.380000	-1.000000	-1.600000	-1.640000	-0.540000
846	YDL151C  	0.480000	0.100000	-0.270000	-0.450000	-0.970000	-1.290000	-0.560000
848	YDL153C  	0.580000	0.490000	-0.010000	-0.890000	-1.360000	-1.840000	-0.560000
862	YDL167C  	0.640000	0.590000	0.160000	-1.000000	-1.120000	-1.220000	0.070000
864	YDL169C  	-1.560000	-1.510000	-1.470000	-0.430000	0.450000	1.010000	-0.090000
876	YDL181W  	-1.320000	-1.430000	-0.810000	-0.140000	0.840000	1.800000	0.580000
879	YDL184C  	0.640000	0.520000	0.550000	0.270000	0.010000	-1.400000	0.090000
882	YDL187C  	-1.120000	-0.360000	-0.320000	-1.250000	-0.060000	-0.470000	-0.220000
886	YDL191W  	1.140000	0.630000	0.490000	0.500000	-0.560000	-1.740000	-0.140000
891	YDL196W  	-0.220000	0.080000	-1.360000	-0.600000	-0.760000	-0.710000	0.070000
894	YDL199C  	-0.860000	-0.970000	-0.220000	0.080000	0.630000	1.390000	0.180000
896	YDL201W  	0.700000	0.820000	0.700000	-0.430000	-0.840000	-1.430000	-0.100000
899	YDL204W  	-0.860000	-1.470000	-1.030000	-0.840000	0.070000	1.990000	0.390000
910	YDL215C  	-1.740000	-1.580000	-0.470000	-0.270000	0.000000	0.750000	0.430000
917	YDL222C  	-1.470000	-1.470000	-1.790000	-0.580000	0.890000	2.370000	-0.220000
918	YDL223C  	0.000000	0.000000	0.190000	-0.560000	0.140000	1.550000	0.060000
929	YDL234C  	-0.970000	-0.120000	-0.490000	0.580000	1.230000	0.800000	-0.040000
939	YDL244W  	-0.740000	-1.000000	-1.290000	-0.670000	-0.230000	1.480000	0.820000
940	YDL245C  	-0.790000	-0.890000	-0.510000	-0.600000	-0.170000	0.260000	1.700000
944	YDR001C  	-1.000000	-0.970000	-1.250000	0.280000	1.150000	1.080000	-0.180000
952	YDR009W  	-0.320000	-0.940000	-0.540000	-1.510000	-0.400000	0.380000	0.720000
961	YDR018C  	-1.890000	-0.070000	-0.740000	-0.170000	0.500000	0.830000	0.820000
966	YDR023W  	0.440000	0.200000	0.290000	0.120000	-0.150000	-1.510000	-0.180000
968	YDR025W  	0.900000	0.650000	0.310000	0.420000	-0.760000	-2.250000	0.080000
970	YDR027C  	-1.600000	-0.580000	-0.100000	1.000000	0.380000	0.560000	-0.760000
975	YDR032C  	-0.100000	-0.230000	-0.380000	0.390000	0.770000	1.500000	0.420000
978	YDR035W  	0.560000	-1.250000	0.430000	0.530000	0.300000	0.060000	-0.450000
985	YDR042C  	-1.640000	0.290000	-0.320000	0.000000	0.190000	-1.150000	0.440000
998	YDR055W  	-1.180000	-1.220000	-1.510000	-0.670000	-0.230000	2.100000	1.330000
1002	YDR059C  	-1.000000	-1.150000	-0.690000	0.190000	0.510000	1.770000	0.620000
1007	YDR064W  	1.010000	0.810000	0.500000	0.100000	-0.790000	-1.690000	0.340000
1013	YDR070C  	-1.250000	-1.180000	-1.150000	-0.750000	-0.030000	0.920000	0.510000
1017	YDR074W  	-1.360000	-0.970000	-0.860000	0.360000	1.280000	1.380000	-0.290000
1020	YDR077W  	-1.030000	-1.640000	-1.000000	-0.150000	1.230000	2.030000	1.710000
1026	YDR083W  	0.780000	0.880000	0.180000	-0.600000	-1.090000	-1.250000	-0.030000
1028	YDR085C  	-1.150000	-1.250000	-1.470000	-0.180000	1.030000	1.060000	0.300000
1044	YDR101C  	0.940000	1.270000	0.060000	-0.560000	-1.360000	-1.290000	0.400000
1063	YDR120C  	0.810000	0.810000	0.210000	-0.580000	-1.360000	-1.400000	0.110000
1108	YDR165W  	1.030000	1.390000	0.760000	-0.510000	-0.890000	-1.120000	0.110000
1114	YDR171W  	-2.470000	-1.940000	-0.920000	0.070000	0.760000	1.790000	-0.360000
1121	YDR178W  	-0.540000	-0.430000	-0.470000	0.030000	0.910000	1.960000	0.500000
1164	YDR220C  	-1.290000	-0.810000	-1.180000	-0.940000	-0.470000	-0.340000	-0.540000
1169	YDR225W  	0.860000	0.580000	0.520000	0.400000	-0.840000	-1.470000	0.060000
1191	YDR247W  	-0.100000	-0.450000	-0.180000	-0.450000	0.570000	1.410000	0.290000
1235	YDR291W  	-0.340000	-0.250000	-0.070000	1.600000	-0.120000	-0.600000	-0.380000
1268	YDR324C  	0.560000	0.720000	0.370000	-0.420000	-1.180000	-1.400000	0.030000
1286	YDR342C  	0.790000	0.730000	-0.320000	-0.540000	-0.450000	0.630000	1.410000
1287	YDR343C  	0.630000	0.290000	-0.140000	-0.940000	-0.610000	0.550000	1.280000
1289	YDR345C  	0.710000	0.290000	-0.230000	-0.580000	-0.430000	0.580000	1.670000
1297	YDR353W  	-0.640000	-0.670000	0.230000	1.700000	-0.070000	-0.200000	-0.070000
1305	YDR361C  	0.750000	0.800000	0.770000	-0.580000	-0.810000	-1.510000	-0.200000
1309	YDR365C  	0.480000	0.410000	0.410000	-0.580000	-0.790000	-1.320000	-0.670000
1324	YDR380W  	-0.250000	-0.740000	-0.540000	-0.470000	1.070000	1.580000	-0.360000
1326	YDR382W  	1.280000	1.010000	0.770000	0.080000	-0.620000	-1.250000	0.510000
1328	YDR384C  	1.260000	1.040000	0.290000	-1.290000	-1.090000	-1.510000	-0.150000
1335	YDR391C  	-1.250000	-1.220000	-0.360000	0.580000	1.370000	0.690000	-0.360000
1342	YDR398W  	0.730000	0.890000	-0.060000	-0.740000	-1.090000	-1.220000	0.030000
1343	YDR399W  	1.110000	0.620000	0.080000	-0.790000	-1.840000	-1.400000	0.590000
1356	YDR412W  	0.230000	0.690000	0.520000	-0.580000	-0.940000	-1.250000	-0.450000
1357	YDR413C  	-0.270000	0.540000	0.110000	-0.180000	-0.710000	-1.320000	-0.290000
1361	YDR417C  	1.200000	0.630000	0.820000	0.160000	-0.560000	-1.600000	0.390000
1362	YDR418W  	1.110000	0.840000	0.710000	0.750000	-0.620000	-1.740000	0.210000
1373	YDR429C  	0.600000	0.600000	0.630000	-0.140000	-0.640000	-1.600000	-0.270000
1379	YDR435C  	-1.290000	-0.790000	-0.640000	0.360000	0.820000	1.010000	0.000000
1385	YDR441C  	0.310000	0.040000	-0.060000	-0.560000	-0.270000	0.750000	1.210000
1391	YDR447C  	0.940000	0.670000	0.700000	0.420000	-1.060000	-2.250000	0.010000
1393	YDR449C  	0.200000	0.520000	0.320000	-0.560000	-1.430000	-1.740000	0.030000
1394	YDR450W  	1.210000	0.950000	0.900000	0.770000	-0.790000	-1.740000	0.110000
1397	YDR453C  	-1.430000	-1.150000	-0.670000	0.140000	0.620000	1.840000	0.380000
1409	YDR465C  	0.710000	0.720000	0.230000	-0.790000	-1.360000	-1.600000	0.070000
1415	YDR471W  	1.010000	0.990000	0.570000	-0.030000	-0.940000	-1.940000	0.080000
1419	YDR475C  	-1.740000	-2.560000	-0.320000	-0.380000	0.000000	0.100000	-0.510000
1440	YDR496C  	0.920000	0.680000	0.360000	-0.990000	-1.570000	-1.680000	-0.290000
1444	YDR500C  	1.000000	1.210000	0.490000	0.460000	-0.740000	-1.470000	0.310000
1457	YDR513W  	-0.400000	-0.510000	0.810000	1.280000	0.590000	0.490000	0.000000
1460	YDR516C  	-1.150000	-0.740000	-0.840000	0.800000	1.340000	1.060000	-0.120000
1463	YDR519W  	-0.620000	-0.430000	0.250000	0.630000	0.770000	1.330000	-0.140000
1467	YDR523C  	-1.250000	-0.620000	-0.270000	-0.430000	-0.620000	0.410000	0.070000
1469	YDR525W  	-1.290000	-1.400000	-1.150000	-0.450000	-0.540000	-0.490000	-0.120000
1479	YDR535C  	-1.890000	-0.580000	-0.230000	0.100000	-0.340000	0.650000	-0.180000
1480	YDR536W  	-0.690000	-0.470000	-0.690000	-0.320000	-0.270000	0.310000	1.370000
1500	YEL011W  	-0.580000	-0.170000	-0.250000	0.480000	0.420000	1.820000	0.400000
1514	YEL024W  	0.120000	-0.580000	-0.540000	-0.270000	0.330000	1.260000	0.140000
1516	YEL026W  	1.360000	1.190000	0.830000	-0.250000	-1.060000	-1.250000	0.310000
1529	YEL039C  	-0.220000	-0.070000	-1.220000	0.630000	0.060000	0.340000	0.490000
1531	YEL041W  	1.250000	-0.620000	0.180000	-0.430000	0.460000	-0.270000	0.400000
1544	YEL054C  	1.380000	1.160000	0.490000	0.290000	-1.180000	-1.690000	0.190000
1551	YEL060C  	-1.940000	-2.250000	-1.360000	0.560000	0.950000	1.510000	0.120000
1556	YEL065W  	0.440000	0.710000	0.420000	-0.320000	-1.360000	-2.120000	1.040000
1572	YER002W  	-0.130000	-1.210000	0.100000	0.250000	-0.310000	0.550000	0.390000
1609	YER037W  	-0.970000	-1.000000	-0.970000	-0.690000	0.930000	1.510000	0.400000
1617	YER044C-A	0.000000	-1.320000	-1.180000	-0.140000	-0.320000	0.190000	0.280000
1626	YER053C  	-0.860000	-0.940000	-0.580000	-0.070000	0.840000	1.600000	0.210000
1628	YER055C  	0.940000	0.730000	0.560000	0.660000	-0.220000	-1.220000	-0.290000
1629	YER056C  	1.120000	1.040000	0.340000	-0.400000	-1.250000	-1.400000	0.450000
1630	YER056C-A	1.340000	0.630000	1.070000	0.520000	-0.920000	-2.060000	-0.070000
1637	YER062C  	-1.220000	-1.120000	-1.030000	0.400000	1.740000	1.420000	-0.360000
1646	YER070W  	0.970000	0.630000	0.060000	-0.580000	-1.250000	-0.450000	0.900000
1650	YER074W  	0.940000	0.650000	0.740000	0.260000	-1.030000	-2.000000	0.060000
1655	YER079W  	-0.940000	-0.540000	-0.300000	0.260000	0.670000	1.400000	-0.300000
1657	YER081W  	-0.600000	-0.840000	-0.300000	0.010000	1.300000	0.650000	-0.290000
1668	YER091C  	0.060000	-0.790000	-1.890000	1.120000	0.200000	1.380000	-0.100000
1680	YER102W  	1.010000	0.740000	0.650000	0.230000	-0.710000	-2.120000	0.100000
1684	YER106W  	-1.740000	-0.920000	-1.690000	-0.740000	-0.560000	-0.320000	-0.180000
1694	YER117W  	1.180000	0.980000	0.570000	-0.030000	-0.840000	-1.560000	0.400000
1696	YER119C  	-0.290000	0.500000	-0.230000	0.200000	0.720000	1.400000	0.310000
1702	YER124C  	0.760000	0.580000	0.080000	0.290000	-0.380000	-1.400000	0.030000
1704	YER126C  	0.810000	0.860000	0.210000	-0.420000	-1.090000	-1.470000	0.180000
1709	YER131W  	1.010000	1.430000	0.820000	0.190000	-1.120000	-2.400000	0.110000
1722	YER144C  	0.050000	-0.530000	-0.230000	1.290000	-0.150000	0.210000	0.120000
1723	YER145C  	1.260000	0.950000	0.190000	-0.760000	-1.220000	-1.690000	0.410000
1724	YER146W  	0.240000	0.200000	-0.150000	0.060000	-0.620000	-1.250000	0.030000
1756	YER178W  	0.340000	-0.270000	0.400000	1.180000	0.410000	0.250000	1.320000
1762	YER184C  	-0.890000	-1.290000	-0.490000	0.280000	0.830000	0.460000	-0.250000
1763	YER185W  	-1.320000	-1.220000	-0.840000	0.530000	1.100000	0.950000	-0.070000
1779	YFL011W  	-1.320000	-1.180000	0.000000	1.500000	-0.640000	0.560000	0.060000
1783	YFL014W  	-4.060000	-4.320000	-4.060000	-3.060000	-0.810000	2.810000	0.060000
1799	YFL030W  	-1.090000	-0.710000	-0.470000	-0.540000	0.400000	1.560000	0.770000
1800	YFL031W  	0.460000	-0.940000	-1.250000	-0.420000	0.310000	0.790000	1.320000
1819	YFL051C  	-1.600000	-0.810000	-1.840000	-1.090000	-0.510000	0.080000	0.000000
1823	YFL055W  	-0.600000	-1.220000	-1.220000	-0.250000	0.140000	0.750000	0.190000
1826	YFL058W  	-1.250000	-1.180000	-1.560000	-0.710000	-0.200000	1.630000	1.080000
1830	YFL062W  	-0.090000	-0.030000	-0.230000	0.660000	0.820000	1.500000	0.700000
1837	YFR001W  	0.660000	0.870000	0.100000	-0.140000	-0.760000	-1.560000	0.110000
1851	YFR015C  	-0.790000	-1.400000	-0.890000	0.320000	0.460000	1.240000	-0.200000
1853	YFR017C  	-1.180000	-1.840000	-0.790000	-0.490000	0.560000	1.420000	-0.150000
1858	YFR022W  	-0.860000	-1.060000	-1.030000	-0.220000	0.490000	2.020000	-0.170000
1863	YFR026C  	-2.120000	-2.180000	-1.840000	-0.120000	1.550000	2.130000	-0.640000
1869	YFR031C-A	1.020000	0.420000	0.950000	0.670000	-0.620000	-1.940000	0.700000
1885	YFR047C  	0.110000	0.280000	0.380000	-0.120000	0.510000	1.320000	0.190000
1891	YFR053C  	-1.320000	-1.470000	-1.320000	0.240000	1.360000	2.070000	0.290000
1923	YGL028C  	0.990000	0.550000	0.230000	0.140000	-0.690000	-1.250000	0.590000
1924	YGL029W  	0.680000	0.830000	0.370000	-0.790000	-1.430000	-2.640000	-0.250000
1925	YGL030W  	1.160000	0.900000	0.480000	-0.010000	-0.890000	-1.940000	0.360000
1926	YGL031C  	0.980000	0.780000	0.490000	0.040000	-1.030000	-2.740000	-0.290000
1932	YGL037C  	-1.560000	-1.600000	-0.490000	0.760000	1.500000	1.450000	-0.490000
1950	YGL055W  	0.660000	-0.890000	-1.740000	-0.360000	0.860000	1.020000	0.620000
1957	YGL062W  	-1.310000	-0.720000	-0.600000	-0.040000	0.430000	1.540000	-0.350000
1971	YGL076C  	1.120000	0.940000	0.640000	0.410000	-0.860000	-2.250000	0.280000
1973	YGL078C  	0.740000	0.970000	0.230000	-0.740000	-1.360000	-1.790000	0.120000
1994	YGL099W  	0.580000	0.520000	0.120000	-0.740000	-1.060000	-1.560000	-0.040000
1996	YGL101W  	0.790000	0.700000	0.340000	-0.200000	-0.690000	-1.430000	0.240000
1997	YGL102C  	1.170000	0.960000	0.590000	0.420000	-0.790000	-1.890000	0.330000
1998	YGL103W  	1.060000	0.720000	0.560000	0.080000	-0.790000	-2.120000	0.230000
2015	YGL120C  	0.670000	0.800000	0.510000	-0.010000	-0.670000	-1.360000	-0.230000
2016	YGL121C  	-0.840000	-1.290000	-1.470000	-1.090000	-0.400000	2.060000	0.540000
2018	YGL123W  	1.020000	0.840000	0.520000	0.110000	-0.640000	-2.000000	0.250000
2030	YGL135W  	1.070000	1.160000	0.580000	0.570000	-0.600000	-1.560000	0.340000
2033	YGL138C  	-1.740000	-1.290000	-1.000000	-0.510000	-0.250000	-0.840000	-0.200000
2042	YGL147C  	1.180000	0.700000	1.060000	0.690000	-1.180000	-2.250000	-0.060000
2051	YGL156W  	-4.060000	-3.840000	-3.060000	-0.490000	1.350000	2.060000	-0.430000
2052	YGL157W  	-0.970000	-0.810000	-0.470000	0.530000	1.600000	1.160000	-0.690000
2066	YGL171W  	0.260000	0.600000	-0.150000	-1.180000	-1.470000	-1.600000	-0.040000
2074	YGL179C  	-1.290000	-0.300000	0.410000	0.580000	0.610000	0.750000	-0.540000
2079	YGL184C  	-1.560000	-2.000000	-1.180000	1.060000	0.000000	1.140000	-0.250000
2084	YGL189C  	1.110000	0.820000	0.760000	0.240000	-0.560000	-2.180000	0.260000
2123	YGL227W  	-1.250000	-0.620000	-0.540000	-0.140000	0.530000	0.590000	-0.180000
2144	YGL248W  	-1.030000	-1.060000	-0.640000	0.030000	0.860000	1.740000	0.160000
2155	YGL259W  	-0.710000	-1.290000	-0.940000	-0.470000	0.650000	1.280000	0.390000
2156	YGL260W  	-1.360000	-0.710000	-0.740000	-0.220000	0.190000	0.000000	0.010000
2157	YGL261C  	-1.430000	-1.640000	-0.380000	0.530000	0.810000	0.860000	0.040000
2158	YGL262W  	-1.220000	-1.400000	-1.220000	-0.290000	-0.430000	-0.450000	0.030000
2167	YGR008C  	-1.320000	-1.740000	-0.690000	0.720000	1.330000	1.510000	-0.490000
2178	YGR019W  	-0.860000	-0.940000	-0.740000	0.030000	1.100000	1.370000	0.300000
2186	YGR027C  	1.140000	1.480000	1.130000	0.230000	-0.290000	-1.640000	0.250000
2187	YGR028W  	-1.220000	-0.300000	-0.220000	0.370000	0.970000	0.790000	-0.030000
2191	YGR032W  	-2.350000	-1.450000	-2.480000	-0.120000	1.060000	1.500000	0.270000
2193	YGR034W  	0.890000	0.840000	0.230000	0.510000	-0.790000	-2.320000	0.110000
2194	YGR035C  	0.650000	0.330000	0.010000	-0.450000	-0.400000	-1.220000	-0.060000
2202	YGR043C  	-2.470000	-3.180000	-2.940000	-1.560000	1.120000	2.630000	-0.270000
2211	YGR052W  	-1.430000	-1.690000	-1.470000	-0.380000	0.630000	1.240000	-0.200000
2225	YGR066C  	-0.300000	-1.150000	-0.620000	-1.290000	-0.420000	1.950000	-0.220000
2226	YGR067C  	-0.670000	-0.840000	-1.150000	-1.220000	-0.490000	-0.090000	0.200000
2244	YGR085C  	1.230000	0.770000	0.770000	0.260000	-0.760000	-1.890000	0.060000
2247	YGR088W  	-1.740000	-2.400000	-1.790000	-1.030000	0.840000	2.240000	0.060000
2249	YGR090W  	0.450000	-0.030000	0.240000	-0.040000	-0.940000	-1.600000	0.160000
2262	YGR103W  	0.760000	0.830000	0.210000	-1.060000	-1.890000	-2.250000	0.070000
2269	YGR110W  	-0.690000	-0.320000	-0.710000	-0.380000	0.430000	1.580000	0.320000
2277	YGR118W  	1.030000	1.160000	1.120000	0.080000	-0.560000	-1.690000	0.000000
2280	YGR121C  	-0.940000	-1.000000	-0.580000	0.480000	0.690000	1.250000	0.060000
2282	YGR123C  	0.990000	0.850000	0.560000	-0.470000	-1.290000	-1.560000	0.070000
2290	YGR131W  	-0.420000	-1.290000	-0.710000	-0.180000	0.710000	0.730000	-0.170000
2297	YGR138C  	0.030000	-0.180000	-0.540000	-0.540000	0.000000	1.440000	0.770000
2303	YGR144W  	-0.490000	-0.340000	-0.170000	-0.150000	0.210000	1.390000	0.500000
2304	YGR145W  	0.860000	1.100000	0.570000	-0.490000	-1.470000	-1.510000	0.030000
2307	YGR148C  	0.920000	0.720000	0.770000	0.410000	-1.030000	-2.560000	-0.320000
2319	YGR160W  	1.040000	1.100000	0.490000	-1.250000	-2.320000	-2.320000	0.370000
2320	YGR161C  	-1.600000	-0.920000	-0.150000	0.150000	0.950000	0.990000	0.010000
2327	YGR168C  	-1.320000	0.000000	-0.120000	-0.070000	0.770000	0.710000	0.330000
2348	YGR189C  	-0.840000	-1.360000	-0.470000	0.370000	1.040000	1.400000	0.920000
2356	YGR197C  	-0.430000	-0.600000	-0.710000	-0.230000	0.380000	1.600000	0.320000
2360	YGR201C  	-0.540000	-0.690000	-0.340000	-0.510000	0.400000	2.170000	0.300000
2368	YGR209C  	-0.470000	-0.360000	0.760000	1.590000	0.670000	0.900000	0.080000
2370	YGR211W  	1.040000	0.960000	0.760000	-0.150000	-1.400000	-0.510000	-0.170000
2371	YGR212W  	-1.640000	-1.560000	-1.090000	0.440000	0.860000	1.140000	-0.230000
2372	YGR213C  	-3.840000	-3.470000	-1.250000	1.190000	1.650000	1.440000	-0.230000
2373	YGR214W  	1.080000	0.830000	0.490000	0.330000	-0.860000	-2.060000	0.110000
2385	YGR226C  	-0.860000	-1.510000	-0.810000	-0.400000	-0.270000	0.630000	-0.070000
2393	YGR234W  	1.350000	1.010000	0.550000	-0.430000	-1.790000	-2.470000	-1.150000
2404	YGR245C  	0.790000	0.970000	0.290000	-1.150000	-1.840000	-2.000000	0.100000
2415	YGR256W  	-1.000000	-1.220000	-1.150000	-0.450000	0.230000	1.900000	1.060000
2423	YGR264C  	0.670000	0.340000	0.770000	0.460000	-0.580000	-1.640000	-0.220000
2424	YGR265W  	0.250000	0.520000	0.290000	0.060000	-0.560000	-1.360000	-0.140000
2427	YGR268C  	-1.150000	-1.320000	-0.300000	0.510000	0.960000	0.880000	-0.250000
2432	YGR273C  	-1.290000	-0.840000	-1.090000	-0.360000	-0.740000	-0.580000	-0.250000
2438	YGR279C  	0.700000	0.190000	0.300000	0.140000	0.200000	0.500000	1.470000
2439	YGR280C  	0.550000	0.540000	0.110000	-1.510000	-1.940000	-2.060000	-0.010000
2441	YGR282C  	-0.230000	-0.140000	0.040000	0.120000	0.700000	0.850000	1.390000
2449	YGR290W  	-1.360000	-0.760000	-1.000000	-0.250000	-0.470000	-0.140000	0.160000
2450	YGR291C  	-1.320000	-1.290000	-1.150000	-0.150000	-0.300000	0.000000	0.060000
2454	YGR295C  	-0.170000	-0.230000	-0.180000	0.530000	0.740000	1.340000	0.770000
2456	YHL001W  	1.320000	1.240000	0.820000	0.200000	-0.810000	-1.430000	0.210000
2466	YHL011C  	0.990000	1.270000	0.650000	0.210000	-0.220000	-0.290000	0.260000
2476	YHL021C  	-1.940000	-1.600000	-0.710000	0.760000	1.550000	1.820000	-0.220000
2477	YHL022C  	0.000000	-0.580000	0.740000	1.700000	0.290000	1.580000	-1.400000
2488	YHL033C  	1.170000	0.910000	0.630000	0.030000	-0.810000	-1.740000	-0.040000
2495	YHL040C  	0.320000	0.400000	0.190000	-0.180000	-0.410000	-0.420000	1.340000
2500	YHL045W  	-0.510000	-1.290000	-0.400000	-0.580000	0.000000	-0.100000	-0.470000
2502	YHL047C  	-0.200000	0.300000	0.570000	0.040000	-0.580000	-0.760000	1.370000
2517	YHR010W  	1.100000	0.860000	0.770000	0.480000	-0.670000	-2.060000	0.240000
2522	YHR015W  	-0.750000	-0.200000	-1.710000	-0.270000	-0.220000	-0.760000	0.340000
2526	YHR019C  	0.570000	0.400000	0.380000	0.310000	-0.150000	-1.320000	0.080000
2527	YHR020W  	0.670000	0.480000	0.370000	-0.060000	-1.180000	-1.640000	0.040000
2528	YHR021C  	0.700000	0.780000	0.460000	0.340000	-0.740000	-1.600000	0.230000
2538	YHR030C  	-1.290000	-1.620000	-0.610000	0.560000	1.130000	0.850000	0.070000
2542	YHR034C  	-1.530000	0.450000	0.170000	-0.610000	0.180000	-0.430000	-0.290000
2547	YHR039C  	0.090000	-0.110000	0.200000	1.550000	-0.310000	-0.320000	0.490000
2557	YHR049C-A	-1.000000	0.300000	-0.070000	0.260000	-1.360000	-0.860000	-0.300000
2561	YHR052W  	1.150000	1.020000	0.680000	-0.490000	-1.150000	-1.400000	-0.040000
2574	YHR065C  	0.570000	0.520000	0.700000	-0.580000	-1.120000	-1.470000	-0.070000
2575	YHR066W  	0.770000	0.990000	0.450000	-0.840000	-1.150000	-1.470000	0.210000
2577	YHR068W  	0.500000	0.980000	0.660000	0.280000	0.040000	-1.250000	-0.040000
2596	YHR087W  	-3.470000	-3.470000	-2.940000	0.060000	2.130000	1.860000	-0.580000
2598	YHR089C  	0.660000	0.930000	0.330000	-0.220000	-1.220000	-1.640000	0.140000
2601	YHR092C  	-0.750000	-0.100000	0.040000	-1.690000	-0.400000	-0.070000	0.140000
2605	YHR096C  	-1.740000	-2.060000	-2.250000	-0.920000	1.010000	2.180000	0.920000
2606	YHR097C  	-1.640000	-2.250000	-1.290000	0.310000	1.160000	1.240000	-0.510000
2613	YHR104W  	-1.430000	-1.000000	-0.790000	0.770000	1.210000	1.400000	-0.320000
2633	YHR124W  	-1.320000	-0.420000	-0.090000	-0.670000	-0.040000	0.810000	0.190000
2635	YHR126C  	-1.320000	-1.000000	-0.920000	-0.560000	-0.580000	-0.450000	-0.070000
2637	YHR128W  	0.980000	0.790000	0.770000	-0.250000	-1.220000	-1.940000	0.210000
2647	YHR138C  	-1.560000	-2.000000	-1.150000	0.630000	1.290000	1.460000	0.030000
2648	YHR139C  	-1.360000	-0.920000	-1.090000	-0.740000	-0.040000	1.390000	0.250000
2650	YHR140W  	-1.290000	-0.810000	-0.640000	0.070000	0.100000	0.560000	-0.120000
2651	YHR141C  	1.340000	1.100000	1.140000	0.110000	-1.000000	-2.000000	0.010000
2653	YHR143W  	1.060000	1.000000	0.210000	-0.120000	-0.760000	-1.940000	0.780000
2681	YHR170W  	1.140000	0.830000	0.320000	-0.690000	-1.600000	-1.400000	0.070000
2690	YHR179W  	-0.040000	0.230000	0.670000	0.810000	0.540000	-1.250000	-0.640000
2695	YHR184W  	-1.220000	-0.430000	-0.760000	-0.470000	-0.040000	-0.420000	-0.510000
2696	YHR185C  	-1.250000	-0.450000	-1.690000	-0.860000	-0.510000	0.240000	-0.430000
2707	YHR196W  	0.410000	0.770000	0.420000	-0.690000	-1.430000	-1.360000	-0.140000
2708	YHR197W  	0.690000	0.820000	0.410000	-0.640000	-1.400000	-1.470000	0.260000
2714	YHR203C  	0.700000	0.770000	0.580000	0.700000	-0.620000	-1.940000	0.210000
2720	YHR209W  	-1.400000	-1.640000	-1.320000	-0.450000	1.100000	1.710000	0.630000
2721	YHR210C  	-1.430000	-0.220000	-0.580000	-0.180000	-0.100000	0.230000	-0.180000
2728	YHR215W  	0.950000	1.060000	0.640000	-1.470000	-1.640000	-1.940000	0.120000
2745	YIL012W  	-0.220000	-1.890000	-0.320000	-0.360000	-0.120000	0.460000	0.300000
2746	YIL013C  	-0.870000	-0.650000	-0.730000	-0.990000	-1.240000	-0.230000	-0.050000
2749	YIL015W  	0.150000	-0.470000	-0.540000	0.770000	1.240000	0.230000	-0.170000
2751	YIL018W  	0.990000	1.030000	0.930000	0.040000	-0.790000	-2.120000	0.490000
2752	YIL019W  	1.050000	0.920000	0.260000	-1.400000	-1.400000	-1.510000	-0.180000
2765	YIL032C  	-0.360000	-0.600000	-1.250000	-1.090000	-0.490000	0.000000	0.300000
2775	YIL042C  	-0.970000	-0.300000	-0.840000	-0.180000	0.630000	1.360000	0.190000
2785	YIL052C  	0.960000	0.800000	0.360000	0.180000	-0.840000	-2.180000	-0.200000
2793	YIL060W  	-0.600000	-0.670000	-0.620000	0.210000	0.240000	-0.270000	-1.360000
2811	YIL078W  	0.340000	0.250000	0.480000	0.400000	0.000000	-1.290000	-0.360000
2819	YIL086C  	-1.300000	-0.340000	-0.250000	-0.640000	-0.480000	-0.170000	0.450000
2822	YIL089W  	-1.360000	-0.920000	-0.470000	-0.400000	0.000000	0.580000	0.400000
2832	YIL099W  	-0.490000	-1.600000	-0.560000	-0.150000	0.410000	1.280000	0.190000
2834	YIL101C  	-1.430000	-2.740000	-1.740000	0.070000	0.770000	1.850000	0.480000
2838	YIL105C  	-1.120000	-2.320000	-0.260000	-0.180000	0.980000	0.520000	-0.660000
2840	YIL107C  	-0.690000	-1.090000	-0.970000	0.160000	0.760000	1.290000	0.100000
2850	YIL117C  	-1.380000	-1.560000	-0.670000	0.600000	1.300000	1.210000	0.520000
2860	YIL127C  	0.980000	0.900000	0.590000	-1.060000	-1.150000	-1.600000	-0.320000
2866	YIL133C  	1.120000	0.820000	0.970000	0.060000	-1.180000	-2.400000	0.480000
2869	YIL136W  	-1.000000	-1.220000	-1.030000	-0.290000	0.300000	0.850000	0.250000
2881	YIL148W  	1.130000	0.740000	0.560000	0.010000	-0.760000	-1.890000	-0.070000
2898	YIL165C  	-1.250000	-0.270000	-0.510000	0.140000	0.320000	0.080000	-0.100000
2900	YIL167W  	-1.690000	-0.470000	-0.380000	-0.670000	0.060000	0.250000	0.040000
2901	YIL168W  	-1.320000	-1.090000	0.240000	0.060000	-0.230000	-0.450000	-0.070000
2908	YIL175W  	-1.400000	-1.150000	-0.100000	0.440000	0.640000	0.780000	-0.120000
2927	YIR017C  	-1.790000	-1.290000	-1.250000	0.590000	0.500000	1.320000	-0.040000
2929	YIR019C  	-1.660000	-1.200000	-0.460000	0.130000	0.140000	-0.050000	-0.170000
2936	YIR026C  	0.720000	0.970000	0.600000	-0.490000	-1.180000	-1.320000	0.200000
2937	YIR027C  	-0.890000	-0.540000	-1.470000	-0.510000	-0.450000	0.140000	0.290000
2938	YIR028W  	-0.920000	-2.180000	-0.540000	0.630000	-0.220000	1.050000	0.630000
2948	YIR038C  	-0.670000	-0.740000	-0.470000	0.010000	1.300000	1.600000	-0.070000
2949	YIR039C  	-1.150000	-0.670000	-0.940000	-0.230000	0.810000	1.750000	0.530000
2953	YIR043C  	-0.230000	-0.060000	-0.090000	0.180000	0.860000	1.400000	0.680000
2969	YJL015C  	-0.670000	-0.710000	-0.710000	0.080000	0.770000	1.320000	-0.150000
2970	YJL016W  	-0.760000	-0.270000	-1.180000	-1.180000	0.680000	1.250000	-0.170000
2971	YJL017W  	-0.380000	-0.890000	-0.640000	-0.140000	0.830000	1.410000	-0.220000
2982	YJL028W  	-1.320000	-0.640000	-0.640000	-2.320000	-0.970000	-0.690000	-0.340000
2988	YJL034W  	-1.470000	-0.340000	0.390000	0.480000	0.880000	0.860000	-0.970000
2998	YJL045W  	-0.490000	-0.860000	-0.690000	-0.290000	-0.090000	1.210000	0.370000
3001	YJL048C  	-0.860000	-1.000000	-0.560000	-0.540000	0.260000	1.710000	0.370000
3003	YJL050W  	0.600000	0.350000	0.050000	-0.560000	-1.130000	-1.220000	-0.230000
3010	YJL057C  	-1.000000	-0.810000	-0.180000	0.400000	0.820000	1.240000	-0.290000
3013	YJL060W  	-0.530000	-0.270000	-0.430000	1.400000	0.610000	0.890000	-0.190000
3029	YJL076W  	-0.230000	-0.470000	-1.250000	-0.560000	-0.540000	-0.580000	-0.070000
3032	YJL079C  	-0.180000	-0.840000	-0.400000	0.060000	0.000000	0.860000	1.620000
3040	YJL087C  	-0.300000	0.660000	0.260000	0.070000	-0.580000	-1.360000	0.100000
3041	YJL088W  	-0.300000	-0.790000	-0.860000	-0.670000	-0.450000	1.380000	0.160000
3042	YJL089W  	-0.690000	-0.560000	-1.290000	-0.840000	-0.710000	0.320000	0.460000
3060	YJL107C  	-1.940000	-2.120000	-1.320000	-0.100000	1.280000	1.350000	0.070000
3061	YJL108C  	-1.430000	-1.740000	-1.090000	-0.010000	1.280000	1.570000	0.200000
3062	YJL109C  	0.270000	0.310000	-0.110000	-0.790000	-1.070000	-1.300000	-0.120000
3067	YJL114W  	-1.430000	-1.510000	-1.740000	-0.640000	-0.090000	0.400000	-0.380000
3069	YJL116C  	-1.890000	-1.890000	-2.180000	-1.690000	-0.840000	2.560000	0.360000
3075	YJL122W  	1.370000	0.560000	0.680000	-0.340000	-1.290000	-1.120000	0.580000
3089	YJL136C  	1.220000	1.080000	0.700000	0.090000	-1.070000	-1.850000	0.020000
3097	YJL144W  	-1.790000	-1.430000	-0.120000	-0.380000	0.670000	1.700000	-0.360000
3101	YJL148W  	0.530000	0.710000	0.210000	-0.360000	-1.360000	-1.640000	0.040000
3106	YJL153C  	-1.640000	-1.640000	-1.400000	0.010000	0.790000	1.270000	0.670000
3108	YJL155C  	-1.640000	0.380000	-0.600000	0.230000	0.580000	0.510000	-0.290000
3111	YJL158C  	0.110000	0.030000	0.000000	0.280000	0.540000	1.060000	1.270000
3112	YJL159W  	0.070000	-0.380000	-0.380000	0.070000	0.330000	1.500000	1.200000
3114	YJL161W  	1.810000	-1.180000	-1.250000	0.000000	0.490000	1.880000	0.770000
3117	YJL164C  	-1.290000	-0.970000	-0.560000	0.540000	0.760000	1.740000	-0.560000
3119	YJL166W  	0.320000	0.300000	0.000000	0.360000	0.580000	1.370000	0.380000
3123	YJL170C  	-0.030000	-0.860000	-0.710000	-0.220000	0.930000	1.300000	-0.030000
3125	YJL172W  	-0.760000	-1.000000	-0.840000	0.310000	0.930000	1.330000	0.400000
3130	YJL177W  	1.060000	0.650000	0.590000	0.340000	-0.690000	-2.180000	0.140000
3141	YJL188C  	1.190000	0.990000	0.900000	0.280000	-0.920000	-1.940000	0.070000
3142	YJL189W  	1.140000	1.150000	0.640000	-0.180000	-1.120000	-2.000000	0.000000
3143	YJL190C  	1.310000	0.960000	0.910000	0.410000	-1.030000	-2.120000	0.290000
3144	YJL191W  	1.010000	1.030000	0.530000	-0.140000	-0.940000	-1.600000	0.330000
3153	YJL200C  	1.100000	1.180000	0.230000	-0.600000	-1.120000	-1.470000	0.080000
3164	YJL212C  	1.430000	0.790000	0.340000	0.030000	-0.760000	-0.810000	-0.620000
3187	YJR010W  	-0.510000	-0.860000	-0.380000	1.490000	0.900000	0.460000	-0.340000
3193	YJR016C  	0.670000	0.630000	0.490000	-0.040000	-0.340000	-1.250000	-0.270000
3215	YJR038C  	-1.250000	-1.000000	-0.620000	-0.690000	-0.490000	0.070000	-0.470000
3243	YJR066W  	-0.600000	-1.140000	-0.530000	-0.640000	0.230000	1.230000	-0.270000
3247	YJR070C  	0.990000	0.930000	0.750000	-0.670000	-1.090000	-2.000000	-0.120000
3248	YJR071W  	0.960000	1.060000	0.300000	-0.560000	-1.150000	-1.890000	0.290000
3250	YJR073C  	-1.600000	-0.790000	-0.920000	-0.320000	1.380000	1.520000	0.580000
3255	YJR078W  	-1.890000	-1.940000	-1.790000	-0.740000	0.280000	1.860000	0.630000
3271	YJR094W-A	1.040000	0.730000	0.330000	0.210000	-1.180000	-1.840000	0.340000
3273	YJR096W  	-0.470000	-0.740000	-0.490000	0.180000	0.810000	1.510000	0.340000
3281	YJR104C  	0.110000	0.290000	0.630000	1.420000	-0.230000	-0.060000	0.280000
3300	YJR123W  	1.020000	0.700000	0.930000	0.560000	-0.840000	-2.060000	0.280000
3322	YJR145C  	1.010000	0.580000	0.400000	0.480000	-0.860000	-1.890000	0.240000
3333	YJR156C  	-0.860000	-1.400000	-1.400000	-0.940000	-0.380000	1.670000	1.210000
3336	YJR159W  	-0.620000	-1.000000	-0.740000	-0.220000	0.360000	1.370000	0.450000
3338	YJR161C  	-0.230000	-0.470000	0.080000	0.180000	0.680000	1.500000	0.590000
3346	YKL006W  	1.240000	1.300000	1.140000	0.650000	-0.970000	-2.180000	0.280000
3349	YKL009W  	1.150000	1.000000	0.380000	-0.810000	-1.560000	-1.790000	0.010000
3366	YKL026C  	-0.510000	-0.200000	-0.560000	-0.430000	0.150000	1.410000	0.210000
3369	YKL029C  	0.760000	0.970000	0.000000	-1.360000	-1.430000	-1.320000	0.500000
3370	YKL030W  	0.540000	0.530000	-0.100000	-1.360000	-1.150000	-0.890000	0.520000
3396	YKL056C  	0.720000	0.660000	0.820000	0.200000	-0.600000	-1.470000	0.390000
3405	YKL065C  	-0.560000	-0.690000	-0.560000	0.540000	1.160000	1.360000	0.380000
3418	YKL078W  	1.040000	0.640000	-0.230000	-1.470000	-1.360000	-1.890000	0.110000
3421	YKL081W  	0.900000	0.870000	0.440000	0.240000	-0.640000	-1.600000	0.400000
3422	YKL082C  	0.160000	-0.090000	-0.090000	-0.890000	-1.250000	-1.740000	-0.540000
3426	YKL086W  	-0.090000	-0.340000	0.280000	-1.460000	-0.220000	-0.510000	0.120000
3437	YKL097C  	-0.860000	-1.400000	0.740000	-0.540000	-0.340000	-0.140000	-0.560000
3439	YKL099C  	0.700000	0.980000	0.360000	-0.970000	-1.510000	-1.320000	-0.170000
3443	YKL103C  	-1.790000	-1.560000	-1.090000	1.010000	1.360000	1.300000	-0.360000
3444	YKL104C  	-0.810000	-0.690000	-0.490000	0.460000	1.320000	1.000000	0.180000
3473	YKL133C  	-1.510000	-0.690000	-0.490000	0.030000	0.580000	1.080000	0.440000
3483	YKL143W  	0.310000	0.620000	0.370000	-0.420000	-1.940000	-1.510000	-0.170000
3488	YKL148C  	-0.790000	-1.150000	-0.970000	0.240000	0.760000	1.430000	-0.030000
3490	YKL150W  	-0.810000	-0.920000	-0.810000	0.110000	0.780000	1.830000	0.150000
3491	YKL151C  	-1.320000	-1.220000	-1.030000	-0.340000	0.780000	1.710000	0.030000
3496	YKL156W  	1.270000	0.940000	0.600000	-0.180000	-1.150000	-1.690000	0.120000
3501	YKL161C  	-1.290000	-2.000000	-1.180000	-0.150000	0.930000	0.990000	0.770000
3503	YKL163W  	-0.220000	-1.060000	-0.890000	-1.150000	-0.860000	1.940000	1.750000
3505	YKL165C  	-1.470000	-0.530000	0.230000	0.600000	0.840000	0.630000	-0.630000
3512	YKL172W  	0.790000	0.660000	0.030000	0.580000	-1.180000	-1.400000	-0.180000
3520	YKL180W  	1.400000	0.830000	1.060000	0.190000	-0.670000	-1.640000	0.150000
3529	YKL189W  	-0.790000	-0.920000	-0.760000	-0.150000	1.280000	0.880000	-0.320000
3540	YKL201C  	-1.250000	-0.090000	0.100000	-0.470000	0.280000	0.460000	-0.140000
3552	YKL213C  	-0.510000	-0.270000	0.080000	1.250000	0.630000	-0.180000	0.290000
3575	YKR011C  	-1.430000	-0.790000	-0.510000	0.530000	1.320000	0.850000	-0.640000
3577	YKR013W  	-0.690000	-1.000000	-0.840000	0.770000	1.340000	0.780000	0.810000
3597	YKR033C  	-1.220000	-0.320000	-1.000000	0.250000	-0.230000	0.000000	1.080000
3610	YKR046C  	-0.450000	-0.670000	-0.450000	-0.380000	0.510000	2.190000	0.880000
3613	YKR049C  	-0.470000	-0.540000	-0.320000	-0.360000	0.230000	1.280000	0.070000
3617	YKR053C  	-0.970000	-1.220000	-0.760000	-0.070000	1.320000	1.590000	0.560000
3621	YKR057W  	1.230000	1.170000	1.040000	0.410000	-1.000000	-2.000000	-0.010000
3624	YKR060W  	0.700000	1.020000	0.510000	-0.790000	-0.920000	-1.320000	-0.060000
3625	YKR061W  	-1.400000	-1.090000	-0.430000	0.620000	0.860000	0.960000	0.300000
3640	YKR076W  	-1.400000	-1.470000	-1.000000	0.120000	0.590000	1.630000	0.160000
3645	YKR081C  	0.940000	0.820000	0.290000	-0.540000	-1.250000	-1.640000	-0.200000
3655	YKR091W  	-1.940000	-2.470000	-1.120000	0.100000	1.490000	1.440000	0.580000
3656	YKR092C  	0.900000	0.440000	0.500000	-0.490000	-1.640000	-1.690000	0.390000
3658	YKR094C  	1.060000	0.710000	0.520000	-0.010000	-0.840000	-2.120000	0.140000
3659	YKR095W  	0.080000	-0.970000	-1.480000	0.530000	-0.600000	0.630000	-0.130000
3666	YKR102W  	-1.510000	-0.490000	-0.090000	0.110000	0.110000	1.000000	0.680000
3678	YLL008W  	0.580000	0.410000	0.040000	-0.920000	-1.690000	-1.690000	-0.040000
3681	YLL011W  	0.210000	0.600000	0.290000	-0.360000	-0.840000	-1.320000	0.000000
3690	YLL020C  	-1.250000	-1.430000	-0.510000	-0.400000	0.440000	0.700000	0.410000
3693	YLL023C  	0.240000	0.230000	0.440000	0.450000	0.620000	1.330000	0.490000
3696	YLL026W  	-0.970000	-1.740000	-0.230000	0.430000	0.480000	0.900000	-1.090000
3700	YLL030C  	-2.000000	0.000000	-0.890000	-0.150000	-0.940000	0.000000	-0.070000
3704	YLL034C  	0.480000	0.040000	0.170000	-0.520000	-1.390000	-1.090000	-0.060000
3709	YLL039C  	-1.450000	-1.650000	-1.140000	0.260000	1.470000	1.450000	-0.070000
3711	YLL041C  	-0.290000	-0.320000	-0.120000	0.370000	0.690000	1.430000	-0.010000
3714	YLL044W  	1.060000	0.990000	0.830000	-0.040000	-1.150000	-2.180000	-0.030000
3715	YLL045C  	1.360000	0.870000	0.860000	0.300000	-0.860000	-1.940000	0.100000
3716	YLL046C  	0.070000	0.410000	0.520000	-0.430000	-0.810000	-1.470000	0.060000
3717	YLL047W  	0.430000	0.300000	0.120000	-0.120000	-0.690000	-1.470000	-0.180000
3740	YLR003C  	0.580000	0.370000	-0.150000	-0.270000	-1.150000	-1.430000	-0.090000
3746	YLR009W  	0.900000	0.670000	0.360000	-0.890000	-1.940000	-1.560000	0.260000
3750	YLR013W  	-1.400000	-0.510000	-1.890000	-0.340000	-1.000000	0.410000	0.710000
3751	YLR014C  	-0.270000	0.520000	-0.920000	2.810000	-0.170000	-0.860000	-0.150000
3766	YLR029C  	0.770000	0.790000	0.300000	0.480000	-0.620000	-1.940000	-0.010000
3774	YLR037C  	-0.690000	-1.250000	-0.540000	-0.300000	0.590000	1.050000	0.410000
3779	YLR042C  	-0.760000	-0.790000	-0.690000	-0.400000	1.030000	1.470000	0.380000
3785	YLR048W  	1.010000	0.930000	0.480000	0.300000	-1.000000	-1.940000	0.330000
3788	YLR051C  	-0.170000	0.450000	-0.180000	-0.510000	-0.710000	-1.400000	0.040000
3791	YLR054C  	-1.640000	-1.150000	-1.220000	-0.740000	-0.290000	0.650000	0.330000
3793	YLR056W  	0.580000	0.120000	-0.560000	-0.760000	0.400000	0.520000	1.410000
3798	YLR061W  	1.070000	0.450000	0.650000	0.370000	-0.690000	-1.940000	0.320000
3799	YLR062C  	1.120000	0.830000	0.540000	0.360000	-0.940000	-2.250000	0.360000
3805	YLR068W  	0.850000	0.620000	0.420000	-0.860000	-1.090000	-1.290000	-0.420000
3811	YLR074C  	1.130000	0.910000	0.570000	-1.030000	-1.510000	-0.860000	0.190000
3812	YLR075W  	1.140000	0.690000	0.630000	0.300000	-0.620000	-1.640000	0.010000
3813	YLR076C  	1.120000	0.810000	1.070000	0.300000	-0.620000	-1.510000	0.340000
3836	YLR099C  	-1.360000	-0.970000	-0.360000	0.550000	0.860000	0.700000	0.010000
3856	YLR119W  	-1.360000	-0.790000	-0.010000	0.080000	0.460000	0.420000	-0.360000
3857	YLR120C  	-1.510000	-1.290000	-0.070000	0.280000	1.120000	1.580000	-0.320000
3858	YLR121C  	-1.490000	-1.890000	-0.970000	0.030000	1.190000	1.580000	0.660000
3861	YLR124W  	-1.400000	-0.380000	-0.300000	-0.560000	-0.290000	0.460000	0.000000
3866	YLR129W  	0.430000	0.450000	0.070000	-0.490000	-1.090000	-1.320000	-0.150000
3879	YLR142W  	-1.940000	-2.250000	-2.560000	-1.510000	0.140000	2.980000	0.830000
3886	YLR149C  	-1.840000	-2.560000	-2.000000	-0.450000	1.000000	1.570000	-0.060000
3887	YLR150W  	1.070000	1.150000	0.820000	0.420000	-0.790000	-1.560000	-0.010000
3895	YLR158C  	0.120000	-0.380000	-0.100000	0.160000	0.660000	1.210000	0.730000
3897	YLR160C  	0.060000	-0.320000	-0.100000	0.060000	0.700000	1.230000	0.730000
3904	YLR167W  	1.130000	1.360000	0.930000	0.160000	-0.890000	-2.180000	-0.060000
3905	YLR168C  	0.100000	0.430000	-0.100000	-0.380000	1.280000	0.340000	-0.140000
3911	YLR174W  	-0.540000	-0.320000	-0.810000	-0.840000	-0.120000	1.480000	0.370000
3912	YLR175W  	0.900000	0.950000	0.310000	-0.810000	-1.360000	-1.560000	0.080000
3915	YLR178C  	-2.000000	-2.400000	-2.000000	-0.100000	1.110000	2.280000	0.290000
3917	YLR180W  	1.240000	1.070000	-0.100000	0.380000	-0.920000	-0.120000	-0.290000
3922	YLR185W  	1.240000	0.820000	0.710000	-0.200000	-0.940000	-2.250000	0.570000
3923	YLR186W  	0.950000	1.210000	0.550000	-0.250000	-1.220000	-1.510000	0.110000
3931	YLR194C  	-2.840000	-3.180000	-1.320000	0.240000	1.530000	1.960000	0.080000
3933	YLR196W  	0.770000	0.530000	0.150000	-1.120000	-1.320000	-1.120000	-0.100000
3934	YLR197W  	0.750000	0.750000	0.580000	0.010000	-1.000000	-1.840000	0.180000
3935	YLR198C  	0.790000	0.510000	0.340000	-0.430000	-1.030000	-1.640000	-0.030000
3942	YLR205C  	-1.030000	-1.510000	-1.890000	-0.670000	0.140000	0.750000	1.100000
3958	YLR221C  	-0.510000	0.720000	0.180000	-0.490000	-0.690000	-1.560000	-0.420000
3959	YLR222C  	0.490000	0.830000	0.410000	-0.400000	-1.400000	-1.320000	-0.090000
3986	YLR249W  	0.700000	0.560000	0.530000	-0.220000	-1.150000	-1.400000	0.400000
3988	YLR251W  	-1.090000	-1.120000	-0.670000	0.290000	1.120000	1.520000	0.180000
3995	YLR258W  	-0.760000	-1.000000	-1.120000	-0.040000	0.760000	1.210000	0.760000
4001	YLR264W  	1.270000	0.910000	1.040000	0.140000	-0.940000	-1.690000	0.030000
4004	YLR267W  	-0.790000	-0.920000	-0.790000	-0.140000	1.090000	1.270000	0.230000
4007	YLR270W  	-0.470000	-0.510000	-0.150000	0.400000	1.200000	1.280000	-0.360000
4013	YLR276C  	0.750000	0.840000	0.250000	-0.490000	-1.320000	-1.360000	-0.070000
4023	YLR286C  	1.040000	0.500000	0.590000	0.650000	-0.450000	-1.430000	0.560000
4025	YLR287C-A	0.900000	0.950000	0.930000	0.580000	-0.320000	-1.150000	-1.290000
4031	YLR293C  	0.640000	0.860000	0.590000	0.790000	0.070000	-1.220000	0.280000
4034	YLR296W  	-0.920000	-0.810000	-1.690000	0.690000	-0.180000	-1.090000	-0.380000
4037	YLR299W  	-0.940000	-1.220000	-0.920000	-0.070000	0.500000	1.080000	0.660000
4038	YLR300W  	0.570000	0.380000	-0.250000	0.140000	0.010000	0.280000	1.290000
4040	YLR302C  	-0.920000	-1.400000	-1.320000	0.230000	-0.100000	1.030000	-0.290000
4041	YLR303W  	-0.970000	-1.290000	-1.560000	1.230000	0.950000	1.570000	-0.540000
4042	YLR304C  	0.230000	0.160000	0.180000	-0.090000	1.420000	-0.140000	-0.970000
4043	YLR305C  	-0.640000	-0.840000	-1.430000	-0.700000	-0.530000	-0.870000	0.030000
4045	YLR307W  	-0.840000	-0.710000	-0.920000	-1.000000	-0.860000	1.490000	0.030000
4049	YLR311C  	-1.180000	-0.580000	-0.510000	-0.790000	-0.200000	1.430000	0.310000
4050	YLR312C  	-1.740000	-1.470000	-1.840000	-0.690000	-0.490000	1.740000	0.230000
4064	YLR325C  	1.010000	0.660000	0.800000	0.500000	-0.920000	-2.320000	0.190000
4066	YLR327C  	-0.620000	-2.120000	-1.180000	0.330000	0.560000	1.770000	-0.100000
4072	YLR333C  	1.170000	0.780000	0.960000	0.140000	-0.400000	-1.560000	0.280000
4077	YLR339C  	0.940000	0.580000	0.760000	0.210000	-0.740000	-1.740000	0.490000
4078	YLR340W  	1.210000	1.050000	0.820000	0.380000	-0.740000	-1.640000	0.480000
4082	YLR344W  	1.050000	0.930000	0.510000	0.190000	-0.760000	-1.690000	0.620000
4083	YLR345W  	-0.790000	-1.430000	-0.470000	0.450000	0.930000	1.020000	-0.490000
4088	YLR350W  	-0.840000	-0.620000	-0.290000	0.690000	1.310000	1.030000	0.300000
4094	YLR356W  	-0.640000	-0.760000	-0.290000	-0.180000	0.690000	1.610000	0.260000
4105	YLR367W  	1.040000	0.680000	0.660000	0.210000	-0.740000	-1.740000	0.070000
4126	YLR388W  	1.300000	0.990000	0.820000	0.390000	-0.920000	-1.940000	0.230000
4137	YLR400W  	-0.090000	0.560000	-0.060000	-0.170000	-0.970000	-1.400000	-0.140000
4138	YLR401C  	0.500000	0.530000	0.280000	-0.670000	-1.790000	-2.120000	0.030000
4146	YLR409C  	0.550000	0.450000	0.340000	-0.840000	-1.470000	-1.560000	0.060000
4150	YLR413W  	1.080000	0.250000	-0.070000	-0.580000	-0.840000	-1.560000	0.500000
4151	YLR414C  	-1.000000	-1.250000	-0.600000	0.210000	1.210000	1.140000	0.040000
4160	YLR423C  	-1.470000	-0.560000	-0.510000	0.250000	0.590000	0.700000	-0.340000
4161	YLR424W  	-1.320000	-0.380000	-0.450000	0.160000	0.640000	0.550000	-0.300000
4165	YLR428C  	-0.040000	-0.120000	0.290000	0.110000	-0.690000	-1.220000	-0.300000
4172	YLR435W  	0.000000	0.420000	-0.140000	-0.470000	-0.740000	-1.600000	0.160000
4185	YLR448W  	1.000000	0.690000	0.320000	0.110000	-0.860000	-2.000000	0.370000
4223	YML017W  	-0.290000	-0.840000	-1.630000	-0.580000	0.530000	-0.810000	0.000000
4228	YML022W  	0.860000	0.740000	0.400000	0.070000	-0.890000	-1.470000	0.310000
4234	YML028W  	-0.270000	-0.510000	0.680000	1.330000	1.080000	0.930000	-0.010000
4244	YML036W  	0.150000	0.100000	-0.290000	-1.840000	0.570000	-0.670000	0.040000
4250	YML042W  	-1.250000	-0.250000	-0.400000	-0.420000	0.290000	1.000000	-0.600000
4254	YML047C  	-1.120000	-1.220000	-1.150000	-0.860000	0.410000	-0.300000	-0.180000
4264	YML056C  	1.060000	1.040000	0.500000	0.200000	-0.890000	-1.250000	0.000000
4272	YML063W  	0.960000	1.040000	0.730000	0.590000	-0.690000	-2.120000	-0.150000
4279	YML070W  	-0.230000	-0.600000	-0.620000	0.330000	0.950000	1.460000	-0.200000
4282	YML073C  	1.370000	0.650000	0.840000	0.400000	-0.890000	-2.000000	0.450000
4302	YML093W  	0.650000	0.420000	0.010000	-0.940000	-1.150000	-1.690000	-0.290000
4303	YML094W  	0.550000	0.560000	0.580000	0.510000	-0.090000	-1.250000	-0.430000
4310	YML100W  	-2.180000	-2.640000	-1.470000	0.010000	1.200000	2.250000	0.210000
4333	YML120C  	-0.290000	-0.470000	-0.340000	-0.090000	0.670000	1.480000	0.320000
4341	YML128C  	-2.840000	-2.840000	-1.840000	-0.860000	0.580000	2.650000	-0.400000
4343	YML130C  	-1.950000	-0.020000	0.420000	0.590000	0.960000	0.660000	-1.290000
4345	YML132W  	-0.470000	-0.620000	-0.180000	0.430000	0.950000	1.260000	0.450000
4346	YML133C  	-0.400000	-0.690000	-0.030000	-1.320000	-0.430000	0.000000	0.230000
4349	YMR003W  	0.430000	0.320000	-0.300000	1.930000	-0.360000	-0.290000	0.580000
4352	YMR006C  	1.400000	0.620000	0.370000	-0.620000	-0.740000	-1.000000	0.000000
4353	YMR007W  	-1.940000	-2.400000	-1.510000	0.380000	0.950000	1.580000	0.390000
4354	YMR008C  	-1.670000	-2.110000	-0.920000	0.730000	1.280000	1.140000	0.710000
4358	YMR012W  	-0.060000	0.180000	0.150000	0.450000	-0.160000	-1.940000	-0.110000
4360	YMR014W  	-0.090000	0.530000	0.190000	-1.000000	-1.360000	-1.290000	-0.420000
4379	YMR032W  	0.630000	0.440000	-0.060000	-0.590000	-1.240000	-0.730000	0.120000
4387	YMR040W  	-2.640000	-2.000000	-0.810000	0.390000	1.540000	1.410000	-0.560000
4396	YMR049C  	0.540000	0.770000	0.450000	-0.790000	-1.510000	-1.600000	0.290000
4417	YMR069W  	-0.070000	-0.430000	-0.300000	-0.620000	-0.670000	1.250000	-0.120000
4431	YMR082C  	-0.690000	-0.860000	-0.860000	-0.140000	-0.670000	-2.840000	-0.290000
4433	YMR084W  	0.500000	-1.400000	-1.220000	0.110000	0.570000	0.950000	0.330000
4434	YMR085W  	-1.250000	-1.120000	-0.470000	0.460000	0.870000	0.580000	0.100000
4440	YMR090W  	-1.940000	-1.400000	-1.090000	0.670000	0.900000	1.740000	-0.100000
4441	YMR091C  	0.280000	0.230000	0.290000	-0.230000	-0.090000	-1.290000	-0.470000
4443	YMR093W  	0.770000	0.620000	0.340000	-0.710000	-1.290000	-1.890000	0.370000
4446	YMR096W  	-1.320000	-1.510000	-1.560000	-1.090000	-0.670000	2.750000	-0.250000
4453	YMR103C  	-0.590000	-0.910000	-0.720000	-0.030000	0.370000	1.290000	0.530000
4454	YMR104C  	-1.180000	-1.250000	-0.860000	-0.180000	0.250000	1.230000	0.280000
4455	YMR105C  	-2.180000	-2.060000	-1.840000	-0.450000	1.410000	1.980000	-0.010000
4457	YMR107W  	-1.250000	-1.600000	-2.060000	-1.690000	-0.450000	2.240000	-0.230000
4466	YMR116C  	0.720000	0.660000	0.840000	0.320000	-0.920000	-1.640000	0.580000
4472	YMR121C  	0.980000	0.970000	0.530000	0.630000	-0.490000	-1.430000	0.200000
4479	YMR128W  	0.010000	0.260000	0.120000	-0.800000	-1.310000	-1.440000	-0.210000
4482	YMR131C  	0.790000	0.780000	0.650000	-0.670000	-1.360000	-1.690000	-0.140000
4484	YMR133W  	-1.320000	-0.810000	-0.920000	-0.420000	-0.090000	1.460000	0.070000
4488	YMR136W  	-1.220000	-1.030000	-0.810000	-0.220000	0.070000	1.900000	0.530000
4494	YMR142C  	0.660000	0.990000	0.180000	0.030000	-0.790000	-2.060000	-0.090000
4495	YMR143W  	0.830000	0.570000	0.700000	0.150000	-0.760000	-2.120000	0.240000
4497	YMR145C  	0.320000	-0.510000	-1.600000	-1.120000	-0.510000	1.260000	1.230000
4512	YMR158W-A	-1.000000	-1.890000	0.000000	0.120000	-0.170000	-0.420000	-0.180000
4523	YMR169C  	-1.220000	-1.290000	-0.420000	-1.030000	-0.180000	0.950000	-0.100000
4528	YMR173W  	-1.640000	-1.640000	-0.570000	1.090000	1.750000	1.890000	-0.600000
4529	YMR173W-A	-1.510000	-1.690000	-0.640000	0.870000	1.500000	1.430000	-0.430000
4530	YMR174C  	-0.680000	-1.340000	-0.310000	0.090000	0.730000	1.360000	0.050000
4531	YMR175W  	-0.960000	-0.870000	-0.930000	-0.320000	-0.030000	1.870000	0.810000
4537	YMR181C  	-0.360000	-0.810000	-0.810000	-0.230000	0.410000	1.840000	0.700000
4540	YMR184W  	-1.400000	-0.120000	0.070000	0.390000	0.960000	0.910000	-0.580000
4546	YMR190C  	-0.410000	-0.160000	-0.160000	-1.830000	-0.160000	-0.110000	-0.370000
4547	YMR191W  	-0.860000	-0.270000	0.060000	0.600000	0.650000	1.280000	0.600000
4549	YMR193C-A	0.080000	0.800000	-0.040000	-0.180000	-0.600000	-1.400000	-0.200000
4551	YMR194W  	0.880000	0.600000	0.950000	0.200000	-1.060000	-1.790000	0.140000
4553	YMR196W  	-1.060000	-0.970000	-0.810000	-0.360000	0.580000	1.610000	0.120000
4563	YMR206W  	-0.560000	-1.290000	-1.060000	-1.030000	-0.060000	0.970000	0.140000
4574	YMR217W  	0.960000	1.100000	0.500000	-0.290000	-1.360000	-1.790000	0.580000
4586	YMR229C  	0.040000	-0.010000	0.240000	-1.370000	-2.060000	-2.040000	-0.210000
4587	YMR230W  	0.720000	0.710000	0.830000	0.140000	-0.690000	-2.120000	-0.010000
4596	YMR239C  	-0.150000	0.690000	0.190000	-0.490000	-0.920000	-1.430000	0.000000
4599	YMR242C  	1.000000	0.770000	1.080000	0.250000	-0.890000	-2.250000	-0.010000
4604	YMR246W  	0.750000	-0.030000	0.370000	0.000000	-0.450000	-1.600000	-0.230000
4606	YMR250W  	-1.690000	-2.640000	-1.560000	0.120000	1.330000	1.820000	-0.470000
4607	YMR251W  	-1.800000	-2.560000	-1.080000	0.230000	1.080000	1.380000	0.410000
4608	YMR251W-A	-1.840000	-2.180000	-1.120000	0.770000	1.450000	1.310000	0.040000
4609	YMR252C  	-1.290000	-0.510000	-0.140000	-0.290000	0.200000	0.500000	-0.100000
4617	YMR260C  	0.840000	0.580000	0.780000	-0.090000	-0.600000	-1.600000	-0.340000
4647	YMR290C  	0.930000	1.230000	0.360000	-0.620000	-1.690000	-1.840000	0.150000
4648	YMR290W-A	1.000000	0.000000	-0.690000	-1.000000	-1.000000	1.580000	0.000000
4649	YMR291W  	-0.760000	-0.540000	-0.200000	0.140000	0.870000	1.370000	0.070000
4656	YMR297W  	-0.380000	-0.620000	-0.170000	0.210000	0.860000	1.430000	0.570000
4665	YMR305C  	-0.360000	-0.690000	-0.270000	0.440000	1.230000	1.170000	0.930000
4670	YMR309C  	0.510000	0.650000	0.570000	-0.300000	-0.740000	-1.290000	0.290000
4671	YMR310C  	1.000000	0.940000	0.310000	-0.640000	-1.320000	-0.940000	-0.150000
4676	YMR315W  	-1.430000	-1.290000	-0.890000	0.820000	1.880000	1.330000	-0.150000
4677	YMR316C-A	-2.000000	-2.250000	0.000000	0.440000	1.030000	0.850000	-0.840000
4678	YMR316C-B	-1.220000	-1.400000	-0.400000	-0.540000	-0.420000	-0.170000	0.040000
4679	YMR316W  	-2.180000	-2.250000	-0.060000	0.540000	1.060000	0.810000	-0.540000
4682	YMR319C  	0.130000	0.580000	0.690000	-0.110000	-0.160000	-1.870000	-0.420000
4684	YMR321C  	0.750000	0.620000	0.710000	0.120000	-0.690000	-2.060000	-0.600000
4686	YMR323W  	-1.440000	-0.490000	-0.860000	-0.590000	-0.690000	-0.300000	0.070000
4691	YNL002C  	0.990000	0.920000	0.380000	-0.940000	-1.360000	-1.430000	0.110000
4698	YNL009W  	-1.470000	-0.510000	-0.420000	-0.640000	-0.170000	0.340000	0.930000
4704	YNL015W  	-1.060000	-0.860000	-0.510000	0.310000	1.250000	1.730000	0.060000
4706	YNL017C  	-1.360000	-1.120000	-0.970000	-0.270000	-0.490000	-0.040000	-0.220000
4707	YNL018C  	-1.510000	-0.250000	-0.810000	-0.510000	-0.340000	0.990000	-0.510000
4719	YNL030W  	1.050000	0.860000	0.630000	-0.030000	-0.890000	-1.560000	0.040000
4725	YNL036W  	-1.790000	-0.180000	-0.790000	-0.320000	0.670000	2.270000	0.860000
4732	YNL043C  	-0.490000	-0.430000	-0.340000	0.540000	1.260000	0.850000	0.210000
4733	YNL044W  	-0.510000	-0.400000	-0.060000	1.030000	1.340000	0.920000	-0.070000
4734	YNL045W  	-0.180000	-0.040000	-0.030000	0.240000	0.480000	1.400000	-0.120000
4744	YNL055C  	0.120000	-0.320000	-0.430000	0.030000	1.060000	1.690000	0.060000
4749	YNL061W  	0.910000	0.830000	0.100000	-0.940000	-1.510000	-1.220000	-0.010000
4753	YNL065W  	0.750000	0.060000	-0.380000	-0.790000	-0.340000	-0.760000	1.400000
4754	YNL066W  	1.300000	0.910000	0.160000	-0.580000	-1.400000	-2.250000	0.340000
4755	YNL067W  	1.370000	0.890000	0.650000	0.100000	-0.940000	-1.740000	0.150000
4757	YNL069C  	1.190000	0.820000	0.700000	0.390000	-0.790000	-1.840000	0.630000
4780	YNL092W  	-1.290000	-1.320000	-0.400000	0.590000	0.800000	0.990000	-0.380000
4781	YNL093W  	-1.180000	-1.600000	-1.510000	0.000000	0.570000	1.250000	-0.270000
4784	YNL096C  	0.900000	0.750000	0.450000	0.140000	-1.180000	-2.470000	-0.100000
4793	YNL105W  	-1.360000	-0.420000	-0.420000	-0.300000	-0.140000	-0.140000	-0.170000
4798	YNL110C  	-0.060000	0.510000	0.000000	-0.890000	-1.220000	-2.000000	-0.180000
4800	YNL112W  	0.850000	0.910000	0.410000	-1.060000	-2.320000	-2.940000	0.530000
4801	YNL113W  	0.310000	1.220000	0.770000	-0.030000	-0.920000	-1.360000	0.040000
4802	YNL114C  	0.460000	0.600000	0.440000	-0.180000	-0.760000	-1.250000	-0.120000
4803	YNL115C  	-1.060000	-0.920000	-0.740000	-0.100000	0.640000	1.600000	0.110000
4807	YNL119W  	0.870000	0.650000	0.560000	0.300000	-0.890000	-1.600000	0.340000
4812	YNL124W  	-0.040000	0.510000	-0.040000	-0.670000	-1.220000	-1.250000	0.110000
4820	YNL132W  	0.700000	0.620000	0.440000	-1.150000	-1.470000	-1.940000	0.080000
4822	YNL134C  	-1.180000	-1.150000	0.670000	1.580000	0.440000	0.370000	-1.000000
4829	YNL141W  	1.180000	0.840000	0.450000	-1.400000	-1.400000	-1.360000	0.740000
4833	YNL145W  	1.310000	0.730000	0.240000	-0.290000	-0.140000	-0.890000	0.480000
4848	YNL160W  	-1.320000	-1.250000	-1.360000	-0.320000	-0.070000	2.160000	1.550000
4850	YNL162W  	1.120000	1.010000	0.430000	0.430000	-1.000000	-2.320000	0.160000
4862	YNL174W  	0.870000	0.990000	0.040000	-0.810000	-1.890000	-2.320000	0.100000
4863	YNL175C  	1.160000	1.080000	0.610000	-0.760000	-2.180000	-2.180000	-0.230000
4866	YNL178W  	0.860000	0.600000	0.790000	0.100000	-0.670000	-2.250000	0.160000
4870	YNL182C  	0.830000	0.930000	0.290000	-0.540000	-1.220000	-1.560000	0.580000
4880	YNL192W  	-1.180000	-1.690000	-0.790000	0.280000	0.950000	0.900000	-0.180000
4888	YNL200C  	-1.430000	-1.320000	-0.690000	-0.040000	0.800000	1.620000	-0.100000
4896	YNL208W  	-1.320000	-1.940000	-1.320000	0.500000	1.660000	1.560000	0.310000
4897	YNL209W  	0.840000	0.790000	0.680000	0.410000	-0.690000	-1.510000	0.610000
4932	YNL244C  	0.360000	-0.150000	0.100000	0.810000	-0.030000	-1.320000	-0.320000
4936	YNL248C  	1.010000	0.900000	0.210000	-0.670000	-1.510000	-1.940000	0.070000
4962	YNL274C  	-1.060000	-1.560000	-1.220000	-0.640000	0.880000	1.540000	0.340000
4967	YNL279W  	-0.600000	-1.120000	-1.090000	-0.060000	1.260000	0.680000	0.060000
4973	YNL285W  	-0.420000	-0.270000	-0.450000	-1.320000	0.000000	0.000000	-0.540000
4977	YNL289W  	-0.580000	-0.140000	-0.080000	0.560000	-0.640000	-0.380000	1.500000
4984	YNL296W  	-1.290000	-0.840000	-0.790000	-0.180000	-0.300000	-0.490000	-0.170000
4989	YNL301C  	0.980000	0.890000	0.520000	0.430000	-0.940000	-1.890000	0.530000
4990	YNL302C  	-0.030000	0.260000	0.140000	0.190000	-0.420000	-1.290000	0.110000
4991	YNL303W  	-0.040000	0.410000	-0.060000	-0.600000	-0.970000	-1.600000	0.060000
4992	YNL304W  	-1.360000	0.120000	-0.120000	0.160000	-0.090000	-0.120000	-0.030000
4998	YNL310C  	-1.220000	0.140000	0.250000	0.100000	-0.070000	-0.070000	-0.340000
5015	YNL327W  	1.040000	0.240000	0.500000	-0.140000	-1.600000	-1.400000	0.460000
5042	YNR015W  	0.040000	0.360000	0.430000	0.720000	-1.280000	-0.930000	0.230000
5065	YNR038W  	0.210000	0.150000	0.030000	-0.340000	0.290000	-0.210000	1.420000
5067	YNR040W  	-0.620000	0.030000	-0.480000	-1.240000	-0.490000	0.150000	-0.540000
5068	YNR041C  	-0.060000	-1.440000	-0.030000	0.160000	0.030000	0.620000	0.030000
5069	YNR042W  	0.640000	-0.370000	-0.180000	1.560000	0.090000	0.050000	0.000000
5080	YNR053C  	-0.730000	0.010000	0.060000	-0.970000	-0.890000	-1.820000	0.770000
5086	YNR059W  	-0.370000	-1.690000	-1.050000	0.650000	0.710000	0.290000	0.270000
5097	YNR070W  	-1.210000	-0.370000	0.180000	0.320000	-0.030000	-0.070000	-0.190000
5109	YOL005C  	1.140000	0.850000	0.370000	-0.740000	-1.520000	-0.750000	0.490000
5119	YOL015W  	-1.140000	-1.220000	-1.100000	-0.190000	-0.240000	0.210000	-0.160000
5120	YOL016C  	-2.450000	-2.310000	-0.420000	0.490000	0.810000	0.830000	-0.490000
5139	YOL035C  	0.590000	0.200000	-0.040000	-1.210000	-0.150000	0.070000	-0.320000
5143	YOL039W  	0.920000	0.450000	-0.250000	-0.370000	-1.820000	-1.290000	1.280000
5144	YOL040C  	0.960000	0.760000	0.690000	0.030000	-0.340000	-2.000000	0.370000
5145	YOL041C  	0.840000	0.540000	-0.170000	-0.610000	-0.650000	-1.520000	0.070000
5146	YOL042W  	-1.820000	0.330000	0.130000	-0.060000	0.030000	0.070000	0.340000
5148	YOL044W  	-0.320000	-0.910000	-0.610000	-0.150000	-0.690000	0.110000	1.280000
5150	YOL046C  	-0.620000	0.540000	-0.520000	1.260000	-0.120000	-0.540000	-0.290000
5151	YOL047C  	-1.900000	-1.960000	-1.310000	-0.670000	0.330000	1.150000	-0.120000
5152	YOL048C  	-1.310000	-0.250000	-1.080000	-0.010000	-0.760000	-0.640000	-0.250000
5154	YOL050C  	-0.450000	-0.060000	-0.290000	-0.040000	-1.250000	-1.450000	-0.270000
5161	YOL057W  	0.490000	0.180000	-1.470000	0.960000	0.520000	-0.550000	-0.060000
5166	YOL062C  	-1.420000	0.330000	0.400000	0.670000	0.280000	0.360000	0.120000
5167	YOL063C  	0.500000	-0.680000	-0.940000	0.590000	-1.280000	-0.090000	0.140000
5176	YOL072W  	-0.050000	-0.610000	-1.210000	-0.290000	0.160000	0.080000	-1.210000
5177	YOL073C  	-1.430000	-1.070000	0.160000	0.370000	0.580000	0.780000	0.030000
5178	YOL075C  	-0.620000	-1.240000	0.230000	-0.140000	0.030000	0.230000	0.550000
5180	YOL077C  	-0.030000	0.500000	0.680000	-0.600000	-1.690000	-2.120000	-0.490000
5182	YOL079W  	-0.860000	-0.720000	-1.400000	-0.990000	-0.430000	-0.560000	-0.170000
5183	YOL080C  	0.340000	-0.160000	-1.470000	-1.250000	0.000000	-0.860000	0.060000
5184	YOL081W  	-0.270000	-0.090000	-0.230000	-0.650000	-1.240000	0.850000	-0.700000
5185	YOL082W  	-1.260000	0.180000	-0.600000	0.750000	0.900000	0.520000	-0.070000
5187	YOL084W  	-0.490000	-3.180000	-0.890000	-0.620000	-0.270000	1.950000	-0.700000
5188	YOL085C  	-0.620000	-0.920000	-1.470000	-0.360000	-0.100000	1.390000	-0.560000
5207	YOL104C  	-0.020000	-1.460000	-0.250000	-0.170000	0.440000	-0.340000	0.410000
5211	YOL108C  	0.380000	0.000000	-0.230000	-1.320000	-0.390000	0.630000	0.040000
5219	YOL116W  	-1.240000	0.060000	-0.810000	-0.010000	-0.190000	0.340000	-0.540000
5223	YOL120C  	1.330000	0.630000	0.490000	0.280000	-1.990000	-0.840000	0.820000
5224	YOL121C  	-0.820000	-0.330000	0.890000	0.140000	-0.680000	-1.920000	0.010000
5226	YOL123W  	-0.540000	-0.960000	-0.120000	0.160000	0.170000	-1.310000	-0.340000
5227	YOL124C  	0.870000	0.210000	-0.270000	-0.690000	-1.150000	-1.800000	-0.090000
5228	YOL125W  	-0.070000	-0.870000	0.240000	0.000000	-1.550000	-0.300000	0.710000
5229	YOL126C  	-0.290000	-1.260000	-0.480000	-0.170000	0.550000	0.240000	0.030000
5230	YOL127W  	0.190000	1.090000	-1.250000	0.190000	-0.760000	-0.370000	-0.300000
5231	YOL128C  	0.420000	0.230000	-1.210000	0.460000	-0.320000	-1.280000	-0.970000
5234	YOL131W  	-0.170000	-2.560000	-0.860000	-0.400000	-1.290000	0.650000	0.390000
5249	YOL146W  	-0.090000	0.140000	-1.670000	-0.100000	-0.800000	-0.350000	-0.230000
5250	YOL147C  	-0.510000	0.620000	-0.450000	-1.970000	0.200000	0.820000	0.320000
5254	YOL151W  	-1.390000	-0.890000	-0.450000	-0.210000	0.480000	0.750000	-0.920000
5258	YOL155C  	-0.820000	-0.230000	-0.690000	-0.740000	-1.290000	0.620000	1.420000
5259	YOL156W  	-0.440000	0.000000	-1.200000	0.080000	0.620000	0.820000	-1.480000
5260	YOL157C  	-0.840000	-0.230000	-1.130000	0.500000	-1.310000	0.380000	1.630000
5261	YOL158C  	0.640000	-0.600000	-0.560000	0.630000	-0.060000	-1.250000	0.900000
5262	YOL159C  	-0.640000	-0.780000	-0.140000	0.060000	0.760000	1.460000	0.760000
5265	YOL162W  	0.230000	-1.290000	-0.390000	-0.300000	0.070000	0.880000	-0.260000
5266	YOL163W  	-0.590000	-1.360000	-0.760000	-0.710000	0.670000	1.300000	2.150000
5267	YOL164W  	-0.330000	-0.180000	-1.320000	-0.380000	0.100000	0.880000	0.910000
5269	YOL166C  	0.180000	-0.060000	-1.400000	0.180000	-0.450000	0.000000	1.580000
5273	YOR004W  	0.440000	1.220000	0.160000	-1.150000	-0.680000	-1.920000	0.030000
5274	YOR005C  	-1.630000	-0.670000	-0.360000	0.460000	-0.880000	0.280000	0.280000
5278	YOR008C-A	0.570000	-0.370000	-0.620000	-0.340000	-0.620000	-1.270000	-0.130000
5279	YOR009W  	-1.300000	-0.180000	-0.580000	-0.340000	-0.180000	0.980000	0.030000
5280	YOR010C  	-0.120000	-0.880000	-0.220000	-0.290000	0.160000	-1.220000	0.300000
5285	YOR015W  	-1.280000	-0.510000	-0.370000	-0.080000	0.270000	-0.350000	-0.250000
5286	YOR016C  	-0.310000	-0.060000	0.220000	0.630000	0.200000	0.490000	1.900000
5289	YOR019W  	-0.430000	-1.470000	-0.600000	0.100000	0.830000	1.380000	0.230000
5303	YOR033C  	-0.580000	-1.460000	-0.620000	-0.990000	-0.140000	-0.420000	1.660000
5312	YOR042W  	-0.440000	-1.000000	-0.720000	-0.230000	-1.400000	-2.320000	-0.450000
5319	YOR049C  	-0.520000	-0.430000	-0.230000	-0.360000	-0.980000	0.460000	1.580000
5321	YOR051C  	0.710000	0.180000	0.240000	0.250000	-0.380000	-1.250000	0.820000
5322	YOR052C  	-0.450000	-1.550000	0.480000	0.000000	1.060000	-0.740000	-0.510000
5326	YOR056C  	0.730000	-0.040000	-0.030000	-1.470000	-0.920000	-0.410000	-0.230000
5331	YOR061W  	0.080000	0.180000	0.150000	-0.040000	-0.360000	-1.560000	-0.150000
5335	YOR065W  	-0.290000	-1.180000	-1.650000	-0.480000	-1.090000	0.640000	0.910000
5338	YOR068C  	-1.400000	-0.270000	-0.930000	0.190000	-0.370000	-1.010000	-0.310000
5343	YOR073W  	0.150000	-0.530000	-0.120000	-1.410000	-1.540000	-0.740000	-0.100000
5348	YOR078W  	0.260000	0.140000	0.870000	-0.150000	-0.510000	-1.430000	-0.320000
5362	YOR092W  	-0.220000	-0.610000	-0.280000	0.190000	1.230000	0.090000	0.330000
5363	YOR093C  	-0.530000	0.140000	-0.110000	-0.110000	-1.510000	0.020000	-0.840000
5365	YOR095C  	0.050000	-0.680000	-1.050000	-1.530000	-2.060000	-2.560000	0.150000
5366	YOR096W  	0.960000	-0.230000	0.250000	-0.180000	-0.750000	-2.560000	-0.210000
5368	YOR098C  	0.250000	0.580000	-1.400000	0.030000	-0.540000	-0.490000	0.060000
5371	YOR101W  	0.670000	-0.750000	-1.130000	0.200000	-1.400000	-1.130000	0.380000
5372	YOR102W  	0.350000	-0.570000	-1.450000	1.220000	-0.790000	0.140000	0.030000
5373	YOR103C  	-1.240000	-0.760000	0.180000	0.480000	0.490000	0.070000	-0.270000
5375	YOR105W  	-1.410000	-1.090000	-0.220000	-0.140000	0.240000	0.280000	-0.030000
5389	YOR119C  	-0.930000	-0.220000	0.420000	-1.810000	-1.740000	-0.410000	0.570000
5390	YOR120W  	-0.620000	-0.890000	-0.690000	-0.260000	0.730000	1.650000	0.520000
5391	YOR121C  	-1.210000	0.090000	-0.470000	-0.610000	0.720000	0.370000	0.240000
5395	YOR125C  	-0.640000	-0.930000	-1.750000	0.160000	0.150000	-0.120000	-0.230000
5400	YOR130C  	-0.640000	-0.580000	-1.000000	0.000000	-2.560000	1.000000	0.120000
5404	YOR134W  	-1.700000	-3.060000	-3.060000	-1.600000	0.360000	1.590000	0.010000
5407	YOR137C  	-1.460000	-0.370000	0.230000	0.090000	0.320000	0.890000	-0.860000
5409	YOR139C  	0.650000	1.520000	-0.230000	-0.100000	-0.430000	-0.490000	-0.580000
5411	YOR141C  	-0.120000	-1.160000	-0.140000	-0.180000	-0.840000	-0.290000	-1.430000
5415	YOR145C  	1.260000	0.910000	0.130000	-0.570000	-1.290000	-1.130000	0.510000
5416	YOR146W  	1.030000	0.920000	0.430000	-0.670000	-1.350000	-0.710000	0.600000
5422	YOR152C  	-0.850000	-1.240000	-0.660000	0.040000	0.830000	1.690000	0.400000
5437	YOR167C  	0.760000	0.800000	0.620000	0.480000	-0.460000	-1.470000	0.120000
5439	YOR169C  	0.340000	0.540000	0.340000	-1.530000	-0.560000	-1.340000	-0.200000
5443	YOR173W  	-0.800000	-0.400000	-0.530000	0.530000	0.120000	1.450000	0.320000
5452	YOR182C  	1.310000	0.590000	0.980000	0.550000	-0.860000	-1.790000	0.270000
5453	YOR183W  	-0.670000	-0.270000	-0.520000	-1.240000	-0.280000	-0.450000	0.450000
5455	YOR185C  	-1.000000	-1.390000	-0.850000	0.360000	1.120000	1.700000	-0.080000
5460	YOR190W  	-1.330000	-0.360000	-0.180000	-0.430000	0.010000	0.810000	0.480000
5476	YOR206W  	0.570000	0.920000	0.340000	-0.610000	-1.740000	-1.680000	0.240000
5480	YOR210W  	0.390000	0.940000	0.750000	0.110000	-0.600000	-1.380000	-0.150000
5484	YOR214C  	-0.490000	-1.380000	-1.270000	-0.260000	-0.570000	0.080000	0.240000
5490	YOR220W  	-1.890000	-2.010000	-0.200000	0.950000	1.430000	1.220000	-0.510000
5494	YOR224C  	1.230000	0.890000	0.620000	-0.280000	-0.900000	-1.110000	0.400000
5504	YOR234C  	1.180000	1.010000	0.480000	-0.260000	-0.990000	-1.790000	0.360000
5505	YOR235W  	-0.050000	-1.220000	-0.690000	-0.840000	-0.090000	0.580000	-0.100000
5507	YOR237W  	-1.430000	-1.860000	-1.140000	-0.360000	1.030000	0.430000	-0.200000
5522	YOR252W  	0.830000	0.740000	0.380000	-0.640000	-0.880000	-1.290000	-0.050000
5533	YOR263C  	0.340000	0.260000	0.260000	-0.380000	-0.730000	-1.260000	0.010000
5542	YOR272W  	1.040000	0.980000	0.330000	-0.490000	-1.300000	-1.140000	0.280000
5543	YOR273C  	-1.360000	-0.920000	-0.300000	0.460000	1.230000	1.200000	0.030000
5557	YOR287C  	-0.430000	0.360000	0.100000	-0.720000	-1.250000	-2.060000	0.000000
5559	YOR289W  	-1.620000	-2.290000	-1.420000	0.390000	1.600000	1.670000	-0.010000
5563	YOR293W  	0.850000	0.640000	0.780000	0.160000	-1.090000	-2.600000	-0.320000
5564	YOR294W  	0.220000	1.160000	0.070000	-0.640000	-1.380000	-1.360000	-0.020000
5572	YOR302W  	-0.790000	-0.520000	-0.740000	-0.680000	-0.920000	1.940000	0.630000
5573	YOR303W  	-0.980000	-0.930000	-0.950000	-1.540000	-0.820000	2.820000	0.250000
5580	YOR309C  	0.370000	0.380000	0.290000	-0.440000	-1.440000	-1.970000	0.100000
5581	YOR310C  	1.280000	1.060000	0.510000	-0.750000	-1.640000	-1.790000	0.300000
5583	YOR312C  	1.420000	1.150000	0.730000	0.160000	-1.020000	-2.160000	0.190000
5587	YOR316C  	0.500000	0.540000	0.260000	-0.290000	-0.460000	0.360000	1.250000
5588	YOR317W  	-0.150000	-0.230000	-0.330000	-0.490000	0.260000	1.280000	0.330000
5611	YOR340C  	0.840000	0.590000	0.270000	-0.230000	-1.290000	-0.830000	0.620000
5630	YOR359W  	0.040000	-0.070000	0.330000	-0.390000	-0.760000	-0.420000	1.240000
5640	YOR369C  	1.050000	0.750000	0.430000	0.360000	-0.760000	-2.190000	0.400000
5645	YOR374W  	-0.040000	-0.340000	-0.320000	0.590000	0.570000	1.450000	0.590000
5646	YOR375C  	0.140000	-0.200000	0.430000	0.500000	0.440000	-1.140000	2.060000
5647	YOR376W  	-0.500000	0.030000	-0.590000	1.320000	-0.190000	-0.300000	-0.250000
5653	YOR382W  	0.180000	0.710000	0.050000	-0.720000	-2.220000	-1.810000	2.400000
5654	YOR383C  	-0.030000	0.060000	0.160000	-0.490000	-1.010000	-1.080000	2.100000
5656	YOR385W  	-2.200000	-1.860000	0.240000	0.720000	1.150000	0.510000	-0.510000
5657	YOR386W  	-1.470000	-0.410000	-0.860000	0.400000	0.120000	-0.120000	-0.400000
5658	YOR387C  	-1.270000	-0.820000	-0.240000	0.170000	0.120000	0.320000	0.140000
5662	YOR391C  	-1.220000	-2.420000	0.580000	-0.160000	0.790000	0.330000	1.210000
5663	YOR392W  	-1.640000	-0.660000	-2.050000	0.450000	-0.610000	-0.340000	-0.190000
5670	YPL005W  	-1.660000	-0.690000	-1.160000	-0.190000	-0.330000	-0.150000	-0.060000
5677	YPL012W  	-0.030000	0.360000	-0.620000	-1.080000	-1.320000	-1.040000	0.040000
5679	YPL014W  	-0.220000	-0.520000	-0.180000	-0.590000	0.370000	1.460000	0.340000
5686	YPL021W  	-1.260000	-0.750000	-0.820000	-0.960000	0.030000	-0.650000	-0.380000
5692	YPL027W  	-0.500000	-1.290000	-1.000000	-0.760000	0.320000	0.080000	0.280000
5698	YPL033C  	-1.260000	0.590000	-1.840000	-1.000000	-0.800000	0.080000	0.000000
5708	YPL043W  	0.560000	0.580000	0.000000	-0.800000	-1.510000	-1.620000	-0.230000
5709	YPL044C  	0.670000	0.750000	0.360000	-0.840000	-1.560000	-1.840000	-0.140000
5719	YPL054W  	-1.070000	-1.950000	-0.770000	-0.120000	0.220000	1.110000	1.410000
5744	YPL079W  	1.000000	0.560000	0.910000	0.570000	-0.860000	-2.130000	0.230000
5746	YPL081W  	1.000000	0.360000	0.750000	0.390000	-0.710000	-1.540000	0.200000
5747	YPL082C  	0.010000	-0.400000	-0.190000	-1.220000	-0.730000	-0.390000	-0.070000
5750	YPL085W  	-1.520000	-0.850000	0.500000	-1.070000	-0.020000	-0.240000	-0.070000
5751	YPL086C  	0.610000	0.990000	0.230000	-0.130000	-0.970000	-1.290000	-0.180000
5752	YPL087W  	-1.230000	-1.250000	-0.580000	0.660000	1.250000	1.160000	-0.070000
5753	YPL088W  	-1.250000	-1.390000	-0.680000	0.050000	1.270000	0.810000	0.380000
5755	YPL090C  	1.160000	0.910000	0.800000	0.380000	-1.120000	-2.190000	-0.070000
5765	YPL100W  	-0.160000	-1.270000	-0.610000	0.540000	-0.730000	0.020000	-0.270000
5772	YPL107W  	-1.430000	0.640000	-0.420000	-0.430000	-0.120000	-0.530000	-0.230000
5786	YPL121C  	-1.350000	-1.580000	-1.160000	-0.920000	-0.840000	-0.190000	-0.940000
5788	YPL123C  	-0.590000	-2.910000	-1.510000	0.290000	0.540000	1.470000	-0.450000
5791	YPL126W  	0.850000	0.800000	0.080000	-1.080000	-1.210000	-1.540000	0.240000
5795	YPL130W  	-0.930000	-1.170000	-1.660000	-0.380000	-1.010000	-0.320000	0.480000
5800	YPL135W  	-0.470000	-0.020000	-0.440000	-0.140000	0.190000	1.520000	0.560000
5807	YPL142C  	1.160000	0.740000	0.700000	0.170000	-0.770000	-1.790000	0.230000
5808	YPL143W  	0.980000	1.110000	0.830000	0.290000	-0.810000	-1.980000	0.060000
5811	YPL146C  	0.520000	0.380000	0.020000	-0.550000	-1.230000	-1.520000	-0.310000
5819	YPL154C  	-0.660000	-0.930000	-0.750000	0.460000	1.180000	1.650000	0.250000
5823	YPL158C  	0.640000	0.500000	0.260000	-0.580000	-1.500000	-0.960000	-0.020000
5828	YPL163C  	-0.730000	-1.110000	-0.820000	0.240000	1.410000	1.100000	0.630000
5848	YPL183C  	-0.320000	0.490000	0.300000	-0.350000	-1.220000	-1.270000	0.390000
5852	YPL187W  	-1.700000	0.080000	-0.630000	-0.460000	-0.120000	-0.370000	-0.140000
5856	YPL191C  	-1.310000	-0.660000	-0.430000	0.180000	0.570000	0.340000	0.020000
5863	YPL198W  	1.060000	1.090000	0.970000	-0.150000	-1.000000	-2.000000	0.370000
5866	YPL201C  	-2.160000	-0.690000	-0.360000	0.470000	-0.610000	-0.030000	0.040000
5876	YPL211W  	1.190000	1.020000	0.610000	-0.750000	-1.580000	-1.890000	0.340000
5882	YPL217C  	0.160000	0.030000	-0.120000	-0.660000	-1.740000	-0.940000	-0.060000
5885	YPL220W  	1.330000	1.170000	0.700000	0.370000	-0.730000	-1.450000	0.570000
5888	YPL223C  	-2.040000	-2.400000	-1.590000	-1.690000	0.180000	1.780000	0.980000
5891	YPL226W  	0.790000	0.760000	0.290000	-0.520000	-1.190000	-1.600000	0.140000
5895	YPL230W  	-0.470000	-0.850000	-0.650000	-0.750000	-0.040000	1.700000	0.130000
5931	YPL266W  	1.080000	1.130000	0.890000	-0.470000	-1.250000	-1.490000	-0.060000
5936	YPL271W  	-0.140000	-0.400000	-0.120000	-0.090000	0.620000	1.300000	0.580000
5937	YPL272C  	-1.250000	-1.670000	-0.900000	0.060000	1.050000	1.800000	0.220000
5938	YPL273W  	0.750000	0.780000	0.680000	0.240000	-0.620000	-1.950000	-0.180000
5940	YPL275W  	-0.150000	-0.030000	-1.540000	-0.490000	-0.490000	0.000000	0.000000
5941	YPL276W  	-1.230000	-0.300000	-0.390000	-0.150000	-0.640000	-0.280000	-0.060000
5945	YPL280W  	-0.940000	-1.090000	-1.320000	-0.990000	-0.510000	0.820000	0.660000
5946	YPL281C  	-1.330000	-1.660000	-0.750000	-0.920000	-0.540000	-0.540000	0.120000
5949	YPR001W  	-1.180000	-0.810000	-0.720000	-0.210000	0.190000	1.430000	0.120000
5950	YPR002W  	-1.340000	-0.520000	-0.630000	-0.620000	0.320000	1.020000	0.540000
5955	YPR007C  	-0.820000	-0.910000	-0.660000	-1.250000	-1.160000	-0.210000	0.000000
5958	YPR010C  	0.690000	0.410000	0.230000	-0.730000	-1.500000	-1.500000	0.340000
5974	YPR026W  	-1.080000	-1.540000	-0.850000	-0.400000	0.410000	1.310000	-0.210000
5978	YPR030W  	-1.450000	-1.130000	-0.780000	-1.520000	-0.090000	1.380000	0.520000
5991	YPR043W  	0.920000	0.930000	0.870000	0.470000	-0.890000	-1.970000	0.110000
5992	YPR044C  	1.040000	0.920000	0.950000	0.530000	-0.690000	-1.770000	0.410000
6016	YPR068C  	-1.510000	-0.580000	-0.370000	-0.450000	-0.400000	-0.060000	-0.230000
6026	YPR078C  	-1.300000	-1.580000	-0.980000	-0.930000	0.300000	2.220000	0.210000
6046	YPR098C  	-0.370000	-0.620000	-0.380000	0.170000	0.750000	1.240000	0.560000
6050	YPR102C  	0.790000	0.570000	0.700000	0.640000	-0.530000	-2.150000	0.080000
6053	YPR105C  	-0.340000	0.010000	0.480000	1.340000	0.040000	-0.380000	0.250000
6058	YPR110C  	0.760000	0.490000	0.630000	-0.010000	-0.770000	-1.340000	0.230000
6060	YPR112C  	0.470000	0.160000	0.020000	-1.180000	-1.710000	-1.440000	-0.100000
6080	YPR132W  	0.980000	0.660000	0.820000	0.240000	-0.630000	-1.840000	-0.220000
6084	YPR136C  	0.060000	0.140000	0.020000	-0.670000	-1.070000	-1.470000	-0.500000
6085	YPR137W  	0.810000	0.800000	0.450000	-0.840000	-1.090000	-1.520000	-0.200000
6086	YPR138C  	0.570000	0.250000	-0.660000	0.190000	-0.350000	0.030000	1.280000
6090	YPR142C  	0.330000	0.580000	0.130000	-0.340000	-1.200000	-1.500000	-0.060000
6092	YPR144C  	0.850000	0.880000	0.210000	-0.150000	-1.140000	-1.290000	0.530000
6093	YPR145W  	0.860000	0.340000	0.500000	0.380000	-0.120000	-1.240000	-0.040000
6102	YPR154W  	-0.820000	-1.000000	-0.270000	0.660000	1.270000	1.210000	-0.030000
6103	YPR155C  	-0.040000	-0.070000	0.040000	2.050000	0.440000	0.650000	0.580000
6116	YPR168W  	-0.650000	-0.290000	-0.660000	1.260000	0.120000	-0.380000	-0.070000
6132	YPR184W  	-1.630000	-1.410000	-1.190000	-0.280000	0.170000	1.760000	0.170000
6135	YPR187W  	1.280000	0.990000	0.490000	0.210000	-0.750000	-1.520000	-0.120000
6142	YPR194C  	-0.960000	-0.340000	-0.180000	-0.070000	-0.090000	0.010000	1.530000
6146	YPR198W  	-0.620000	-0.670000	-0.160000	0.740000	1.220000	1.210000	0.290000
