#	GID	5	10	15	20	30	40	60	80
24	YAL025C  	-1.890000	-2.180000	-3.470000	-3.640000	-1.180000	-1.560000	-0.760000	-0.340000
37	YAL036C  	-0.740000	-2.000000	-2.060000	-2.000000	-1.890000	-0.940000	-0.180000	-0.150000
59	YAL059W  	-1.690000	-2.320000	-0.890000	-1.600000	-1.740000	-1.940000	-1.000000	-1.060000
60	YAL060W  	1.660000	2.450000	2.930000	3.010000	2.680000	2.390000	1.830000	1.570000
61	YAL061W  	3.340000	3.100000	2.340000	3.640000	2.540000	1.910000	0.410000	0.200000
105	YAR071W  	-0.470000	-1.510000	-2.000000	-2.180000	-2.060000	-0.810000	-0.340000	-0.090000
106	YAR073W  	-0.320000	-1.430000	-1.290000	-1.600000	-1.940000	-1.180000	-0.560000	-0.540000
107	YAR075W  	-0.200000	-0.890000	-1.890000	-1.030000	-2.400000	-1.470000	-1.000000	-0.940000
109	YBL002W  	0.400000	0.430000	-0.490000	-1.090000	-1.790000	-1.790000	0.590000	0.530000
110	YBL003C  	-0.030000	-0.400000	-1.120000	-1.400000	-2.060000	-2.250000	0.180000	0.160000
112	YBL005W  	0.010000	-2.180000	-0.250000	0.240000	-0.090000	-0.150000	0.310000	0.600000
123	YBL014C  	-1.250000	-0.710000	-1.000000	-1.740000	0.420000	-0.450000	-0.230000	-0.420000
124	YBL015W  	1.060000	1.820000	2.360000	1.860000	1.290000	1.090000	0.430000	0.010000
126	YBL017C  	1.080000	-1.100000	-0.060000	0.090000	-0.450000	-0.400000	-0.690000	-2.600000
133	YBL024W  	-1.150000	-2.560000	-2.320000	-2.250000	-1.940000	-1.470000	-0.860000	-0.860000
136	YBL027W  	-0.340000	-1.640000	-2.560000	-2.000000	-1.790000	-2.060000	-0.710000	-0.090000
137	YBL028C  	-1.060000	-2.560000	-3.180000	-4.320000	-2.940000	-2.180000	-0.810000	-0.380000
148	YBL039C  	-1.120000	-5.060000	-5.060000	-4.060000	-4.640000	-2.400000	-1.120000	-0.940000
151	YBL042C  	-2.180000	-3.840000	-3.640000	-3.640000	-2.640000	-0.490000	-0.380000	-1.090000
154	YBL045C  	0.330000	0.970000	1.650000	1.600000	1.290000	0.960000	0.590000	0.590000
173	YBL064C  	2.050000	2.920000	3.570000	3.760000	3.740000	2.150000	1.270000	1.500000
176	YBL067C  	-0.400000	-1.790000	-0.690000	-0.430000	-0.540000	-0.120000	-0.320000	-0.510000
177	YBL068W  	-0.920000	-2.470000	-2.180000	-2.120000	-1.400000	-1.090000	-0.580000	-0.400000
178	YBL069W  	-0.970000	-2.060000	-0.890000	-0.580000	-0.270000	-0.140000	0.140000	0.080000
181	YBL072C  	-0.150000	-1.120000	-2.000000	-2.180000	-1.840000	-1.740000	-0.840000	-0.420000
184	YBL075C  	1.920000	2.930000	4.280000	3.840000	3.670000	2.160000	1.530000	1.410000
185	YBL076C  	-0.340000	-1.740000	-1.220000	-1.510000	-1.290000	-0.810000	-0.620000	-0.600000
187	YBL078C  	1.470000	2.420000	2.410000	2.310000	2.770000	1.550000	0.570000	0.780000
190	YBL081W  	-1.090000	-1.890000	-1.060000	-0.920000	-1.470000	-0.540000	-0.690000	-0.490000
191	YBL082C  	-1.220000	-1.740000	-2.250000	-2.560000	-1.940000	-0.890000	-0.790000	-0.840000
192	YBL083C  	-0.940000	-1.890000	-2.470000	-2.000000	-2.250000	-0.920000	-0.670000	-0.470000
196	YBL087C  	-0.450000	-1.320000	-2.000000	-2.120000	-2.000000	-1.790000	-0.740000	-0.560000
201	YBL092W  	0.000000	-0.450000	-1.470000	-1.790000	-1.400000	-1.840000	-0.740000	-0.430000
211	YBL101W-A	-0.620000	-2.840000	-0.400000	-0.270000	-0.170000	0.290000	0.240000	0.460000
224	YBR001C  	1.450000	1.750000	2.170000	2.500000	2.120000	1.660000	1.450000	1.190000
229	YBR006W  	0.780000	1.910000	3.070000	2.990000	2.650000	2.290000	1.170000	1.140000
232	YBR009C  	0.410000	0.380000	-0.690000	-1.360000	-1.430000	-2.000000	0.400000	0.280000
236	YBR012W-A	-0.140000	-1.690000	-0.010000	-0.220000	0.000000	0.380000	0.330000	0.290000
246	YBR021W  	-1.250000	-2.250000	-1.890000	-1.890000	-0.890000	0.580000	-0.030000	-0.290000
251	YBR026C  	0.780000	1.180000	2.130000	2.520000	2.420000	1.640000	1.040000	1.000000
255	YBR030W  	-1.030000	-1.840000	-1.840000	-1.290000	-1.430000	-1.470000	-0.640000	-0.270000
256	YBR031W  	-0.300000	-0.840000	-1.250000	-2.180000	-1.890000	-0.920000	-0.940000	-1.060000
259	YBR034C  	-3.180000	-4.320000	-3.320000	-3.060000	-2.740000	-2.320000	-1.640000	-1.150000
266	YBR041W  	-0.100000	0.790000	0.140000	-0.540000	-0.360000	-0.220000	-0.840000	-2.740000
273	YBR048W  	-0.390000	-1.000000	-1.540000	-1.990000	-2.150000	-1.760000	-1.150000	-1.230000
277	YBR052C  	0.930000	1.500000	2.190000	2.660000	2.580000	1.700000	1.200000	1.240000
278	YBR053C  	1.210000	2.190000	2.750000	2.750000	2.790000	2.110000	1.430000	1.110000
279	YBR054W  	1.200000	1.500000	1.840000	1.040000	1.600000	1.100000	0.820000	1.580000
281	YBR056W  	1.500000	2.120000	2.740000	2.870000	2.750000	1.560000	1.090000	1.120000
286	YBR061C  	-1.470000	-1.400000	-2.120000	-2.000000	-1.250000	-0.970000	-0.510000	-0.450000
291	YBR066C  	1.690000	0.390000	0.440000	0.710000	0.890000	0.150000	0.730000	1.000000
294	YBR069C  	-1.030000	-1.940000	-2.000000	-2.060000	-2.060000	-0.940000	-0.810000	-0.430000
297	YBR072W  	2.730000	3.430000	3.690000	3.840000	3.100000	2.610000	1.850000	1.560000
299	YBR074W  	-0.250000	-1.890000	-0.230000	-0.060000	-0.560000	-0.420000	0.100000	0.200000
304	YBR079C  	-0.640000	-2.060000	-1.600000	-2.180000	-0.560000	-0.580000	-0.580000	-0.790000
309	YBR084C-A	-0.150000	-1.290000	-2.060000	-1.640000	-1.600000	-1.640000	-0.600000	-0.010000
310	YBR084W  	-1.060000	-2.320000	-2.840000	-3.180000	-2.740000	-1.290000	-0.620000	-0.540000
314	YBR088C  	-1.510000	-1.560000	-2.250000	-3.060000	-1.840000	-0.710000	-0.180000	-0.920000
315	YBR089W  	-1.430000	-2.250000	-2.470000	-2.060000	-2.120000	-1.150000	-0.230000	-0.510000
318	YBR092C  	-0.710000	-1.640000	-2.180000	-2.120000	-2.000000	-1.000000	-0.600000	0.380000
319	YBR093C  	-0.540000	-1.430000	-1.640000	-1.890000	-1.740000	-0.710000	-0.180000	0.340000
323	YBR097W  	1.000000	0.180000	2.980000	-0.640000	-0.340000	-0.200000	0.270000	-0.270000
325	YBR099C  	2.460000	0.650000	1.690000	-0.010000	-0.220000	-0.290000	0.160000	0.010000
327	YBR101C  	3.340000	2.680000	1.340000	0.730000	0.900000	0.690000	0.830000	0.610000
331	YBR105C  	0.860000	1.340000	1.970000	1.490000	1.770000	1.520000	0.580000	0.210000
340	YBR114W  	1.130000	0.770000	1.590000	1.670000	1.100000	0.890000	0.820000	0.560000
342	YBR116C  	-0.090000	2.960000	4.820000	4.590000	4.510000	2.820000	-0.040000	-0.380000
343	YBR117C  	0.060000	2.050000	4.150000	3.270000	3.980000	2.030000	-0.400000	-0.300000
347	YBR121C  	-0.230000	-0.970000	-1.320000	-1.790000	-1.690000	-1.220000	-0.810000	-0.270000
352	YBR126C  	2.060000	3.460000	3.690000	3.440000	3.100000	1.810000	1.060000	0.910000
358	YBR132C  	1.580000	1.740000	3.070000	2.840000	2.340000	1.590000	0.770000	0.520000
363	YBR137W  	0.570000	1.290000	1.420000	1.360000	1.660000	0.320000	0.450000	0.610000
365	YBR139W  	1.130000	1.910000	2.780000	2.600000	2.290000	2.000000	0.820000	1.360000
368	YBR142W  	-1.250000	-3.180000	-3.640000	-2.320000	-2.400000	-1.400000	-0.740000	-0.340000
369	YBR143C  	-0.710000	-1.890000	-1.940000	-1.740000	-1.430000	-1.290000	-0.760000	-0.430000
373	YBR147W  	0.860000	1.700000	2.490000	2.120000	1.820000	2.760000	0.610000	0.400000
375	YBR149W  	0.440000	1.520000	1.990000	2.000000	2.180000	1.660000	0.420000	0.230000
380	YBR154C  	-0.670000	-1.890000	-1.940000	-1.000000	-0.600000	-0.920000	-0.120000	0.390000
381	YBR155W  	-1.150000	-2.120000	-2.560000	-2.060000	-1.090000	-0.760000	-0.270000	-0.250000
388	YBR162C  	-0.670000	-1.250000	-1.400000	-1.600000	-2.400000	-1.290000	-0.670000	-1.090000
396	YBR169C  	2.760000	3.320000	4.220000	3.880000	3.750000	2.980000	2.380000	1.870000
399	YBR172C  	-1.690000	-1.740000	-1.090000	-0.970000	-0.810000	-0.170000	-0.180000	-0.430000
408	YBR181C  	-0.270000	-1.600000	-2.320000	-2.180000	-1.940000	-2.000000	-0.840000	-0.180000
416	YBR189W  	-0.490000	-2.000000	-2.740000	-2.120000	-2.000000	-1.640000	-0.940000	-0.470000
418	YBR191W  	-0.360000	-1.430000	-2.250000	-2.000000	-1.940000	-1.640000	-0.840000	-0.580000
429	YBR202W  	-0.670000	-1.120000	-1.150000	-1.790000	-1.510000	-0.670000	-1.060000	-0.710000
430	YBR203W  	1.490000	1.530000	2.420000	1.950000	1.120000	0.280000	-0.180000	0.150000
457	YBR230C  	1.880000	3.360000	3.320000	3.100000	2.990000	2.210000	1.030000	1.060000
465	YBR238C  	-1.150000	-3.180000	-3.180000	-3.060000	-2.940000	-1.600000	-1.510000	-1.560000
468	YBR241C  	0.620000	1.200000	2.890000	2.690000	2.660000	2.770000	1.430000	0.970000
469	YBR242W  	-0.760000	-1.220000	-1.600000	-1.640000	-1.250000	-0.860000	-0.470000	-0.270000
471	YBR244W  	-0.560000	-1.060000	-1.560000	-1.640000	-1.250000	-1.400000	-1.360000	-1.560000
474	YBR247C  	-1.940000	-4.640000	-4.320000	-3.180000	-2.400000	-1.560000	-0.690000	-0.320000
476	YBR249C  	-0.040000	-1.030000	-1.690000	-2.060000	-2.320000	-1.790000	-0.740000	-0.430000
479	YBR252W  	-0.970000	-1.090000	-1.640000	-1.690000	-1.250000	-0.970000	-0.270000	-0.150000
493	YBR266C  	-3.640000	-3.320000	-4.060000	-3.840000	-2.940000	-1.790000	-1.180000	-0.790000
494	YBR267W  	-3.060000	-3.320000	-3.180000	-3.320000	-2.940000	-2.470000	-1.150000	-0.740000
496	YBR269C  	0.830000	1.430000	2.100000	1.700000	1.420000	0.990000	0.630000	0.600000
498	YBR271W  	-1.470000	-2.560000	-2.060000	-2.250000	-2.180000	-1.690000	-0.860000	-0.380000
514	YBR287W  	0.620000	0.940000	1.690000	1.550000	0.850000	0.990000	0.280000	0.100000
541	YCL014W  	-0.860000	-1.690000	-1.090000	-1.220000	-1.180000	-0.470000	-0.320000	-0.290000
546	YCL020W  	-0.360000	-3.060000	-0.620000	0.140000	-0.250000	-0.340000	0.250000	0.660000
559	YCL035C  	0.760000	1.890000	1.750000	2.400000	2.590000	1.560000	1.410000	1.450000
560	YCL036W  	-1.640000	-2.400000	-2.250000	-1.640000	-1.560000	-1.030000	-0.090000	0.110000
561	YCL037C  	-0.920000	-3.470000	-3.470000	-2.940000	-2.250000	-1.180000	-0.670000	-0.670000
566	YCL042W  	2.660000	3.460000	4.580000	4.300000	3.980000	3.000000	1.740000	1.650000
570	YCL046W  	-0.400000	-1.790000	-0.340000	0.840000	-0.690000	-0.380000	-0.640000	-0.400000
577	YCL054W  	-2.470000	-3.840000	-3.840000	-2.940000	-2.180000	-1.790000	-0.580000	-0.420000
582	YCL059C  	-0.290000	-1.790000	-3.640000	-4.320000	-3.320000	-2.320000	-0.560000	0.060000
584	YCL063W  	-0.860000	-0.810000	-0.890000	-1.640000	-0.890000	-1.030000	-0.640000	-0.400000
610	YCR016W  	-0.940000	-2.250000	-2.840000	-2.120000	-2.000000	-1.510000	-0.890000	0.000000
626	YCR031C  	-0.740000	-0.760000	-1.220000	-1.840000	-1.640000	-1.000000	-1.060000	-1.180000
629	YCR034W  	-0.760000	-2.120000	-1.890000	-1.790000	-1.690000	-0.890000	-0.620000	-0.740000
642	YCR047C  	-1.430000	-1.320000	-1.940000	-1.840000	-1.290000	-0.840000	-0.620000	-0.860000
646	YCR051W  	-1.000000	-1.360000	-1.600000	-1.790000	-1.430000	-0.560000	-0.760000	-0.840000
650	YCR057C  	-2.180000	-2.560000	-3.320000	-3.470000	-2.400000	-1.150000	-1.000000	-1.030000
653	YCR061W  	1.110000	1.620000	2.570000	2.210000	1.880000	2.100000	1.420000	1.200000
654	YCR062W  	1.100000	1.670000	2.420000	2.340000	1.520000	1.280000	1.550000	1.300000
663	YCR072C  	-2.560000	-2.640000	-4.320000	-3.640000	-2.940000	-2.000000	-0.810000	-0.740000
675	YCR087W  	-0.640000	-1.640000	-2.400000	-1.940000	-2.470000	-1.890000	-0.970000	-0.470000
679	YCR091W  	1.320000	1.540000	2.770000	2.500000	1.850000	0.910000	0.570000	0.770000
693	YCR106W  	-0.920000	-2.180000	-1.060000	-0.860000	-1.060000	-0.560000	-0.320000	-0.710000
697	YDL003W  	-0.620000	-1.120000	-1.840000	-1.430000	-1.400000	-0.670000	0.650000	0.390000
708	YDL014W  	-0.690000	-3.470000	-3.640000	-2.400000	-3.060000	-1.940000	-1.090000	-1.030000
715	YDL021W  	1.280000	2.020000	3.230000	3.290000	2.920000	2.830000	2.740000	2.670000
716	YDL022W  	2.750000	3.190000	3.070000	2.750000	2.280000	1.940000	1.770000	1.680000
717	YDL023C  	2.470000	2.880000	3.120000	2.570000	2.170000	2.020000	1.610000	1.430000
725	YDL031W  	-0.920000	-2.630000	-3.060000	-2.400000	-2.040000	-1.330000	-0.590000	-0.400000
746	YDL051W  	-0.400000	-1.290000	-2.560000	-2.840000	-2.400000	-2.120000	-0.580000	-0.250000
755	YDL060W  	-1.360000	-2.560000	-2.640000	-1.510000	-2.740000	-1.890000	-0.890000	-0.860000
756	YDL061C  	-0.150000	-0.470000	-1.510000	-2.400000	-1.600000	-1.640000	-1.180000	-1.090000
757	YDL062W  	-1.600000	-2.560000	-3.470000	-2.740000	-3.640000	-1.510000	-1.250000	-0.600000
758	YDL063C  	-1.150000	-1.400000	-3.320000	-3.060000	-3.320000	-2.470000	-0.970000	-1.000000
767	YDL072C  	0.380000	1.470000	1.700000	1.480000	1.140000	1.010000	0.300000	0.030000
768	YDL073W  	-0.430000	-0.370000	-1.140000	-1.820000	-0.910000	-0.430000	-1.050000	-0.760000
770	YDL075W  	-0.030000	-0.640000	-2.060000	-1.840000	-1.250000	-1.740000	-0.860000	-0.490000
776	YDL081C  	-0.170000	-0.430000	-1.510000	-2.400000	-2.560000	-2.400000	-1.560000	-1.470000
777	YDL082W  	-0.320000	-1.640000	-2.180000	-1.840000	-1.560000	-1.560000	-0.760000	-0.760000
778	YDL083C  	-0.450000	-0.860000	-0.840000	-2.470000	-1.790000	-1.740000	-1.120000	-0.920000
791	YDL096C  	-0.450000	-2.320000	-0.670000	-0.560000	-0.760000	-0.200000	0.040000	-0.100000
805	YDL110C  	1.590000	2.840000	2.950000	3.040000	2.990000	1.090000	0.980000	0.610000
817	YDL122W  	-0.790000	-2.250000	-1.400000	-1.030000	-0.920000	-0.320000	-0.430000	-0.430000
819	YDL124W  	1.630000	2.440000	3.200000	3.340000	3.010000	2.450000	1.740000	1.430000
824	YDL129W  	-0.840000	-1.790000	-1.790000	-1.840000	-2.000000	-1.560000	-1.470000	-0.760000
843	YDL148C  	-0.940000	-3.840000	-4.320000	-3.320000	-2.560000	-1.470000	-0.600000	-0.420000
845	YDL150W  	-1.640000	-3.640000	-2.940000	-2.060000	-1.510000	-1.060000	-0.670000	-0.600000
847	YDL152W  	-0.970000	-2.060000	-3.470000	-2.840000	-2.740000	-1.600000	-1.030000	-0.430000
862	YDL167C  	-2.120000	-2.840000	-3.180000	-3.320000	-2.250000	-1.060000	-0.670000	-0.670000
869	YDL174C  	-0.010000	0.500000	0.620000	0.870000	1.980000	0.900000	0.260000	-0.560000
876	YDL181W  	0.990000	2.660000	3.270000	3.030000	2.910000	2.020000	1.480000	1.360000
877	YDL182W  	-0.790000	-1.940000	-1.790000	-1.560000	-1.430000	-0.860000	-0.450000	-0.430000
879	YDL184C  	0.100000	0.060000	-0.800000	-1.220000	-1.160000	-1.900000	-1.280000	-0.970000
886	YDL191W  	-0.250000	-0.790000	-1.790000	-1.940000	-1.320000	-1.510000	-0.860000	-0.510000
894	YDL199C  	1.590000	1.660000	2.500000	1.990000	1.830000	1.240000	0.600000	0.190000
896	YDL201W  	-1.250000	-3.180000	-2.840000	-2.060000	-1.740000	-1.640000	-0.540000	-0.430000
899	YDL204W  	1.210000	2.860000	4.810000	5.100000	4.750000	3.710000	1.090000	0.960000
900	YDL205C  	-1.120000	-2.060000	-1.510000	-1.090000	-1.220000	-0.940000	-1.430000	-1.560000
917	YDL222C  	2.000000	4.400000	5.330000	5.450000	4.020000	4.110000	1.460000	0.830000
918	YDL223C  	0.000000	0.590000	2.670000	2.670000	2.470000	2.590000	0.730000	0.570000
944	YDR001C  	2.260000	2.790000	3.520000	3.240000	3.330000	2.220000	1.560000	1.430000
962	YDR019C  	0.140000	0.730000	1.950000	2.660000	3.290000	2.900000	2.520000	2.490000
963	YDR020C  	-1.150000	-2.180000	-2.320000	-1.790000	-2.000000	-1.400000	-0.920000	-0.760000
964	YDR021W  	-1.220000	-1.030000	-1.940000	-1.690000	-1.360000	-1.320000	-0.540000	-0.230000
968	YDR025W  	-0.170000	-0.790000	-1.790000	-2.180000	-1.840000	-1.560000	-1.120000	-1.120000
975	YDR032C  	0.870000	1.970000	2.420000	2.350000	2.440000	2.020000	1.530000	1.230000
980	YDR037W  	-0.170000	-1.090000	-1.890000	-2.180000	-1.840000	-1.150000	-0.740000	-1.060000
986	YDR043C  	2.000000	1.530000	1.280000	1.160000	1.020000	0.780000	0.430000	0.300000
988	YDR045C  	-0.690000	-1.250000	-1.740000	-1.690000	-0.710000	-1.220000	-0.200000	-0.220000
989	YDR046C  	-0.540000	-1.890000	-0.860000	-0.620000	-0.340000	-0.070000	-0.360000	-0.470000
1003	YDR060W  	-0.460000	-1.590000	-3.210000	-1.690000	-1.260000	-1.340000	-0.750000	-0.420000
1007	YDR064W  	-0.840000	-1.250000	-1.790000	-1.940000	-2.060000	-1.740000	-1.030000	-0.740000
1013	YDR070C  	0.330000	2.010000	2.610000	2.470000	3.190000	1.260000	0.440000	0.790000
1017	YDR074W  	3.570000	3.400000	4.160000	4.240000	3.310000	1.780000	1.890000	1.760000
1018	YDR075W  	-1.640000	-1.840000	-1.430000	-1.840000	-1.510000	-1.250000	-0.740000	-0.450000
1026	YDR083W  	-1.690000	-2.940000	-2.940000	-3.640000	-2.400000	-1.640000	-1.060000	-0.810000
1028	YDR085C  	0.760000	2.030000	2.870000	2.300000	2.580000	1.740000	0.580000	0.830000
1030	YDR087C  	-1.030000	-2.470000	-3.320000	-4.060000	-2.840000	-1.560000	-0.490000	-0.360000
1039	YDR096W  	1.910000	1.700000	2.520000	2.340000	1.480000	0.910000	-0.030000	0.180000
1040	YDR097C  	-0.510000	-1.890000	-1.890000	-2.120000	-2.180000	-0.860000	0.000000	-0.420000
1044	YDR101C  	-2.060000	-3.470000	-3.640000	-3.470000	-3.320000	-1.940000	-1.180000	-1.090000
1054	YDR111C  	-1.000000	-1.220000	-1.400000	-2.250000	-1.790000	-1.600000	-1.510000	-1.840000
1063	YDR120C  	-1.320000	-3.060000	-3.320000	-2.840000	-2.640000	-2.000000	-0.670000	-0.450000
1064	YDR121W  	-0.840000	-1.430000	-1.890000	-1.640000	-0.940000	-1.030000	-0.450000	0.140000
1065	YDR122W  	0.650000	0.520000	1.640000	1.590000	1.360000	0.770000	0.540000	0.430000
1072	YDR129C  	0.340000	0.980000	1.900000	1.590000	1.580000	1.300000	0.480000	0.110000
1076	YDR133C  	1.570000	2.350000	1.960000	0.820000	0.770000	0.210000	-0.040000	0.110000
1087	YDR144C  	-0.430000	-2.400000	-2.320000	-1.690000	-2.000000	-0.920000	-0.710000	-0.640000
1095	YDR152W  	-0.430000	-1.560000	-1.890000	-1.320000	-1.060000	-1.150000	-0.360000	0.150000
1108	YDR165W  	-1.030000	-2.940000	-3.320000	-2.840000	-2.640000	-1.690000	-0.640000	-0.450000
1114	YDR171W  	6.110000	6.160000	5.890000	5.530000	4.860000	3.300000	3.380000	3.310000
1115	YDR172W  	-0.560000	-1.940000	-1.220000	-0.670000	-0.640000	-0.270000	0.360000	0.330000
1123	YDR179W-A	-0.620000	-1.640000	-1.470000	-0.890000	-0.860000	-0.510000	-0.150000	-0.010000
1128	YDR184C  	-2.320000	-2.740000	-3.840000	-3.060000	-1.940000	-1.690000	-0.320000	0.190000
1142	YDR198C  	-1.320000	-1.640000	-1.120000	-0.580000	-0.710000	-0.360000	-0.200000	-0.150000
1148	YDR204W  	0.570000	1.590000	2.260000	2.240000	1.880000	1.310000	0.870000	0.810000
1150	YDR206W  	-0.860000	-1.690000	-1.400000	-1.250000	-1.320000	-0.710000	-0.320000	-0.170000
1155	YDR211W  	-0.620000	-1.890000	-1.690000	-1.090000	-0.970000	-0.580000	-0.180000	-0.100000
1158	YDR214W  	2.350000	2.530000	3.090000	3.190000	2.980000	2.700000	2.540000	2.610000
1166	YDR222W  	-0.030000	-0.890000	-1.000000	-0.790000	-0.380000	1.280000	1.890000	1.460000
1168	YDR224C  	0.140000	-0.220000	-0.970000	-0.890000	-1.250000	-1.740000	0.300000	0.380000
1169	YDR225W  	0.080000	-0.150000	-1.120000	-1.600000	-2.000000	-2.250000	-0.230000	-0.230000
1191	YDR247W  	1.130000	1.420000	1.650000	1.010000	0.610000	0.700000	-0.060000	-0.150000
1202	YDR258C  	4.350000	3.980000	4.670000	3.610000	4.390000	3.340000	3.170000	3.370000
1203	YDR259C  	0.850000	1.170000	1.590000	1.710000	1.530000	0.840000	0.340000	0.190000
1216	YDR272W  	0.650000	0.980000	1.200000	1.690000	1.580000	0.690000	0.910000	1.110000
1241	YDR297W  	0.100000	-0.400000	-0.860000	-1.740000	-1.430000	-0.490000	0.250000	-0.170000
1256	YDR312W  	-1.560000	-3.840000	-3.470000	-2.400000	-1.690000	-1.150000	-0.290000	0.110000
1268	YDR324C  	-1.890000	-3.470000	-3.640000	-2.840000	-2.640000	-1.890000	-0.860000	-0.560000
1269	YDR325W  	-0.120000	-0.740000	-0.430000	-0.540000	-0.400000	1.800000	-0.340000	0.040000
1283	YDR339C  	-1.090000	-1.790000	-1.690000	-1.430000	-1.180000	-1.470000	-0.510000	-0.340000
1286	YDR342C  	2.730000	3.860000	4.660000	4.270000	3.830000	1.820000	-0.060000	0.340000
1287	YDR343C  	2.410000	4.020000	4.590000	3.710000	3.780000	2.270000	0.060000	0.150000
1290	YDR346C  	-1.060000	-2.120000	-1.400000	-1.430000	-1.790000	-1.690000	-0.790000	-0.320000
1302	YDR358W  	1.850000	1.680000	2.410000	2.580000	2.280000	0.810000	1.010000	1.100000
1305	YDR361C  	-0.790000	-2.470000	-3.060000	-3.470000	-2.740000	-1.940000	-0.940000	-0.490000
1309	YDR365C  	-0.810000	-1.560000	-2.120000	-2.060000	-1.840000	-1.180000	-0.400000	-0.270000
1329	YDR385W  	-0.140000	-1.360000	-1.120000	-1.740000	-1.840000	-1.150000	-0.740000	-0.670000
1332	YDR388W  	0.700000	0.580000	1.550000	1.850000	1.200000	1.550000	1.170000	0.920000
1335	YDR391C  	0.560000	1.840000	2.670000	2.170000	2.240000	1.540000	0.460000	0.190000
1339	YDR395W  	-1.510000	-1.360000	-1.640000	-1.890000	-1.320000	-0.380000	-0.140000	-0.320000
1343	YDR399W  	-2.180000	-3.840000	-4.060000	-4.320000	-3.060000	-1.320000	-1.290000	-1.180000
1356	YDR412W  	-1.470000	-3.470000	-2.940000	-2.120000	-2.120000	-2.000000	-0.860000	-0.510000
1357	YDR413C  	-1.400000	-2.840000	-2.740000	-2.400000	-1.940000	-1.690000	-0.890000	-0.490000
1362	YDR418W  	-0.270000	-1.320000	-1.940000	-2.000000	-1.840000	-1.940000	-0.920000	-0.320000
1373	YDR429C  	-0.640000	-1.790000	-2.180000	-1.600000	-1.360000	-1.360000	-0.640000	-0.740000
1384	YDR440W  	-0.890000	-1.740000	-1.150000	-0.920000	-1.060000	-0.790000	-0.270000	-0.180000
1391	YDR447C  	-0.670000	-1.090000	-2.120000	-2.320000	-1.840000	-1.560000	-0.940000	-0.760000
1393	YDR449C  	-3.180000	-2.640000	-3.470000	-3.320000	-2.250000	-1.510000	-0.890000	-0.810000
1394	YDR450W  	-0.250000	-1.290000	-2.120000	-2.000000	-1.890000	-2.120000	-1.000000	-0.430000
1398	YDR454C  	-0.430000	-1.030000	-1.290000	-1.510000	-1.890000	-1.790000	-0.290000	-0.060000
1415	YDR471W  	-0.840000	-1.740000	-2.470000	-2.840000	-1.360000	-1.360000	-0.890000	-0.740000
1418	YDR474C  	0.640000	1.070000	1.750000	1.730000	1.400000	1.520000	0.610000	0.670000
1435	YDR491C  	-1.940000	-2.000000	-2.840000	-3.640000	-2.640000	-1.510000	-0.760000	-0.920000
1440	YDR496C  	-2.570000	-3.250000	-5.640000	-3.980000	-3.250000	-2.400000	-1.100000	-0.790000
1444	YDR500C  	-0.890000	-1.690000	-2.000000	-1.600000	-1.560000	-1.740000	-0.580000	-0.450000
1460	YDR516C  	2.780000	3.480000	3.660000	3.320000	2.320000	0.880000	0.910000	0.960000
1468	YDR524C  	-1.400000	-2.740000	-1.640000	-0.940000	-1.000000	-0.690000	-0.640000	-0.510000
1470	YDR526C  	-0.740000	-2.320000	-1.740000	-1.060000	-1.060000	-0.760000	-0.100000	0.250000
1472	YDR528W  	-1.150000	-2.120000	-1.790000	-1.250000	-0.890000	0.080000	0.070000	-0.090000
1477	YDR533C  	0.650000	1.940000	2.450000	2.610000	2.850000	2.350000	1.170000	0.770000
1530	YEL040W  	-1.000000	-1.640000	-1.180000	-0.970000	-1.290000	-0.710000	-0.920000	-1.090000
1536	YEL046C  	-0.860000	-1.790000	-1.790000	-1.890000	-1.890000	-0.940000	-0.640000	-0.620000
1544	YEL054C  	-0.420000	-1.600000	-2.320000	-2.120000	-1.890000	-1.600000	-1.000000	-0.860000
1545	YEL055C  	-0.770000	-2.110000	-2.420000	-1.840000	-1.890000	-1.430000	-0.920000	-0.700000
1551	YEL060C  	1.780000	2.280000	3.180000	3.240000	2.700000	2.260000	1.260000	1.140000
1566	YEL075C  	-0.740000	-1.740000	-0.970000	-0.740000	-0.790000	-0.170000	-0.290000	-0.490000
1572	YER002W  	-0.600000	-1.090000	-1.720000	-1.600000	-0.870000	-1.890000	-0.380000	0.420000
1576	YER006W  	-0.690000	-2.470000	-2.840000	-2.840000	-3.180000	-2.180000	-0.890000	-0.840000
1597	YER025W  	-0.340000	-2.060000	-2.180000	-1.940000	-1.640000	-0.890000	-0.760000	-0.620000
1608	YER036C  	-0.230000	-1.600000	-1.640000	-1.470000	-1.560000	-0.860000	-0.180000	-0.250000
1610	YER038C  	1.650000	2.030000	1.770000	2.480000	1.860000	0.960000	1.250000	1.730000
1622	YER049W  	-0.970000	-3.470000	-2.940000	-2.320000	-1.940000	-1.150000	-0.600000	-0.270000
1626	YER053C  	2.220000	2.390000	2.600000	2.640000	1.870000	0.820000	0.710000	1.060000
1628	YER055C  	-0.400000	-1.320000	-1.740000	-1.790000	-1.790000	-0.810000	-0.600000	-0.740000
1629	YER056C  	-1.940000	-3.640000	-2.640000	-2.320000	-2.180000	-0.760000	-0.740000	-0.740000
1634	YER060W  	-0.720000	-1.660000	-1.520000	-1.600000	-1.460000	-0.540000	-0.590000	-0.670000
1643	YER067W  	4.120000	4.090000	5.520000	5.610000	4.740000	2.150000	1.140000	0.900000
1646	YER070W  	-1.000000	-3.840000	-3.470000	-2.640000	-2.320000	-0.170000	0.790000	0.000000
1650	YER074W  	-0.670000	-1.890000	-2.250000	-2.060000	-1.840000	-1.740000	-0.890000	-0.490000
1658	YER082C  	-1.090000	-3.640000	-3.060000	-2.250000	-1.940000	-1.360000	-0.400000	-0.180000
1662	YER086W  	-0.340000	-1.740000	-1.740000	-1.890000	-1.940000	-1.320000	-0.640000	-0.420000
1668	YER091C  	-0.890000	-2.560000	-0.510000	0.900000	2.460000	3.090000	1.640000	0.960000
1674	YER096W  	0.380000	0.570000	1.300000	1.340000	1.700000	0.880000	0.360000	-0.200000
1680	YER102W  	-0.400000	-1.060000	-1.790000	-2.250000	-1.740000	-1.640000	-1.030000	-0.690000
1681	YER103W  	4.930000	5.860000	6.210000	4.960000	5.140000	2.610000	1.960000	1.680000
1683	YER105C  	-0.450000	-1.690000	-0.340000	-0.100000	-0.200000	0.240000	0.380000	0.410000
1694	YER117W  	-0.430000	-1.320000	-2.060000	-1.890000	-1.840000	-1.740000	-0.580000	-0.230000
1696	YER119C  	0.850000	1.470000	2.560000	2.290000	2.040000	1.980000	1.600000	1.280000
1704	YER126C  	-1.360000	-2.560000	-3.320000	-2.640000	-2.560000	-1.470000	-0.690000	-0.490000
1705	YER127W  	-1.470000	-2.940000	-3.060000	-2.400000	-1.890000	-1.510000	-0.270000	-0.070000
1707	YER129W  	-1.060000	-1.890000	-0.920000	-0.760000	-1.030000	-0.970000	-0.510000	-0.340000
1709	YER131W  	0.150000	-0.740000	-2.000000	-1.790000	-1.790000	-2.000000	-0.220000	-0.170000
1719	YER141W  	0.540000	0.730000	1.740000	1.780000	1.080000	1.060000	0.700000	0.620000
1721	YER143W  	0.490000	0.750000	1.390000	1.650000	1.230000	1.100000	0.900000	0.700000
1734	YER156C  	-1.320000	-2.120000	-2.640000	-2.840000	-2.400000	-1.290000	-1.120000	-1.360000
1743	YER165W  	-0.560000	-2.640000	-2.250000	-2.180000	-2.180000	-1.560000	-0.840000	-0.940000
1749	YER171W  	-0.490000	-1.690000	-1.060000	-0.760000	-0.620000	-0.710000	-0.340000	0.110000
1767	YER189W  	-0.710000	-2.470000	-1.180000	-0.540000	-0.710000	0.110000	-0.120000	-0.290000
1770	YFL002C  	-1.430000	-2.470000	-2.400000	-2.120000	-1.640000	-1.150000	-0.560000	-0.470000
1783	YFL014W  	4.720000	5.870000	6.690000	6.750000	6.900000	5.840000	5.720000	4.980000
1785	YFL016C  	2.900000	3.030000	2.860000	2.740000	1.930000	1.260000	1.710000	1.470000
1792	YFL023W  	-1.290000	-2.060000	-2.000000	-1.840000	-1.250000	-0.580000	0.070000	0.190000
1798	YFL029C  	-0.070000	1.040000	0.720000	0.700000	0.970000	0.600000	-2.180000	0.400000
1810	YFL042C  	0.650000	0.900000	2.010000	2.180000	1.900000	1.300000	1.000000	0.760000
1812	YFL044C  	-0.150000	0.500000	1.370000	1.690000	1.360000	1.290000	1.130000	0.840000
1813	YFL045C  	-0.290000	-0.710000	-1.120000	-1.740000	-1.890000	-1.000000	-0.470000	-0.470000
1837	YFR001W  	-0.860000	-2.120000	-2.740000	-2.250000	-1.560000	-1.840000	-0.670000	0.000000
1850	YFR014C  	1.030000	1.510000	1.920000	2.180000	1.610000	0.300000	0.390000	0.490000
1851	YFR015C  	2.970000	2.960000	4.020000	3.290000	1.760000	1.050000	0.120000	0.400000
1853	YFR017C  	3.170000	3.430000	3.910000	3.460000	2.000000	1.330000	0.520000	0.720000
1869	YFR031C-A	-0.320000	-1.150000	-2.060000	-2.400000	-2.180000	-1.560000	-0.810000	-0.690000
1876	YFR038W  	-1.180000	-1.150000	-1.120000	-1.640000	-0.940000	-0.690000	-0.600000	-0.740000
1891	YFR053C  	3.570000	4.700000	5.720000	4.840000	4.530000	1.960000	0.750000	1.650000
1909	YGL014W  	-1.740000	-2.470000	-1.400000	-1.360000	-1.740000	-1.220000	-0.740000	-0.890000
1923	YGL028C  	-1.840000	-1.510000	-0.180000	0.180000	-0.090000	0.160000	0.100000	-0.300000
1924	YGL029W  	-2.120000	-2.320000	-4.640000	-3.640000	-2.320000	-2.250000	-0.890000	-0.100000
1925	YGL030W  	-0.430000	-1.030000	-1.840000	-2.320000	-2.320000	-2.000000	-1.030000	-0.840000
1926	YGL031C  	-0.250000	-1.030000	-2.120000	-2.470000	-2.000000	-1.890000	-0.940000	-0.400000
1932	YGL037C  	3.270000	4.380000	4.720000	4.700000	4.250000	3.150000	1.990000	2.070000
1942	YGL047W  	0.490000	1.660000	1.710000	1.560000	1.830000	1.580000	0.560000	0.580000
1950	YGL055W  	-1.120000	-2.400000	-2.740000	-2.840000	-2.940000	-1.840000	-0.380000	-0.120000
1971	YGL076C  	-0.510000	-1.510000	-2.180000	-2.120000	-2.060000	-2.000000	-1.000000	-0.640000
1973	YGL078C  	-2.120000	-5.640000	-4.640000	-3.840000	-3.060000	-2.000000	-0.970000	-0.560000
1994	YGL099W  	-0.580000	-1.890000	-2.470000	-2.470000	-0.860000	-1.120000	-0.450000	-0.620000
1997	YGL102C  	0.040000	-0.710000	-1.400000	-1.560000	-1.740000	-1.470000	-0.380000	-0.150000
1998	YGL103W  	-0.690000	-0.810000	-1.470000	-1.840000	-1.320000	-1.220000	-0.430000	-0.340000
2015	YGL120C  	-0.710000	-2.470000	-3.470000	-3.320000	-2.940000	-1.600000	-0.510000	-0.490000
2018	YGL123W  	-0.290000	-1.090000	-1.890000	-2.560000	-2.120000	-1.740000	-1.120000	-0.970000
2020	YGL125W  	0.410000	0.900000	1.180000	0.870000	1.450000	1.860000	1.060000	0.440000
2030	YGL135W  	-0.180000	-1.060000	-1.840000	-2.320000	-2.400000	-1.890000	-1.030000	-0.790000
2042	YGL147C  	-0.220000	-1.090000	-2.560000	-3.060000	-2.640000	-1.940000	-0.970000	-0.400000
2043	YGL148W  	-0.400000	-1.470000	-1.890000	-2.060000	-2.180000	-1.740000	-0.510000	-0.420000
2049	YGL154C  	-0.200000	-0.710000	2.070000	0.040000	0.120000	-0.170000	-0.220000	-0.030000
2051	YGL156W  	0.200000	0.570000	3.430000	3.340000	4.120000	3.370000	1.870000	1.320000
2064	YGL169W  	-2.120000	-2.940000	-1.940000	-2.320000	-1.640000	-0.580000	-0.840000	-0.890000
2066	YGL171W  	-1.940000	-3.840000	-4.640000	-4.320000	-3.060000	-1.560000	-0.840000	-0.640000
2075	YGL180W  	0.580000	0.480000	1.680000	1.850000	1.430000	1.420000	0.780000	0.610000
2084	YGL189C  	0.080000	-0.360000	-1.560000	-1.790000	-1.180000	-1.560000	-0.430000	-0.270000
2130	YGL234W  	-0.180000	-1.940000	-1.560000	-1.690000	-1.690000	-0.540000	-0.100000	-0.340000
2131	YGL235W  	-1.220000	-2.120000	-0.890000	-0.860000	0.080000	0.410000	-0.040000	-0.140000
2132	YGL236C  	-1.690000	-2.320000	-0.920000	-0.490000	-0.070000	0.250000	-0.040000	-0.030000
2144	YGL248W  	0.340000	0.400000	1.760000	1.710000	2.110000	1.480000	0.720000	0.840000
2146	YGL250W  	0.860000	0.980000	1.660000	1.340000	1.200000	0.420000	0.100000	0.030000
2150	YGL254W  	-0.250000	-1.790000	-0.420000	-0.300000	-0.030000	-0.100000	0.140000	0.030000
2151	YGL255W  	-0.760000	-0.890000	-1.740000	-1.790000	-1.890000	-1.510000	-1.740000	-1.360000
2152	YGL256W  	-0.540000	-1.640000	-0.710000	-0.760000	-0.840000	-0.420000	-0.150000	-0.100000
2155	YGL259W  	0.780000	1.350000	2.470000	2.250000	2.250000	2.090000	0.560000	0.580000
2173	YGR014W  	-0.920000	-1.640000	-0.580000	-0.790000	-0.560000	0.370000	0.210000	-0.040000
2178	YGR019W  	0.680000	1.550000	2.820000	2.770000	2.560000	2.090000	2.240000	1.980000
2182	YGR023W  	0.900000	1.130000	1.960000	1.430000	0.930000	0.600000	0.590000	0.510000
2186	YGR027C  	0.060000	-0.690000	-1.470000	-1.640000	-1.430000	-1.640000	-0.430000	-0.400000
2189	YGR030C  	-1.250000	-0.670000	-1.220000	-2.250000	-1.740000	2.200000	-1.090000	-0.380000
2193	YGR034W  	-0.510000	-1.220000	-2.470000	-2.250000	-2.000000	-1.430000	-1.180000	-0.710000
2194	YGR035C  	0.430000	-0.840000	-1.840000	-1.290000	-1.840000	-1.640000	-0.340000	0.160000
2200	YGR041W  	-1.090000	-1.690000	-0.600000	-0.270000	-0.670000	-0.270000	0.070000	-0.360000
2211	YGR052W  	4.900000	3.200000	3.890000	2.850000	3.180000	1.420000	1.180000	0.930000
2220	YGR061C  	-0.630000	-2.830000	-2.400000	-1.420000	-0.760000	-0.350000	-0.010000	-0.260000
2228	YGR069W  	-1.320000	-0.670000	-1.790000	-0.380000	-0.840000	-0.840000	-0.890000	-0.690000
2238	YGR079W  	-4.060000	-4.320000	-2.940000	-3.470000	-3.470000	-1.840000	-0.450000	0.010000
2240	YGR081C  	-1.220000	-2.400000	-1.840000	-1.400000	-0.740000	-0.970000	-0.230000	0.140000
2242	YGR083C  	-0.760000	-2.400000	-1.690000	-0.970000	-0.840000	-0.580000	-0.010000	-0.070000
2244	YGR085C  	-0.290000	-1.740000	-2.250000	-2.000000	-1.600000	-1.560000	-0.420000	0.030000
2245	YGR086C  	0.630000	1.320000	1.700000	1.650000	1.010000	0.410000	-0.140000	-0.290000
2247	YGR088W  	3.950000	5.210000	6.170000	5.900000	5.430000	3.610000	1.560000	1.240000
2248	YGR089W  	-1.030000	-2.120000	-0.640000	-0.470000	-0.540000	-0.140000	-0.360000	-0.300000
2249	YGR090W  	-1.430000	-2.560000	-1.640000	-1.290000	-1.150000	-0.860000	-0.690000	-0.760000
2262	YGR103W  	-0.920000	-3.320000	-5.060000	-5.060000	-5.060000	-3.320000	-1.560000	-1.120000
2270	YGR111W  	0.660000	1.060000	1.530000	1.720000	1.430000	1.070000	0.850000	0.860000
2277	YGR118W  	-0.140000	-0.690000	-1.710000	-1.690000	-1.600000	-1.500000	-0.750000	-0.430000
2282	YGR123C  	-0.750000	-2.430000	-3.850000	-3.330000	-2.480000	-1.840000	-0.740000	-0.710000
2286	YGR127W  	1.030000	1.360000	1.900000	1.990000	1.280000	0.920000	0.690000	0.460000
2287	YGR128C  	-1.760000	-3.400000	-3.160000	-3.120000	-2.320000	-1.420000	-0.740000	-0.710000
2289	YGR130C  	1.450000	1.770000	2.330000	2.490000	2.040000	0.990000	0.800000	0.870000
2295	YGR136W  	1.260000	1.920000	2.050000	1.970000	1.430000	1.090000	1.040000	0.880000
2296	YGR137W  	1.050000	1.780000	1.680000	1.850000	1.410000	1.120000	0.740000	0.480000
2300	YGR141W  	1.720000	0.970000	0.650000	0.530000	0.080000	0.410000	0.420000	0.530000
2301	YGR142W  	5.920000	5.150000	3.800000	3.710000	3.130000	2.210000	2.680000	2.760000
2304	YGR145W  	-1.040000	-3.250000	-5.640000	-5.480000	-4.640000	-2.500000	-1.110000	-0.580000
2305	YGR146C  	1.520000	1.730000	1.520000	1.230000	1.320000	1.480000	1.150000	1.170000
2307	YGR148C  	-0.380000	-1.090000	-2.160000	-2.220000	-1.920000	-1.840000	-1.060000	-0.510000
2308	YGR149W  	0.170000	0.810000	1.930000	1.890000	1.640000	1.340000	0.550000	0.620000
2310	YGR151C  	-1.000000	-1.080000	-1.900000	-1.460000	-1.620000	-1.060000	-0.620000	-0.600000
2311	YGR152C  	-1.120000	-1.190000	-1.740000	-1.840000	-1.470000	-0.990000	-0.640000	-0.640000
2317	YGR158C  	-1.140000	-1.740000	-1.790000	-1.360000	-1.200000	-1.160000	-0.430000	-0.550000
2319	YGR160W  	-3.740000	-5.640000	-6.140000	-5.640000	-6.140000	-4.350000	-2.610000	-2.480000
2321	YGR162W  	-0.830000	-2.850000	-2.500000	-2.580000	-2.430000	-1.980000	-1.180000	-1.140000
2332	YGR173W  	-0.570000	-2.160000	-2.710000	-1.760000	-1.270000	-0.820000	0.050000	0.220000
2335	YGR176W  	-0.940000	-1.460000	-2.180000	-2.090000	-1.860000	-0.730000	-0.880000	-0.690000
2347	YGR188C  	-0.300000	-0.850000	-0.840000	-0.840000	-1.030000	-1.690000	0.260000	0.070000
2349	YGR190C  	-1.170000	-1.980000	-0.970000	-1.270000	-1.290000	-0.680000	-0.680000	-0.920000
2350	YGR191W  	-1.000000	-2.150000	-1.110000	-1.140000	-1.070000	-0.570000	-0.490000	-0.430000
2353	YGR194C  	1.810000	2.400000	2.950000	2.510000	2.370000	1.310000	0.960000	1.020000
2359	YGR200C  	-1.190000	-2.290000	-2.560000	-2.360000	-1.840000	-1.070000	-0.610000	-0.680000
2364	YGR205W  	0.990000	0.980000	1.890000	2.040000	1.410000	1.090000	-0.150000	-0.150000
2370	YGR211W  	3.050000	0.860000	-0.600000	-1.020000	-1.420000	-1.020000	-0.230000	-0.150000
2373	YGR214W  	-0.510000	-1.220000	-2.000000	-2.430000	-2.060000	-1.340000	-0.690000	-0.700000
2388	YGR229C  	-0.900000	-1.760000	-1.340000	-0.830000	-0.940000	-0.820000	-0.510000	-0.190000
2393	YGR234W  	-0.270000	-1.220000	-2.360000	-2.950000	-3.400000	-3.400000	-2.650000	-2.440000
2396	YGR237C  	0.960000	0.980000	1.600000	1.760000	1.260000	0.410000	0.320000	0.430000
2403	YGR244C  	0.420000	1.310000	2.030000	2.020000	2.500000	2.140000	1.530000	1.380000
2404	YGR245C  	-0.960000	-3.080000	-5.350000	-5.350000	-5.640000	-3.640000	-1.450000	-1.060000
2407	YGR248W  	4.420000	5.100000	5.870000	5.930000	5.920000	4.580000	2.840000	2.670000
2409	YGR250C  	3.430000	3.610000	2.210000	1.600000	1.400000	1.310000	1.150000	1.370000
2415	YGR256W  	0.140000	0.740000	1.840000	2.010000	2.750000	1.600000	0.270000	0.210000
2423	YGR264C  	-0.570000	-1.740000	-1.790000	-2.220000	-1.740000	-1.090000	-0.810000	-0.860000
2424	YGR265W  	-0.360000	-2.430000	-1.810000	-1.920000	-1.790000	-1.520000	-0.750000	-0.530000
2427	YGR268C  	0.400000	1.480000	1.720000	1.380000	1.310000	1.100000	0.450000	0.300000
2431	YGR272C  	-1.760000	-1.700000	-2.290000	-2.470000	-1.520000	-1.180000	-0.840000	-0.200000
2439	YGR280C  	-0.840000	-2.060000	-2.940000	-2.430000	-2.640000	-2.810000	-0.980000	-0.540000
2442	YGR283C  	-2.620000	-3.660000	-3.030000	-1.940000	-1.560000	-1.120000	-0.540000	-0.380000
2445	YGR286C  	-0.990000	-1.670000	-1.560000	-1.940000	-1.170000	-0.760000	-0.170000	-0.320000
2456	YHL001W  	-0.250000	-1.140000	-1.870000	-1.710000	-1.580000	-1.420000	-0.620000	-0.370000
2466	YHL011C  	-1.070000	-2.600000	-2.950000	-2.520000	-2.110000	-1.490000	-0.380000	-0.460000
2467	YHL012W  	-1.310000	-2.030000	-2.320000	-2.750000	-2.620000	-1.890000	-1.570000	-1.200000
2470	YHL015W  	0.200000	-0.200000	-1.060000	-1.300000	-1.790000	-1.790000	-0.490000	-0.200000
2476	YHL021C  	4.020000	5.160000	5.680000	5.480000	4.560000	3.150000	1.960000	1.720000
2479	YHL024W  	1.170000	1.870000	3.120000	2.490000	2.560000	1.680000	1.090000	1.030000
2488	YHL033C  	-0.220000	-1.430000	-2.000000	-2.110000	-2.220000	-1.660000	-0.390000	-0.340000
2494	YHL039W  	-0.670000	-1.760000	-1.810000	-1.840000	-1.810000	-1.040000	-0.930000	-0.560000
2517	YHR010W  	-0.700000	-1.740000	-2.700000	-2.300000	-1.740000	-1.840000	-1.060000	-0.350000
2526	YHR019C  	-0.310000	-1.340000	-1.260000	-1.670000	-1.820000	-1.740000	-0.690000	-0.760000
2527	YHR020W  	-0.810000	-1.920000	-2.790000	-3.250000	-2.640000	-1.200000	-0.840000	-0.560000
2528	YHR021C  	-1.180000	-1.460000	-2.140000	-1.870000	-2.060000	-2.000000	-1.290000	-0.970000
2538	YHR030C  	0.050000	0.520000	1.210000	1.230000	1.930000	1.120000	0.630000	0.350000
2539	YHR031C  	-0.150000	-1.890000	-1.200000	-0.940000	-1.230000	-0.740000	-0.030000	0.250000
2541	YHR033W  	0.520000	0.840000	1.710000	1.470000	0.940000	0.070000	-0.290000	-0.170000
2548	YHR040W  	-0.890000	-2.180000	-2.040000	-2.160000	-1.810000	-1.560000	-0.510000	-0.470000
2550	YHR042W  	-0.800000	-2.060000	-1.270000	-1.540000	-1.540000	-1.190000	-0.340000	-0.580000
2561	YHR052W  	-2.560000	-4.190000	-4.480000	-3.560000	-2.770000	-2.210000	-0.940000	-0.690000
2571	YHR062C  	-1.190000	-1.950000	-2.310000	-1.920000	-1.720000	-0.840000	-0.180000	-0.300000
2574	YHR065C  	-1.710000	-3.510000	-3.180000	-2.520000	-1.220000	-0.470000	-0.200000	0.150000
2575	YHR066W  	-1.580000	-3.080000	-3.850000	-3.060000	-2.600000	-1.340000	-0.100000	0.000000
2578	YHR069C  	-1.300000	-1.380000	-1.520000	-2.090000	-0.940000	-0.420000	-0.420000	-0.020000
2579	YHR070W  	-1.500000	-3.120000	-2.670000	-2.070000	-1.900000	-1.150000	-0.580000	-0.610000
2581	YHR072W  	-0.860000	-2.520000	-1.540000	-1.240000	-1.170000	-0.500000	-0.070000	-0.180000
2588	YHR079C  	-0.810000	-1.710000	-0.550000	-0.330000	-0.690000	-0.390000	-0.210000	-0.050000
2590	YHR081W  	-0.350000	-1.250000	-2.190000	-1.220000	-1.500000	-0.510000	-0.730000	-0.060000
2594	YHR085W  	-1.280000	-1.600000	-1.640000	-0.780000	-2.250000	-0.150000	-0.330000	-0.560000
2596	YHR087W  	4.610000	5.560000	5.510000	5.220000	4.730000	1.000000	2.140000	1.870000
2597	YHR088W  	-1.790000	-2.850000	-5.350000	-4.640000	-3.560000	-1.940000	-0.580000	-0.500000
2598	YHR089C  	-1.450000	-3.660000	-4.640000	-3.690000	-3.480000	-1.890000	-1.870000	-1.760000
2603	YHR094C  	0.560000	-1.360000	-1.790000	-1.680000	-1.980000	-0.380000	-0.460000	-0.320000
2605	YHR096C  	1.850000	3.860000	5.380000	4.370000	4.540000	2.790000	0.160000	0.010000
2613	YHR104W  	2.880000	4.100000	4.760000	4.680000	4.470000	3.520000	2.490000	2.290000
2628	YHR119W  	-0.600000	-2.250000	-0.850000	-0.430000	-0.590000	-0.420000	0.100000	0.180000
2637	YHR128W  	-0.550000	-1.300000	-1.740000	-1.970000	-1.810000	-1.380000	-1.170000	-1.000000
2645	YHR136C  	-1.120000	-0.350000	-0.200000	-0.810000	-0.560000	-0.340000	-0.650000	-2.180000
2646	YHR137W  	1.770000	3.650000	4.780000	3.790000	2.800000	1.250000	0.410000	0.420000
2651	YHR141C  	-0.820000	-1.690000	-2.480000	-1.680000	-1.500000	-1.320000	-0.720000	-0.470000
2654	YHR143W-A	-0.860000	-1.940000	-2.320000	-1.740000	-1.600000	-1.290000	-0.170000	-0.380000
2655	YHR144C  	-0.830000	-1.720000	-1.810000	-1.290000	-1.180000	-1.030000	-0.260000	-0.380000
2659	YHR148W  	-1.500000	-2.060000	-3.210000	-2.090000	-2.160000	-1.180000	-0.420000	-0.420000
2672	YHR161C  	0.920000	1.180000	1.690000	1.360000	1.360000	0.860000	0.500000	0.430000
2680	YHR169W  	-2.090000	-2.690000	-4.190000	-3.400000	-3.000000	-1.680000	-0.680000	-0.490000
2681	YHR170W  	-1.360000	-4.190000	-5.640000	-4.640000	-3.950000	-2.560000	-1.510000	-1.220000
2684	YHR173C  	-0.210000	0.050000	-0.980000	-1.180000	-1.720000	-0.870000	-0.260000	-0.200000
2704	YHR193C  	0.120000	-0.120000	-0.940000	-0.850000	-0.900000	-1.790000	-0.360000	-0.120000
2707	YHR196W  	-2.460000	-5.640000	-4.640000	-3.560000	-2.790000	-1.790000	-1.030000	-0.890000
2708	YHR197W  	-1.840000	-3.690000	-3.950000	-3.470000	-2.890000	-1.860000	-1.200000	-1.020000
2714	YHR203C  	-0.300000	-1.040000	-1.690000	-2.090000	-1.740000	-1.670000	-0.880000	-0.780000
2715	YHR204W  	-1.160000	-2.610000	-1.620000	-1.330000	-1.340000	-0.730000	-0.840000	-0.530000
2717	YHR206W  	-1.410000	-2.270000	-1.360000	-1.250000	-1.340000	-0.910000	-0.790000	-0.680000
2719	YHR208W  	-0.290000	-1.740000	-1.860000	-1.580000	-1.300000	-0.710000	-0.620000	-0.580000
2720	YHR209W  	0.580000	1.580000	2.420000	2.430000	2.820000	2.360000	0.890000	0.900000
2728	YHR215W  	-0.580000	-1.710000	-1.840000	-2.290000	-2.120000	-1.190000	-0.800000	-0.470000
2740	YIL008W  	-0.110000	-0.230000	-1.430000	-1.890000	-1.200000	-2.070000	-0.340000	-0.110000
2742	YIL009W  	-0.890000	-1.890000	-0.810000	-0.790000	-0.380000	-0.260000	-0.060000	0.070000
2744	YIL011W  	0.130000	-0.540000	-0.840000	-0.980000	-1.670000	-1.060000	-1.120000	-1.220000
2751	YIL018W  	-0.500000	-1.360000	-1.890000	-2.480000	-2.150000	-1.320000	-1.020000	-0.730000
2752	YIL019W  	-0.880000	-2.790000	-4.690000	-3.620000	-2.790000	-2.010000	-0.500000	0.150000
2763	YIL030C  	-0.810000	-1.690000	-0.770000	-1.020000	-0.760000	-0.070000	-0.330000	-0.600000
2766	YIL033C  	0.370000	0.930000	1.740000	1.540000	1.090000	0.560000	0.340000	0.370000
2778	YIL045W  	1.850000	0.790000	1.000000	1.070000	1.030000	0.150000	0.460000	0.610000
2780	YIL047C  	-1.200000	-2.610000	-1.540000	-1.380000	-1.120000	-0.240000	-0.170000	0.080000
2785	YIL052C  	-0.310000	-0.910000	-2.220000	-2.190000	-1.810000	-2.010000	-0.890000	-0.320000
2788	YIL055C  	1.700000	2.060000	1.000000	2.380000	0.650000	0.750000	0.780000	0.920000
2789	YIL056W  	1.660000	0.700000	0.860000	0.200000	-0.110000	0.050000	-0.350000	-0.010000
2797	YIL064W  	-0.900000	-1.220000	-2.560000	-2.790000	-1.920000	-1.670000	-0.820000	-0.510000
2811	YIL078W  	-0.300000	-1.040000	-1.020000	-1.560000	-1.690000	-1.360000	-0.660000	-0.600000
2812	YIL079C  	-1.920000	-4.350000	-4.000000	-2.140000	-2.190000	-1.340000	-0.570000	-0.240000
2820	YIL087C  	1.210000	1.140000	2.220000	1.910000	2.110000	0.990000	0.100000	-0.010000
2825	YIL092W  	-0.740000	-2.360000	-1.280000	-0.970000	-0.790000	-1.370000	-0.640000	-1.000000
2827	YIL094C  	-0.540000	-1.650000	-1.160000	-1.180000	-0.720000	-0.490000	0.320000	0.500000
2829	YIL096C  	-1.050000	-2.960000	-3.030000	-2.560000	-2.100000	-1.790000	-0.430000	-0.270000
2834	YIL101C  	3.310000	3.670000	3.850000	3.410000	3.430000	2.540000	1.140000	0.640000
2836	YIL103W  	-1.700000	-1.410000	-1.400000	-2.190000	-1.140000	-0.710000	-0.410000	-0.400000
2837	YIL104C  	-1.650000	-2.290000	-1.580000	-1.460000	-0.950000	-1.290000	-0.320000	-0.100000
2840	YIL107C  	0.870000	1.630000	1.840000	1.930000	2.480000	1.850000	1.070000	0.840000
2844	YIL111W  	1.370000	2.360000	2.600000	2.440000	2.760000	1.870000	1.460000	1.340000
2846	YIL113W  	1.920000	2.370000	2.530000	2.150000	1.930000	1.260000	0.250000	0.140000
2850	YIL117C  	0.610000	1.310000	1.960000	2.070000	2.200000	2.070000	0.980000	0.610000
2854	YIL121W  	-0.500000	-0.780000	-0.250000	-0.800000	-1.090000	-0.940000	-1.890000	-1.940000
2857	YIL124W  	0.820000	1.590000	2.020000	2.160000	1.680000	1.040000	0.870000	0.840000
2860	YIL127C  	-1.840000	-2.030000	-2.940000	-3.250000	-2.120000	-1.650000	-0.790000	-0.420000
2863	YIL130W  	-0.920000	-1.710000	-0.690000	-0.310000	-0.420000	-0.510000	0.150000	0.210000
2864	YIL131C  	-0.400000	-0.680000	-1.290000	-2.090000	-1.690000	-1.070000	-0.170000	0.150000
2866	YIL133C  	-0.490000	-1.140000	-2.060000	-2.690000	-2.000000	-1.360000	-0.910000	-1.060000
2869	YIL136W  	2.420000	3.860000	4.510000	4.480000	4.150000	2.190000	2.260000	2.130000
2873	YIL140W  	-0.630000	-1.740000	-1.080000	-1.010000	-0.670000	0.300000	0.240000	-0.400000
2875	YIL142W  	-0.830000	-1.690000	-0.860000	-0.560000	-0.670000	-0.450000	-0.330000	-0.190000
2880	YIL147C  	-0.960000	-1.940000	-1.150000	-1.060000	-1.140000	-0.320000	-0.470000	-0.460000
2881	YIL148W  	-0.920000	-1.480000	-1.790000	-1.470000	-1.810000	-1.600000	-1.190000	-0.750000
2891	YIL158W  	-1.140000	-1.000000	-1.710000	-1.140000	-1.380000	-1.790000	-1.050000	0.010000
2922	YIR012W  	-0.810000	-1.810000	-1.890000	-1.920000	-1.470000	-1.400000	-0.430000	-0.380000
2924	YIR014W  	1.080000	1.890000	1.580000	1.160000	1.180000	0.410000	0.250000	0.250000
2926	YIR016W  	1.630000	2.580000	2.180000	1.890000	1.540000	0.300000	0.300000	0.170000
2927	YIR017C  	1.890000	1.140000	1.380000	1.390000	1.980000	0.820000	1.010000	0.680000
2936	YIR026C  	-1.110000	-1.790000	-2.840000	-4.080000	-2.890000	-2.250000	-1.180000	-1.220000
2948	YIR038C  	0.620000	1.910000	2.670000	2.370000	2.610000	2.510000	1.210000	0.490000
2949	YIR039C  	1.210000	1.930000	3.440000	3.240000	2.910000	2.440000	1.480000	1.160000
2964	YJL010C  	-1.070000	-2.110000	-2.530000	-2.470000	-2.100000	-1.080000	-1.030000	-0.860000
2971	YJL017W  	0.200000	0.300000	1.670000	1.670000	1.210000	1.040000	0.460000	0.310000
2974	YJL020C  	0.480000	0.290000	1.560000	1.640000	1.560000	1.460000	0.590000	0.430000
2975	YJL021C  	0.590000	1.300000	1.920000	2.010000	1.610000	1.250000	0.750000	0.670000
2987	YJL033W  	-1.170000	-2.940000	-2.770000	-2.020000	-2.630000	-2.320000	-0.900000	-0.750000
2988	YJL034W  	1.200000	1.880000	2.130000	1.020000	1.120000	1.350000	1.430000	0.970000
3003	YJL050W  	-0.690000	-2.490000	-2.120000	-2.020000	-1.980000	-1.760000	-0.510000	-0.920000
3019	YJL066C  	1.110000	1.840000	2.290000	2.480000	2.510000	1.610000	1.160000	0.930000
3021	YJL068C  	0.400000	0.970000	1.800000	1.950000	2.130000	2.030000	1.510000	1.040000
3022	YJL069C  	-2.000000	-3.350000	-3.060000	-3.130000	-2.320000	-1.420000	-0.690000	-0.630000
3029	YJL076W  	-0.420000	-2.450000	-1.250000	-1.060000	-1.000000	-0.560000	-0.340000	-0.320000
3033	YJL080C  	-0.320000	-2.160000	-1.310000	-1.150000	-1.560000	-1.170000	-0.540000	-0.740000
3035	YJL082W  	1.660000	1.250000	1.950000	1.450000	1.470000	0.720000	0.600000	0.490000
3040	YJL087C  	-1.000000	-1.810000	-1.400000	-1.070000	-1.220000	-0.730000	-0.050000	-0.150000
3045	YJL092W  	-0.740000	-1.760000	-0.900000	-0.800000	-1.170000	-0.420000	0.190000	0.150000
3051	YJL098W  	-1.480000	-2.580000	-3.390000	-1.670000	-1.320000	-0.730000	0.100000	-0.070000
3062	YJL109C  	-0.970000	-2.540000	-3.450000	-2.770000	-2.750000	-1.670000	-1.060000	-0.810000
3064	YJL111W  	-0.840000	-1.790000	-1.270000	-0.860000	-1.200000	-1.290000	-0.640000	-0.620000
3075	YJL122W  	-2.560000	-2.690000	-3.410000	-2.640000	-3.060000	-1.810000	-1.180000	-0.960000
3078	YJL125C  	-1.540000	-1.820000	-2.190000	-2.060000	-1.740000	-1.250000	-0.600000	-0.350000
3083	YJL130C  	-0.400000	-1.870000	-1.890000	-1.490000	-1.440000	-0.510000	0.190000	-0.240000
3089	YJL136C  	-0.640000	-1.540000	-2.060000	-1.520000	-1.510000	-1.700000	-0.630000	-0.430000
3094	YJL141C  	2.100000	1.540000	2.240000	2.040000	1.350000	0.210000	0.400000	0.570000
3097	YJL144W  	3.790000	3.550000	2.720000	2.560000	2.530000	1.510000	0.740000	1.670000
3101	YJL148W  	-1.740000	-3.950000	-2.920000	-2.750000	-2.640000	-1.810000	-1.110000	-0.600000
3110	YJL157C  	-2.790000	-2.480000	-2.060000	-2.150000	-1.470000	-0.800000	-1.340000	-1.030000
3112	YJL159W  	0.040000	0.680000	1.900000	1.950000	1.870000	1.580000	0.520000	0.120000
3116	YJL163C  	1.380000	2.130000	2.910000	2.000000	1.990000	0.880000	0.430000	0.280000
3130	YJL177W  	-0.570000	-1.180000	-2.000000	-2.430000	-1.840000	-1.630000	-0.990000	-0.840000
3141	YJL188C  	-0.220000	-0.850000	-1.980000	-1.670000	-1.450000	-1.490000	-0.420000	-0.250000
3142	YJL189W  	-0.430000	-0.660000	-1.940000	-1.890000	-1.640000	-1.760000	-1.050000	-0.460000
3143	YJL190C  	-0.410000	-1.380000	-2.400000	-2.560000	-1.520000	-1.810000	-0.940000	-0.710000
3151	YJL198W  	-1.110000	-2.940000	-2.640000	-2.480000	-2.430000	-1.220000	-0.430000	-0.580000
3153	YJL200C  	-0.740000	-2.890000	-4.060000	-2.470000	-2.290000	-1.020000	0.240000	0.140000
3160	YJL208C  	-1.650000	-2.960000	-2.600000	-2.260000	-2.030000	-1.160000	-0.690000	-0.700000
3164	YJL212C  	-1.310000	-2.290000	-1.340000	-1.020000	-1.320000	-0.740000	-0.750000	-0.960000
3165	YJL213W  	0.860000	1.800000	2.110000	1.880000	1.510000	1.260000	0.870000	0.800000
3169	YJL217W  	0.990000	2.290000	2.920000	2.870000	2.770000	2.380000	1.490000	0.840000
3178	YJR002W  	-1.320000	-3.600000	-3.770000	-2.840000	-2.680000	-2.160000	-0.890000	-0.490000
3179	YJR003C  	-1.640000	-2.400000	-2.520000	-2.650000	-2.030000	-1.340000	-1.090000	-0.720000
3183	YJR007W  	-0.900000	-1.920000	-1.740000	-1.860000	-1.840000	-1.630000	-1.420000	-1.310000
3193	YJR016C  	-0.300000	-1.620000	-2.180000	-2.480000	-2.190000	-1.840000	-0.610000	-0.320000
3203	YJR026W  	-0.320000	-1.890000	-0.180000	0.070000	0.090000	0.320000	0.080000	0.400000
3205	YJR028W  	-0.220000	-1.940000	-0.180000	0.010000	0.030000	0.260000	0.120000	0.190000
3218	YJR041C  	-2.050000	-3.580000	-3.270000	-2.380000	-2.190000	-1.560000	-0.690000	-0.810000
3222	YJR045C  	0.910000	0.810000	1.780000	1.430000	1.230000	0.770000	0.820000	0.570000
3223	YJR046W  	1.400000	1.680000	1.390000	0.460000	0.490000	0.740000	0.590000	0.420000
3232	YJR055W  	-0.640000	-1.140000	-1.690000	-1.220000	-0.920000	-0.750000	-0.250000	-0.250000
3236	YJR059W  	1.580000	1.820000	2.430000	2.460000	1.940000	1.120000	1.020000	1.060000
3240	YJR063W  	-1.520000	-2.430000	-2.850000	-2.160000	-1.990000	-1.380000	-0.400000	-0.500000
3243	YJR066W  	0.200000	2.100000	3.240000	2.420000	2.230000	2.080000	0.150000	-0.090000
3247	YJR070C  	-1.180000	-3.510000	-5.060000	-4.850000	-3.640000	-1.870000	-0.580000	-0.790000
3248	YJR071W  	-0.890000	-2.940000	-3.840000	-2.870000	-2.900000	-1.840000	-0.740000	-0.510000
3249	YJR072C  	-0.440000	-0.760000	-1.510000	-1.710000	-0.860000	-0.370000	0.370000	0.320000
3250	YJR073C  	0.340000	1.800000	2.520000	2.470000	2.420000	2.140000	1.300000	0.820000
3267	YJR091C  	0.700000	0.630000	1.780000	1.200000	0.950000	0.940000	0.250000	0.160000
3273	YJR096W  	0.690000	2.290000	2.960000	3.280000	3.250000	1.280000	1.170000	1.370000
3274	YJR097W  	-1.770000	-0.540000	-2.420000	-3.060000	-2.220000	-0.830000	-0.260000	-0.200000
3300	YJR123W  	-0.400000	-1.170000	-2.000000	-2.610000	-2.120000	-1.560000	-1.340000	-1.220000
3306	YJR129C  	-0.630000	-1.100000	-1.090000	-1.890000	-1.360000	-1.630000	-0.040000	-0.440000
3309	YJR132W  	-0.560000	-3.330000	-1.760000	-1.150000	-1.270000	-0.910000	-0.040000	-0.380000
3320	YJR143C  	-0.750000	-1.610000	-1.060000	-1.890000	-1.460000	-0.690000	-0.600000	-0.840000
3322	YJR145C  	-0.620000	-1.090000	-1.510000	-2.290000	-1.870000	-1.580000	-0.960000	-0.890000
3324	YJR147W  	-1.300000	-1.590000	-0.860000	-1.640000	-1.100000	-0.320000	-0.380000	-0.430000
3325	YJR148W  	0.100000	0.380000	1.530000	1.880000	2.030000	1.360000	1.040000	0.550000
3326	YJR149W  	0.340000	0.710000	1.580000	1.390000	1.730000	1.360000	0.410000	-0.150000
3327	YJR150C  	-0.360000	-1.000000	-1.110000	-1.220000	-1.520000	-1.000000	-1.410000	-3.050000
3340	YKL001C  	0.120000	0.400000	-0.470000	-0.920000	0.030000	0.090000	0.060000	1.810000
3343	YKL004W  	-1.110000	-2.160000	-2.120000	-2.160000	-2.290000	-1.470000	-0.760000	-0.710000
3346	YKL006W  	-0.640000	-1.030000	-2.000000	-2.790000	-2.060000	-1.350000	-0.970000	-0.780000
3349	YKL009W  	-1.760000	-3.510000	-4.060000	-3.640000	-3.060000	-2.320000	-1.090000	-0.600000
3354	YKL014C  	-0.280000	-0.720000	-1.890000	-1.840000	-1.670000	-0.670000	-0.560000	-0.250000
3361	YKL021C  	-1.340000	-2.790000	-2.600000	-2.030000	-2.090000	-1.790000	-0.920000	-0.720000
3364	YKL024C  	-0.730000	-0.620000	-1.380000	-1.890000	-1.690000	-1.240000	-0.350000	-0.510000
3369	YKL029C  	-0.760000	-2.420000	-3.470000	-2.560000	-1.840000	0.380000	1.000000	0.390000
3370	YKL030W  	-0.920000	-1.470000	-1.970000	-2.400000	-1.580000	0.640000	0.790000	-0.050000
3376	YKL036C  	1.700000	2.020000	3.370000	2.590000	2.250000	1.420000	0.260000	0.250000
3396	YKL056C  	-0.600000	-0.420000	-0.970000	-1.950000	-2.090000	-1.430000	-1.170000	-1.000000
3402	YKL062W  	0.620000	1.090000	2.120000	1.390000	0.930000	-0.230000	0.040000	-0.140000
3405	YKL065C  	0.160000	0.980000	1.630000	1.720000	1.580000	0.910000	0.190000	0.160000
3407	YKL067W  	0.420000	1.050000	1.570000	1.650000	1.660000	0.880000	0.860000	0.600000
3408	YKL068W  	-1.240000	-2.020000	-0.860000	-1.170000	-1.050000	-0.930000	-0.490000	-0.390000
3418	YKL078W  	-2.750000	-2.360000	-3.840000	-5.350000	-3.740000	-2.740000	-1.580000	-1.740000
3421	YKL081W  	-0.100000	-0.910000	-0.990000	-1.700000	-2.320000	-2.160000	-1.400000	-1.290000
3422	YKL082C  	-1.510000	-2.640000	-2.940000	-2.600000	-1.690000	-1.380000	-0.580000	-0.200000
3425	YKL085W  	0.700000	1.690000	2.320000	2.580000	2.040000	1.510000	0.940000	0.510000
3431	YKL091C  	1.900000	2.900000	3.810000	3.820000	3.260000	2.280000	1.160000	1.110000
3433	YKL093W  	0.660000	1.040000	2.270000	1.840000	1.450000	0.860000	0.380000	0.120000
3436	YKL096W  	1.190000	3.190000	4.040000	3.650000	3.710000	4.240000	2.240000	1.720000
3439	YKL099C  	-1.690000	-3.180000	-4.640000	-3.840000	-3.320000	-1.940000	-0.890000	-0.270000
3440	YKL100C  	0.480000	0.670000	1.660000	1.460000	0.800000	0.480000	0.040000	-0.060000
3443	YKL103C  	1.560000	3.440000	4.220000	4.080000	4.130000	3.890000	2.250000	1.940000
3453	YKL113C  	-0.620000	-1.420000	-2.150000	-1.900000	-1.840000	-1.120000	0.120000	-0.070000
3460	YKL120W  	-1.430000	-1.790000	-1.640000	-1.030000	-1.000000	-0.340000	-0.200000	0.030000
3462	YKL122C  	-0.810000	-1.360000	-1.890000	-0.920000	-1.150000	-1.180000	-0.600000	-0.230000
3465	YKL125W  	-1.360000	-1.840000	-1.360000	-1.430000	-1.090000	-0.710000	-0.250000	0.010000
3483	YKL143W  	-1.430000	-3.640000	-5.060000	-4.640000	-4.640000	-2.320000	-0.810000	-0.340000
3484	YKL144C  	-0.640000	-1.560000	-2.320000	-1.640000	-1.360000	-0.860000	-0.030000	0.080000
3488	YKL148C  	1.700000	2.510000	2.990000	2.650000	2.550000	2.140000	1.000000	0.830000
3490	YKL150W  	1.690000	2.350000	2.710000	3.020000	2.510000	1.490000	0.930000	1.180000
3503	YKL163W  	-0.170000	0.520000	1.540000	1.420000	1.660000	1.200000	0.080000	-0.510000
3506	YKL166C  	-0.740000	-1.740000	-1.470000	-1.180000	-0.960000	-0.950000	0.080000	-0.430000
3516	YKL176C  	-1.150000	-2.320000	-1.360000	-1.150000	-1.250000	-1.060000	-0.790000	-0.540000
3520	YKL180W  	-0.290000	-1.320000	-1.940000	-2.000000	-1.840000	-1.290000	-0.560000	-0.360000
3527	YKL187C  	0.600000	1.410000	2.950000	2.310000	1.890000	0.620000	-0.300000	0.110000
3531	YKL191W  	-1.120000	-2.470000	-2.640000	-2.940000	-2.400000	-0.790000	-0.490000	-0.470000
3533	YKL193C  	0.930000	1.940000	1.800000	1.870000	1.950000	1.240000	1.160000	1.060000
3535	YKL195W  	0.290000	0.860000	1.300000	1.480000	1.720000	0.520000	0.490000	0.440000
3575	YKR011C  	1.940000	2.320000	2.560000	3.080000	2.810000	1.450000	1.380000	1.360000
3577	YKR013W  	-0.430000	-1.430000	-1.890000	-1.640000	-1.180000	0.370000	0.900000	0.240000
3588	YKR024C  	-3.640000	-3.320000	-3.640000	-3.470000	-2.250000	-1.290000	-0.920000	-0.670000
3607	YKR043C  	-0.430000	-0.950000	-1.640000	-1.690000	-1.760000	-1.380000	-0.660000	-0.540000
3608	YKR044W  	-1.290000	-1.360000	-1.250000	-1.790000	-0.920000	-0.450000	-0.560000	-0.600000
3609	YKR045C  	-0.470000	-0.890000	-0.230000	-0.470000	-0.600000	1.280000	-0.230000	1.790000
3610	YKR046C  	-0.320000	0.950000	1.430000	1.430000	2.080000	2.070000	0.250000	0.100000
3620	YKR056W  	-2.940000	-4.060000	-4.320000	-3.840000	-3.060000	-1.740000	-1.150000	-0.840000
3621	YKR057W  	-0.540000	-1.400000	-2.400000	-1.940000	-2.000000	-2.000000	-0.760000	-0.510000
3622	YKR058W  	2.200000	2.400000	2.790000	2.110000	1.740000	0.480000	-0.070000	0.250000
3623	YKR059W  	-0.150000	-1.150000	-1.220000	-1.290000	-1.890000	-1.560000	-0.540000	-0.380000
3624	YKR060W  	-1.890000	-2.940000	-2.940000	-2.470000	-2.000000	-1.510000	-0.640000	-0.140000
3630	YKR066C  	0.890000	2.170000	2.310000	1.380000	1.430000	1.850000	0.680000	0.120000
3631	YKR067W  	1.200000	1.390000	2.620000	2.340000	1.740000	1.210000	0.700000	0.500000
3639	YKR075C  	2.330000	-0.300000	-0.540000	-0.320000	-0.470000	-0.840000	-0.340000	0.140000
3643	YKR079C  	-2.000000	-3.640000	-3.060000	-2.000000	-1.740000	-0.710000	-0.540000	-0.360000
3645	YKR081C  	-1.840000	-4.320000	-4.640000	-3.320000	-2.840000	-1.740000	-0.670000	-0.220000
3646	YKR082W  	-0.560000	-2.000000	-0.740000	-0.670000	-0.640000	-0.230000	0.110000	0.070000
3656	YKR092C  	-0.840000	-2.250000	-2.400000	-2.640000	-2.180000	-0.890000	-0.380000	-0.620000
3658	YKR094C  	-0.300000	-0.790000	-1.740000	-2.180000	-1.640000	-1.600000	-0.890000	-0.920000
3663	YKR099W  	-2.000000	-3.640000	-3.180000	-2.120000	-1.790000	-1.400000	-0.430000	-0.360000
3678	YLL008W  	-0.840000	-2.840000	-5.060000	-5.060000	-3.840000	-1.790000	-0.600000	-0.560000
3686	YLL016W  	-0.710000	-2.000000	-1.090000	-0.890000	-0.470000	-0.380000	-0.250000	-0.320000
3690	YLL020C  	1.060000	1.840000	1.980000	1.750000	1.710000	1.080000	0.790000	0.700000
3692	YLL022C  	-0.600000	-0.790000	-1.400000	-1.890000	-1.470000	-1.030000	-0.180000	-0.690000
3693	YLL023C  	0.060000	0.640000	1.970000	2.040000	1.800000	1.250000	0.500000	0.060000
3694	YLL024C  	1.050000	1.510000	1.930000	1.370000	1.180000	0.560000	0.490000	0.360000
3696	YLL026W  	4.530000	4.820000	5.680000	5.240000	4.800000	3.490000	3.170000	2.830000
3704	YLL034C  	-1.320000	-1.090000	-1.790000	-2.120000	-1.600000	-1.220000	-0.690000	-0.540000
3705	YLL035W  	-1.180000	-2.740000	-2.120000	-1.790000	-2.180000	-1.470000	-0.640000	-0.760000
3709	YLL039C  	2.310000	3.280000	3.740000	3.400000	3.470000	1.990000	1.560000	1.710000
3711	YLL041C  	1.240000	2.090000	2.470000	2.570000	1.880000	1.340000	0.910000	0.910000
3714	YLL044W  	-0.140000	-1.030000	-1.940000	-2.560000	-2.400000	-1.890000	-0.860000	-0.710000
3715	YLL045C  	-0.150000	-1.250000	-1.940000	-2.120000	-2.400000	-1.840000	-0.380000	-0.360000
3724	YLL054C  	-0.810000	-1.740000	-1.640000	-2.120000	-1.120000	-0.560000	-0.340000	-0.360000
3728	YLL058W  	0.150000	0.590000	0.990000	0.300000	0.820000	2.040000	0.670000	0.320000
3739	YLR002C  	-1.690000	-4.640000	-4.320000	-3.060000	-2.640000	-1.560000	-0.620000	-0.270000
3746	YLR009W  	-2.640000	-3.180000	-5.060000	-4.640000	-3.320000	-2.060000	-1.150000	-1.220000
3754	YLR017W  	-0.810000	-0.890000	-1.840000	-2.320000	-1.560000	-0.710000	-0.300000	-0.450000
3757	YLR020C  	-0.740000	-1.740000	-0.890000	-0.540000	-0.760000	-0.710000	0.030000	-0.090000
3766	YLR029C  	-0.100000	-0.740000	-1.690000	-1.890000	-1.740000	-1.890000	-0.920000	-0.510000
3785	YLR048W  	-0.640000	-2.060000	-2.060000	-2.400000	-2.120000	-1.510000	-1.030000	-0.840000
3788	YLR051C  	-1.360000	-0.430000	-2.180000	-1.600000	-1.150000	-1.220000	-0.340000	0.150000
3793	YLR056W  	-0.740000	-1.890000	-1.790000	-1.940000	-1.430000	-0.380000	0.250000	0.150000
3795	YLR058C  	0.140000	-0.380000	0.290000	0.420000	1.790000	2.300000	1.810000	1.400000
3798	YLR061W  	-1.400000	-1.360000	-1.890000	-2.250000	-1.790000	-1.640000	-1.150000	-1.120000
3799	YLR062C  	-0.470000	-1.430000	-2.400000	-2.400000	-2.060000	-2.250000	-0.920000	-0.760000
3800	YLR063W  	-2.470000	-1.470000	-1.940000	-2.400000	-1.740000	-1.060000	-0.620000	-1.060000
3810	YLR073C  	-1.560000	-1.740000	-2.000000	-2.000000	-2.000000	-1.600000	-0.790000	-0.970000
3811	YLR074C  	-1.640000	-2.120000	-2.560000	-2.840000	-2.180000	-1.740000	-1.320000	-1.560000
3812	YLR075W  	0.110000	-0.490000	-1.220000	-1.430000	-1.150000	-1.890000	-0.450000	-0.220000
3813	YLR076C  	-0.300000	-0.150000	-1.250000	-1.790000	-1.430000	-1.220000	-0.840000	-0.560000
3817	YLR080W  	0.770000	2.180000	2.470000	2.340000	3.040000	1.960000	1.360000	1.270000
3820	YLR083C  	-1.000000	-2.940000	-2.060000	-2.060000	-2.250000	-0.040000	-1.030000	-1.090000
3821	YLR084C  	-0.860000	-1.740000	-0.940000	-1.250000	-0.970000	-0.580000	-0.740000	-0.380000
3866	YLR129W  	-2.320000	-4.640000	-4.320000	-3.060000	-2.840000	-1.600000	-0.640000	-0.270000
3883	YLR146C  	-1.740000	-1.360000	-2.060000	-2.640000	-1.740000	-1.320000	-1.890000	-1.150000
3887	YLR150W  	-0.250000	-0.540000	-1.120000	-1.840000	-1.690000	-1.470000	-0.810000	-0.840000
3889	YLR152C  	1.110000	1.700000	2.440000	1.690000	0.950000	0.960000	0.240000	0.520000
3904	YLR167W  	-0.230000	-0.760000	-1.690000	-1.600000	-1.890000	-2.120000	-0.890000	-0.470000
3909	YLR172C  	-0.600000	-0.920000	-1.470000	-2.000000	-1.690000	-1.290000	-0.760000	-0.760000
3912	YLR175W  	-0.970000	-4.640000	-4.320000	-3.640000	-2.740000	-2.180000	-1.120000	-0.760000
3914	YLR177W  	2.460000	2.420000	3.110000	2.610000	1.940000	0.930000	0.760000	0.770000
3915	YLR178C  	2.890000	5.010000	5.830000	5.950000	6.020000	4.870000	2.730000	2.330000
3917	YLR180W  	-1.120000	-3.470000	-3.320000	-3.060000	-1.510000	-0.540000	-0.940000	-1.030000
3920	YLR183C  	-0.600000	-2.320000	-2.120000	-1.940000	-2.060000	-1.400000	0.040000	-0.640000
3922	YLR185W  	-0.360000	-1.640000	-2.120000	-1.740000	-1.470000	-1.640000	-0.790000	-0.670000
3923	YLR186W  	-1.890000	-3.060000	-2.740000	-2.250000	-1.840000	-1.740000	-0.760000	-0.740000
3933	YLR196W  	-2.120000	-5.060000	-5.640000	-5.060000	-3.470000	-2.060000	-1.430000	-1.220000
3934	YLR197W  	-1.060000	-4.320000	-5.060000	-4.060000	-3.470000	-2.640000	-1.320000	-0.810000
3935	YLR198C  	-1.150000	-3.060000	-4.640000	-4.640000	-3.180000	-2.180000	-1.430000	-1.180000
3942	YLR205C  	0.490000	1.630000	2.360000	2.230000	2.160000	1.060000	1.110000	0.730000
3951	YLR214W  	-2.000000	-2.400000	-1.560000	-2.120000	-1.940000	-0.970000	-1.250000	-1.640000
3953	YLR216C  	1.970000	2.760000	3.280000	2.840000	2.900000	2.390000	2.290000	1.720000
3959	YLR222C  	-2.740000	-5.060000	-6.640000	-4.320000	-2.640000	-1.400000	-0.810000	-0.740000
3986	YLR249W  	-0.420000	-2.560000	-3.060000	-3.180000	-3.840000	-1.940000	-1.000000	-0.890000
3988	YLR251W  	1.890000	2.980000	3.630000	3.580000	2.670000	1.600000	1.700000	1.540000
3989	YLR252W  	1.950000	3.080000	3.290000	2.670000	2.680000	1.170000	0.920000	1.060000
3995	YLR258W  	2.960000	4.040000	4.420000	4.240000	3.450000	2.670000	1.590000	1.610000
3996	YLR259C  	1.210000	1.590000	2.410000	2.430000	2.030000	2.420000	2.200000	1.700000
4001	YLR264W  	-0.220000	-0.380000	-1.290000	-1.790000	-1.430000	-1.180000	-0.760000	-0.760000
4007	YLR270W  	0.890000	2.160000	2.620000	2.630000	2.780000	2.070000	1.000000	0.870000
4013	YLR276C  	-1.470000	-4.060000	-4.320000	-3.840000	-2.940000	-2.640000	-0.970000	-0.890000
4024	YLR287C  	-0.270000	-1.740000	-1.510000	-0.690000	-0.790000	0.000000	-0.140000	0.230000
4037	YLR299W  	0.310000	0.290000	1.570000	1.720000	1.640000	1.490000	1.070000	0.760000
4041	YLR303W  	-0.380000	-1.090000	-0.560000	-0.180000	0.860000	1.930000	1.380000	0.770000
4042	YLR304C  	0.700000	0.780000	2.090000	2.230000	2.570000	2.170000	0.700000	0.080000
4064	YLR325C  	-0.170000	-1.180000	-2.120000	-1.740000	-1.600000	-1.180000	-0.840000	-0.320000
4066	YLR327C  	5.580000	6.030000	5.760000	5.740000	5.520000	3.340000	2.430000	3.460000
4075	YLR336C  	-1.060000	-2.120000	-1.940000	-1.640000	-0.670000	-0.490000	0.000000	-0.090000
4076	YLR338W  	0.450000	-1.250000	1.430000	1.330000	1.470000	1.940000	0.630000	0.440000
4077	YLR339C  	0.260000	-0.340000	-0.940000	-1.640000	-2.180000	-1.640000	-0.600000	-0.840000
4078	YLR340W  	0.070000	-0.040000	-0.670000	-1.940000	-1.940000	-0.920000	-0.920000	-0.970000
4080	YLR342W  	-0.540000	-2.320000	-1.360000	-1.430000	-0.970000	0.160000	-0.060000	-0.430000
4093	YLR355C  	-0.740000	-3.320000	-2.060000	-1.290000	-1.180000	-0.600000	-0.360000	-0.450000
4110	YLR372W  	-1.150000	-2.400000	-2.400000	-2.640000	-2.320000	-1.740000	-0.970000	-1.000000
4126	YLR388W  	-0.170000	-0.790000	-2.180000	-2.400000	-1.790000	-1.470000	-1.060000	-0.740000
4134	YLR397C  	-1.320000	-2.740000	-2.060000	-1.430000	-1.360000	-0.670000	-0.470000	-0.740000
4137	YLR400W  	-1.290000	-2.840000	-2.560000	-2.470000	-2.320000	-1.150000	-0.450000	-0.690000
4138	YLR401C  	-1.840000	-4.640000	-3.840000	-2.940000	-2.250000	-0.940000	0.230000	-0.760000
4169	YLR432W  	-0.400000	-1.150000	-1.470000	-2.250000	-2.060000	-1.030000	-0.970000	-0.580000
4171	YLR434C  	-0.940000	-1.470000	-1.790000	-1.690000	-1.790000	-0.450000	-0.970000	-0.320000
4172	YLR435W  	-0.740000	-2.740000	-3.180000	-2.640000	-1.940000	-1.640000	-0.300000	0.200000
4175	YLR438W  	1.580000	3.150000	3.790000	3.310000	2.870000	3.180000	0.520000	0.140000
4178	YLR441C  	0.120000	-1.250000	-2.120000	-1.790000	-1.740000	-1.600000	-0.450000	-0.200000
4185	YLR448W  	-0.510000	-1.360000	-2.060000	-2.060000	-1.890000	-1.510000	-0.760000	-0.490000
4186	YLR449W  	-0.620000	-2.180000	-3.470000	-2.940000	-2.640000	-1.790000	-0.600000	-0.670000
4189	YLR452C  	-1.430000	-2.180000	-1.090000	-0.840000	-0.760000	-0.340000	-0.620000	-0.840000
4197	YLR460C  	-0.100000	-0.710000	-0.580000	-0.600000	-0.920000	-0.620000	-1.150000	-1.940000
4199	YLR462W  	-0.740000	-2.120000	-0.940000	-0.620000	-0.690000	0.140000	0.100000	-0.300000
4208	YML004C  	0.450000	1.610000	2.220000	2.220000	2.300000	1.670000	0.500000	0.760000
4224	YML018C  	-1.790000	-2.000000	-2.120000	-2.180000	-1.840000	-1.030000	-1.030000	-0.810000
4228	YML022W  	-0.810000	-1.430000	-2.000000	-2.400000	-2.320000	-1.510000	-1.320000	-1.120000
4230	YML024W  	-0.150000	-0.670000	-1.360000	-2.060000	-1.290000	-1.840000	-0.840000	-0.670000
4232	YML026C  	-0.170000	-0.600000	-1.790000	-2.120000	-0.940000	-1.060000	-0.710000	-0.580000
4233	YML027W  	-2.120000	-1.060000	-1.320000	-1.290000	-0.670000	-0.040000	0.060000	-0.380000
4251	YML043C  	-1.790000	-3.840000	-3.640000	-2.640000	-2.840000	-1.220000	-0.760000	-0.510000
4252	YML045W  	-0.170000	-2.320000	-0.320000	0.310000	0.030000	0.200000	0.500000	0.280000
4272	YML063W  	0.010000	-1.320000	-2.250000	-1.890000	-1.640000	-1.690000	-0.560000	-0.230000
4282	YML073C  	-0.510000	-1.740000	-2.400000	-2.320000	-2.060000	-1.940000	-1.220000	-0.940000
4289	YML080W  	-2.470000	-2.250000	-2.400000	-2.060000	-2.180000	0.100000	-0.640000	-0.790000
4290	YML081W  	-0.600000	-2.640000	-1.470000	-0.860000	-1.000000	-0.580000	-0.120000	0.010000
4302	YML093W  	-1.470000	-4.060000	-4.640000	-2.640000	-2.320000	-1.510000	-0.490000	-0.030000
4303	YML094W  	0.100000	-0.790000	-1.840000	-1.400000	-0.840000	-0.640000	-0.070000	0.080000
4310	YML100W  	4.880000	4.860000	6.280000	6.380000	5.700000	4.750000	3.660000	3.310000
4318	YML106W  	-0.890000	-1.790000	-2.000000	-2.000000	-2.180000	-1.060000	-0.920000	-0.840000
4320	YML108W  	-0.450000	-1.000000	-1.890000	-1.220000	-0.940000	-0.670000	0.060000	0.260000
4325	YML113W  	-1.290000	-1.150000	-1.030000	-1.690000	-1.220000	-0.420000	-0.340000	-0.400000
4333	YML120C  	1.770000	1.420000	2.240000	2.250000	1.840000	1.380000	0.520000	0.460000
4336	YML123C  	-2.560000	-2.940000	-2.120000	-2.470000	-1.690000	0.000000	-0.180000	-0.450000
4338	YML125C  	-0.600000	-1.840000	-1.400000	-1.320000	-0.970000	-0.600000	-0.250000	0.070000
4341	YML128C  	3.170000	5.310000	6.660000	6.370000	6.030000	3.880000	2.200000	2.220000
4352	YMR006C  	-0.690000	-1.740000	-2.400000	-2.400000	-2.470000	-1.250000	-0.510000	-0.840000
4360	YMR014W  	-2.180000	-3.840000	-3.640000	-2.000000	-1.600000	-0.860000	-0.290000	0.000000
4362	YMR016C  	-0.330000	-1.940000	-1.380000	-1.130000	-1.220000	-0.380000	-0.630000	-0.580000
4377	YMR031C  	1.240000	0.990000	2.050000	1.760000	1.780000	0.990000	0.180000	0.770000
4406	YMR058W  	-0.970000	-1.220000	-0.510000	-1.430000	-1.640000	-1.090000	-0.450000	-0.740000
4440	YMR090W  	0.860000	2.010000	2.880000	2.910000	2.790000	1.650000	1.060000	0.680000
4443	YMR093W  	-2.560000	-3.470000	-3.060000	-3.180000	-2.000000	-1.090000	-0.840000	-1.120000
4455	YMR105C  	4.600000	6.050000	7.220000	6.830000	6.590000	4.800000	2.450000	2.280000
4466	YMR116C  	-0.560000	-1.090000	-1.840000	-2.560000	-2.560000	-1.640000	-1.250000	-0.970000
4472	YMR121C  	0.060000	-0.810000	-1.690000	-1.600000	-1.840000	-2.120000	-0.760000	-0.360000
4476	YMR125W  	-0.690000	-1.790000	-1.060000	-0.540000	-0.790000	-0.860000	-0.560000	-0.540000
4480	YMR129W  	-0.840000	-1.890000	-1.120000	-1.090000	-1.250000	-0.890000	-0.600000	-0.710000
4482	YMR131C  	-1.000000	-3.470000	-5.060000	-4.320000	-3.640000	-2.470000	-1.060000	-0.710000
4491	YMR139W  	0.900000	1.080000	1.730000	1.790000	1.210000	0.450000	0.190000	0.040000
4498	YMR146C  	-0.510000	-1.600000	-2.120000	-2.000000	-1.560000	-1.400000	-1.030000	-0.920000
4528	YMR173W  	1.010000	1.620000	2.040000	2.360000	2.470000	2.090000	1.630000	1.400000
4530	YMR174C  	0.580000	1.870000	2.110000	1.710000	2.410000	0.760000	1.200000	1.080000
4537	YMR181C  	0.840000	1.540000	2.090000	1.760000	1.120000	0.650000	0.510000	0.490000
4541	YMR185W  	-1.180000	-2.000000	-2.470000	-2.250000	-2.060000	-1.940000	-0.140000	0.120000
4542	YMR186W  	1.020000	1.640000	1.860000	1.860000	1.480000	1.550000	1.180000	1.500000
4552	YMR195W  	1.960000	2.630000	2.510000	2.010000	1.790000	0.920000	0.550000	0.550000
4554	YMR197C  	0.700000	1.620000	2.110000	1.480000	2.090000	1.260000	0.540000	0.620000
4587	YMR230W  	-0.290000	-0.670000	-1.600000	-1.740000	-1.510000	-1.840000	-0.470000	-0.670000
4588	YMR231W  	-0.340000	-1.940000	0.010000	0.370000	0.120000	-0.030000	0.320000	0.480000
4596	YMR239C  	-1.220000	-2.560000	-3.840000	-2.250000	-2.180000	-1.560000	-0.580000	-0.220000
4598	YMR241W  	-0.840000	-2.180000	-1.840000	-1.510000	-1.360000	-1.250000	-0.360000	-0.270000
4600	YMR243C  	-0.790000	-2.000000	-1.510000	-1.560000	-1.690000	-1.290000	-0.860000	-1.000000
4607	YMR251W  	2.300000	2.630000	3.950000	3.730000	3.530000	3.010000	1.100000	-1.090000
4608	YMR251W-A	2.060000	3.360000	3.110000	2.970000	2.730000	1.790000	1.920000	1.380000
4623	YMR266W  	0.030000	-1.030000	-1.430000	-1.400000	-1.840000	-0.450000	-1.030000	-1.050000
4626	YMR269W  	-0.640000	-1.890000	-2.250000	-1.030000	-1.120000	-1.470000	-0.040000	0.430000
4635	YMR278W  	0.590000	0.500000	1.480000	1.720000	1.510000	0.700000	0.990000	1.110000
4647	YMR290C  	-0.970000	-2.840000	-3.840000	-3.640000	-4.060000	-2.740000	-1.030000	-1.120000
4649	YMR291W  	2.600000	2.210000	2.980000	3.160000	2.300000	1.690000	0.980000	0.930000
4656	YMR297W  	0.250000	1.070000	2.090000	1.710000	1.660000	2.150000	0.900000	0.750000
4660	YMR301C  	-0.840000	-2.000000	-1.890000	-2.060000	-1.790000	-0.690000	-0.810000	-0.560000
4665	YMR305C  	-1.030000	-2.560000	-3.180000	-3.640000	-2.940000	-0.940000	-0.760000	-1.320000
4670	YMR309C  	-1.840000	-3.320000	-2.400000	-1.790000	-1.890000	-1.220000	-0.920000	-0.860000
4671	YMR310C  	-1.840000	-3.640000	-3.320000	-2.470000	-2.250000	-1.470000	-1.090000	-0.860000
4682	YMR319C  	-0.510000	-1.410000	-2.010000	-1.610000	-3.090000	-0.880000	-0.670000	-0.920000
4684	YMR321C  	-0.400000	-0.970000	-2.120000	-2.060000	-1.790000	-1.220000	-0.810000	-0.600000
4690	YNL001W  	-1.320000	-1.840000	-2.060000	-1.320000	-1.430000	-0.860000	-0.810000	-0.470000
4691	YNL002C  	-1.690000	-4.060000	-5.060000	-4.060000	-2.940000	-1.840000	-1.030000	-0.620000
4695	YNL006W  	2.610000	2.320000	1.200000	0.740000	0.570000	-0.220000	0.390000	0.420000
4696	YNL007C  	2.570000	2.670000	2.670000	2.490000	1.840000	1.510000	1.660000	1.230000
4699	YNL010W  	-0.140000	-0.670000	-1.120000	-1.320000	-1.430000	-1.740000	-0.400000	-0.180000
4703	YNL014W  	0.180000	-0.600000	0.140000	-1.690000	-0.340000	-1.360000	-0.760000	-1.060000
4704	YNL015W  	1.270000	2.140000	2.240000	3.090000	2.980000	1.820000	1.650000	1.660000
4711	YNL022C  	-1.400000	-2.470000	-1.940000	-2.060000	-1.600000	-1.030000	-0.860000	-0.220000
4713	YNL024C  	-0.810000	-1.600000	-2.180000	-2.400000	-2.400000	-2.250000	-1.740000	-1.290000
4719	YNL030W  	0.240000	0.260000	-1.090000	-0.970000	-1.640000	-2.120000	0.380000	0.500000
4725	YNL036W  	3.230000	4.310000	4.100000	4.080000	3.680000	2.200000	-0.710000	-0.490000
4734	YNL045W  	0.110000	0.160000	2.100000	1.760000	1.560000	1.380000	0.620000	0.210000
4744	YNL055C  	0.340000	1.420000	2.100000	2.340000	1.790000	2.180000	1.380000	1.140000
4749	YNL061W  	-1.510000	-3.840000	-5.060000	-3.840000	-3.640000	-1.600000	-0.740000	-0.810000
4750	YNL062C  	-1.180000	-2.470000	-3.640000	-2.940000	-2.640000	-1.250000	-0.540000	-0.400000
4753	YNL065W  	-2.470000	-2.470000	-2.060000	-1.790000	-1.400000	-0.640000	-0.540000	-1.180000
4755	YNL067W  	-0.290000	-1.470000	-2.560000	-2.400000	-2.250000	-1.640000	-0.140000	0.080000
4757	YNL069C  	-0.420000	-1.060000	-1.600000	-2.000000	-2.250000	-1.840000	-0.760000	-0.690000
4760	YNL072W  	-0.970000	-0.670000	-1.290000	-1.740000	-1.180000	-0.740000	-0.250000	-0.860000
4763	YNL075W  	-1.640000	-3.180000	-4.060000	-3.180000	-2.940000	-2.120000	-0.690000	-0.540000
4783	YNL095C  	-1.470000	-2.180000	-1.360000	-1.250000	-1.250000	-0.920000	-0.600000	-0.320000
4784	YNL096C  	-0.490000	-1.250000	-2.180000	-2.120000	-1.400000	-1.470000	-1.060000	-0.860000
4794	YNL106C  	0.100000	-0.430000	1.980000	0.370000	0.150000	-0.340000	-0.560000	-0.450000
4798	YNL110C  	-1.560000	-3.840000	-4.640000	-3.640000	-3.060000	-2.470000	-0.940000	-0.220000
4799	YNL111C  	-0.840000	-2.000000	-1.840000	-0.970000	-0.490000	0.380000	0.710000	0.780000
4800	YNL112W  	-1.030000	-1.600000	-3.840000	-4.060000	-5.060000	-5.060000	-3.840000	-3.640000
4801	YNL113W  	-1.400000	-2.320000	-3.640000	-2.740000	-1.790000	-1.030000	-0.200000	0.240000
4802	YNL114C  	-1.250000	-1.250000	-3.060000	-2.740000	-1.890000	-1.470000	-0.490000	-0.010000
4807	YNL119W  	-0.790000	-1.790000	-2.400000	-2.320000	-2.000000	-1.790000	-0.920000	-0.710000
4808	YNL120C  	-2.120000	-1.470000	-1.940000	-3.840000	-1.740000	-2.000000	-0.940000	-1.030000
4811	YNL123W  	-0.670000	-2.120000	-1.120000	-0.810000	-0.940000	-0.150000	-0.220000	-0.230000
4812	YNL124W  	-1.560000	-2.060000	-2.250000	-3.060000	-2.470000	-1.640000	-1.220000	-1.360000
4820	YNL132W  	-0.940000	-3.470000	-4.640000	-5.060000	-3.840000	-2.470000	-0.840000	-0.860000
4822	YNL134C  	0.530000	1.390000	1.930000	1.580000	1.330000	0.600000	-0.300000	-0.810000
4827	YNL139C  	-0.420000	-2.320000	-0.710000	-0.490000	-0.560000	-0.220000	-0.180000	-0.620000
4829	YNL141W  	-1.940000	-4.320000	-3.840000	-3.470000	-3.640000	-2.560000	-1.220000	-1.150000
4839	YNL151C  	-0.810000	-1.940000	-2.940000	-2.060000	-2.000000	-1.640000	-0.380000	-0.420000
4850	YNL162W  	-0.710000	-1.290000	-2.250000	-2.400000	-1.510000	-1.430000	-0.810000	-0.510000
4851	YNL163C  	-0.680000	-2.400000	-1.380000	-1.020000	-0.960000	-0.820000	-0.230000	-0.120000
4862	YNL174W  	-0.710000	-2.640000	-5.640000	-4.640000	-4.060000	-2.000000	-1.150000	-0.810000
4863	YNL175C  	-0.670000	-3.180000	-5.640000	-5.060000	-4.320000	-2.840000	-1.030000	-0.510000
4866	YNL178W  	0.010000	-0.790000	-2.120000	-2.470000	-2.320000	-2.000000	-0.640000	-0.420000
4870	YNL182C  	-2.000000	-1.790000	-6.640000	-4.060000	-3.180000	-1.510000	-1.320000	-0.890000
4874	YNL186W  	-2.000000	-2.470000	-2.120000	-2.060000	-1.400000	-0.600000	-0.790000	-0.600000
4896	YNL208W  	0.660000	1.720000	2.000000	2.100000	2.380000	1.640000	1.010000	0.340000
4897	YNL209W  	-0.140000	-1.690000	-2.560000	-2.470000	-3.180000	-2.180000	-1.150000	-0.920000
4905	YNL217W  	-0.300000	-1.320000	-1.690000	-1.400000	-1.600000	-1.510000	-0.320000	-0.320000
4925	YNL237W  	0.330000	1.590000	2.460000	1.710000	1.860000	1.100000	0.750000	0.570000
4929	YNL241C  	0.680000	1.270000	2.340000	1.950000	1.710000	1.330000	0.530000	0.530000
4935	YNL247W  	-0.430000	-1.890000	-2.060000	-1.840000	-1.840000	-1.400000	0.070000	-0.090000
4936	YNL248C  	-1.640000	-4.640000	-5.060000	-4.320000	-3.640000	-1.740000	-1.250000	-1.120000
4939	YNL251C  	-0.460000	-1.900000	-1.840000	-1.700000	-1.610000	-1.300000	-0.560000	-0.490000
4942	YNL254C  	-1.470000	-1.840000	-1.510000	-1.320000	-1.120000	-0.340000	-0.400000	-0.070000
4943	YNL255C  	-0.470000	-1.640000	-2.470000	-2.000000	-1.940000	-1.890000	-0.710000	-0.640000
4944	YNL256W  	-1.220000	-2.000000	-1.840000	-2.060000	-1.840000	-1.120000	-1.430000	-0.740000
4962	YNL274C  	1.970000	3.500000	4.280000	4.190000	3.610000	2.830000	1.690000	1.660000
4980	YNL292W  	-1.430000	-1.090000	-1.940000	-2.400000	-1.320000	-0.940000	-0.670000	-0.620000
4981	YNL293W  	0.880000	0.580000	1.660000	1.630000	1.540000	0.950000	0.730000	0.550000
4984	YNL296W  	-0.360000	-2.120000	-0.640000	-0.430000	-0.620000	-0.600000	-0.670000	-0.560000
4985	YNL297C  	-0.560000	-2.120000	-0.230000	0.100000	-0.380000	0.110000	0.210000	-0.070000
4987	YNL299W  	-2.320000	-2.740000	-3.640000	-1.690000	-2.640000	-1.000000	-0.150000	-0.140000
4988	YNL300W  	0.530000	-0.100000	-1.000000	-1.640000	-1.150000	0.070000	0.370000	-0.400000
4989	YNL301C  	-0.300000	-1.320000	-1.640000	-1.740000	-1.840000	-1.180000	-0.640000	-0.600000
4990	YNL302C  	-0.620000	-1.120000	-2.060000	-2.320000	-1.690000	-1.510000	-1.150000	-0.690000
4991	YNL303W  	-0.760000	-1.060000	-1.940000	-1.320000	-1.640000	-1.320000	-0.740000	-0.710000
4993	YNL305C  	1.040000	2.240000	2.460000	2.260000	1.970000	1.360000	1.080000	0.910000
4996	YNL308C  	-1.290000	-3.470000	-4.060000	-1.740000	-2.060000	-0.810000	-2.320000	-0.200000
5039	YNR012W  	-1.290000	-2.320000	-2.840000	-2.560000	-2.000000	-0.970000	-0.230000	-0.340000
5042	YNR015W  	-0.840000	-1.120000	-1.470000	-1.840000	-1.560000	-0.620000	-0.620000	-0.380000
5061	YNR034W  	1.550000	1.640000	2.200000	2.070000	1.650000	0.990000	0.120000	-0.220000
5065	YNR038W  	-1.560000	-2.840000	-3.060000	-2.250000	-2.180000	-1.220000	-0.670000	-0.690000
5071	YNR044W  	-0.580000	-1.840000	-1.890000	-1.470000	-1.290000	-0.710000	-0.270000	-0.690000
5073	YNR046W  	-0.790000	-1.510000	-2.180000	-1.400000	-1.690000	-0.790000	-0.560000	-0.470000
5114	YOL010W  	-2.560000	-2.840000	-3.180000	-3.320000	-2.400000	-1.360000	-0.890000	-0.140000
5123	YOL019W  	-1.180000	-1.740000	-0.860000	-1.180000	-0.940000	-0.150000	-0.100000	-0.840000
5125	YOL021C  	-0.970000	-2.320000	-1.510000	-1.400000	-1.470000	-0.860000	-0.400000	-0.620000
5126	YOL022C  	-0.580000	-1.510000	-2.740000	-2.470000	-2.320000	-1.470000	-0.420000	-0.230000
5136	YOL032W  	2.740000	2.760000	2.350000	2.540000	2.200000	1.150000	1.390000	1.200000
5143	YOL039W  	-0.300000	-0.890000	-1.600000	-1.940000	-2.640000	-1.790000	-1.060000	-0.940000
5144	YOL040C  	-0.270000	-0.540000	-1.360000	-2.180000	-2.120000	-1.430000	-0.940000	-1.030000
5179	YOL076W  	-0.690000	-1.690000	-0.840000	-0.560000	-0.510000	-0.090000	0.190000	0.180000
5180	YOL077C  	-1.790000	-5.060000	-5.640000	-5.060000	-4.060000	-2.940000	-1.400000	-0.860000
5183	YOL080C  	-0.890000	-0.840000	-1.690000	-1.120000	-1.400000	-0.970000	-0.580000	-0.510000
5200	YOL097C  	-0.120000	-0.760000	-1.120000	-1.940000	-1.400000	-1.430000	-0.490000	-0.470000
5223	YOL120C  	-0.290000	-1.090000	-1.690000	-1.790000	-1.940000	-1.470000	-0.540000	-0.670000
5224	YOL121C  	-0.380000	-1.120000	-2.120000	-2.180000	-1.790000	-1.600000	-0.840000	-0.470000
5226	YOL123W  	0.260000	-1.320000	-2.320000	-1.740000	-1.690000	-1.740000	-0.150000	0.030000
5227	YOL124C  	-1.840000	-3.840000	-5.640000	-5.060000	-3.640000	-2.400000	-0.470000	-0.380000
5228	YOL125W  	-0.940000	-2.400000	-2.740000	-2.640000	-2.000000	-0.710000	-0.540000	-0.540000
5230	YOL127W  	-0.380000	-0.920000	-2.120000	-2.250000	-1.690000	-1.940000	-0.940000	-0.540000
5233	YOL130W  	-0.890000	-2.180000	-1.510000	-1.470000	-1.510000	-1.000000	-0.380000	-0.270000
5242	YOL139C  	-0.640000	-1.360000	-1.940000	-2.000000	-1.400000	-1.120000	-0.490000	-0.360000
5243	YOL140W  	-0.890000	-2.000000	-1.320000	-1.470000	-1.090000	-0.360000	0.210000	0.480000
5245	YOL142W  	-1.060000	-1.840000	-1.360000	-1.430000	-1.600000	-0.840000	-0.580000	-0.070000
5247	YOL144W  	-1.430000	-3.060000	-2.940000	-1.940000	-2.180000	-1.560000	-0.670000	-0.450000
5256	YOL153C  	1.900000	2.920000	3.950000	2.780000	3.190000	2.320000	0.880000	1.070000
5258	YOL155C  	0.480000	1.010000	2.620000	2.320000	2.230000	2.480000	0.380000	0.140000
5273	YOR004W  	-2.180000	-4.640000	-5.060000	-3.640000	-4.060000	-2.320000	-1.220000	-1.220000
5275	YOR006C  	-0.840000	-1.740000	-1.600000	-0.740000	-0.860000	-1.000000	-0.060000	0.210000
5290	YOR020C  	1.440000	2.280000	2.150000	2.480000	2.340000	1.810000	1.870000	2.060000
5291	YOR021C  	-0.840000	-1.790000	-2.640000	-2.250000	-2.000000	-1.790000	-1.030000	-0.760000
5297	YOR027W  	1.890000	2.310000	3.130000	3.090000	2.630000	1.710000	2.060000	1.690000
5298	YOR028C  	3.750000	2.440000	2.090000	1.920000	1.410000	-0.380000	0.000000	-0.790000
5319	YOR049C  	2.380000	1.520000	0.960000	0.140000	0.300000	-0.220000	0.030000	0.680000
5321	YOR051C  	-0.360000	-1.510000	-2.120000	-2.060000	-1.560000	-1.360000	-0.690000	-0.340000
5322	YOR052C  	2.390000	2.970000	2.730000	3.090000	2.520000	1.440000	1.780000	1.900000
5326	YOR056C  	-1.840000	-2.400000	-3.470000	-2.840000	-2.740000	-2.180000	-0.450000	-0.300000
5333	YOR063W  	-0.420000	-0.580000	-1.510000	-2.560000	-2.000000	-1.090000	-0.840000	-0.890000
5335	YOR065W  	0.790000	2.190000	2.210000	1.630000	1.660000	1.410000	0.550000	0.420000
5348	YOR078W  	-1.790000	-2.180000	-2.640000	-1.600000	-1.690000	-1.320000	-0.200000	0.360000
5361	YOR091W  	-0.970000	-2.560000	-3.180000	-2.740000	-1.250000	-0.580000	0.260000	0.250000
5365	YOR095C  	-1.120000	-3.060000	-4.640000	-4.320000	-3.840000	-2.470000	-1.560000	-1.120000
5366	YOR096W  	-0.470000	-1.640000	-2.470000	-2.120000	-2.120000	-1.690000	-0.710000	-0.380000
5368	YOR098C  	-0.860000	-2.180000	-1.430000	-0.760000	-1.000000	-0.740000	0.040000	0.030000
5371	YOR101W  	-1.090000	-2.180000	-2.120000	-2.180000	-1.790000	-1.690000	-1.090000	-0.810000
5378	YOR108W  	-0.810000	-2.250000	-1.940000	-1.690000	-1.600000	-1.030000	-0.690000	-0.490000
5386	YOR116C  	-0.690000	-2.130000	-0.460000	-1.080000	-1.400000	-0.490000	-0.680000	-1.430000
5390	YOR120W  	0.890000	2.220000	3.410000	3.500000	3.230000	2.280000	1.120000	0.970000
5391	YOR121C  	0.230000	1.940000	2.000000	2.400000	2.220000	0.900000	0.000000	-0.380000
5406	YOR136W  	1.120000	1.870000	2.550000	2.740000	2.690000	1.820000	1.040000	0.820000
5410	YOR140W  	-1.180000	-1.640000	-0.840000	-0.710000	-0.690000	-0.230000	-0.290000	-0.600000
5415	YOR145C  	-2.060000	-3.470000	-4.060000	-3.840000	-3.180000	-1.940000	-0.640000	-0.290000
5416	YOR146W  	-1.890000	-2.840000	-3.470000	-2.740000	-2.560000	-1.220000	-0.430000	-0.560000
5425	YOR155C  	0.120000	1.200000	1.660000	1.330000	1.090000	1.030000	0.060000	0.070000
5431	YOR161C  	1.820000	3.070000	3.800000	3.050000	2.530000	2.280000	0.110000	0.670000
5437	YOR167C  	-0.170000	-0.300000	-1.360000	-1.940000	-1.890000	-2.250000	-0.810000	-0.760000
5438	YOR168W  	-0.340000	-2.000000	-1.430000	-1.030000	-0.890000	-0.790000	-0.340000	-0.420000
5451	YOR181W  	1.080000	0.910000	1.700000	1.300000	1.200000	1.210000	0.080000	0.160000
5452	YOR182C  	-0.510000	-1.030000	-1.940000	-1.400000	-1.360000	-1.690000	-0.670000	-0.250000
5455	YOR185C  	0.770000	1.740000	2.330000	1.790000	2.360000	1.850000	0.730000	0.410000
5458	YOR188W  	-0.920000	-2.060000	-1.640000	-1.220000	-1.220000	-0.640000	-0.090000	0.200000
5474	YOR204W  	-0.940000	-2.180000	-1.220000	-1.030000	-1.150000	-1.030000	-0.710000	-0.510000
5476	YOR206W  	-1.640000	-3.840000	-5.640000	-3.840000	-3.470000	-2.180000	-0.760000	-0.560000
5477	YOR207C  	-0.470000	-2.250000	-2.250000	-2.320000	-1.560000	-0.920000	-0.300000	-0.510000
5480	YOR210W  	-0.340000	-1.290000	-1.940000	-1.220000	-1.090000	-1.180000	-0.150000	0.000000
5482	YOR212W  	-1.250000	-1.790000	-1.320000	-0.920000	-0.970000	-1.000000	-0.580000	-0.580000
5483	YOR213C  	-1.470000	-0.970000	-1.320000	-1.890000	-1.250000	-1.090000	-1.120000	-0.920000
5500	YOR230W  	0.790000	1.050000	1.380000	1.640000	1.220000	0.890000	0.930000	0.990000
5507	YOR237W  	-1.320000	0.040000	-2.000000	-1.150000	-1.120000	-0.510000	0.030000	-0.510000
5511	YOR241W  	-0.270000	-0.510000	-0.490000	-0.400000	-0.340000	1.750000	0.060000	0.150000
5513	YOR243C  	-1.470000	-3.640000	-3.840000	-3.320000	-3.060000	-2.320000	-1.510000	-1.220000
5517	YOR247W  	-0.470000	-0.620000	-0.890000	-1.400000	-1.790000	-1.090000	-0.560000	-0.810000
5522	YOR252W  	-1.180000	-1.740000	-2.560000	-1.890000	-1.740000	-0.890000	-0.600000	-0.060000
5530	YOR260W  	-0.860000	-1.790000	-1.290000	-1.150000	-1.090000	-0.890000	-0.250000	-0.070000
5537	YOR267C  	2.040000	1.660000	2.090000	1.690000	1.190000	0.720000	0.550000	0.460000
5543	YOR273C  	3.710000	3.040000	3.580000	3.070000	2.500000	1.300000	0.870000	1.370000
5546	YOR276W  	-0.420000	-0.970000	-1.940000	-1.640000	-1.840000	-1.600000	-0.890000	-0.360000
5547	YOR277C  	-0.340000	-0.690000	-1.890000	-2.060000	-1.740000	-1.600000	-1.090000	-0.620000
5555	YOR285W  	0.430000	1.740000	2.050000	1.760000	2.140000	2.180000	0.750000	0.720000
5557	YOR287C  	-1.150000	-2.120000	-4.060000	-2.180000	-1.790000	-2.180000	-0.320000	0.500000
5558	YOR288C  	0.700000	0.960000	1.580000	1.760000	1.520000	1.100000	1.020000	0.630000
5562	YOR292C  	0.630000	1.020000	1.660000	1.320000	1.110000	0.800000	0.510000	-0.040000
5563	YOR293W  	-0.360000	-1.180000	-2.470000	-2.470000	-1.840000	-1.840000	-0.890000	-0.600000
5564	YOR294W  	-2.560000	-4.320000	-4.640000	-3.840000	-3.470000	-2.400000	-1.150000	-0.810000
5566	YOR296W  	-0.760000	-2.060000	-0.300000	0.120000	-1.180000	0.030000	0.180000	-0.230000
5580	YOR309C  	-1.400000	-4.320000	-5.060000	-4.320000	-3.180000	-1.940000	-1.470000	-1.690000
5606	YOR335C  	-0.510000	-2.320000	-2.060000	-2.320000	-2.060000	-1.940000	-1.000000	-0.920000
5612	YOR341W  	-0.670000	-1.430000	-0.560000	-2.060000	-0.140000	-0.970000	-0.970000	-1.120000
5618	YOR347C  	1.430000	2.910000	3.150000	2.510000	2.280000	2.200000	1.150000	0.720000
5630	YOR359W  	-2.060000	-0.470000	-2.560000	-1.890000	-2.060000	-1.290000	-0.940000	-0.790000
5632	YOR361C  	-0.620000	-0.560000	-1.840000	-2.000000	-1.150000	-0.710000	-0.580000	-0.470000
5640	YOR369C  	0.080000	-0.220000	-1.600000	-2.120000	-2.060000	-1.090000	-1.120000	-0.560000
5654	YOR383C  	0.860000	2.480000	2.990000	2.810000	2.430000	2.180000	1.090000	0.910000
5669	YPL004C  	1.450000	2.180000	2.850000	2.490000	1.890000	0.500000	-0.060000	0.000000
5708	YPL043W  	-1.090000	-3.320000	-4.320000	-4.060000	-3.180000	-1.510000	-1.400000	-0.920000
5709	YPL044C  	-1.840000	-3.640000	-4.320000	-2.840000	-2.560000	-2.320000	-0.920000	-0.840000
5726	YPL061W  	1.320000	2.040000	2.130000	1.910000	1.280000	0.960000	-0.290000	0.280000
5733	YPL068C  	-1.220000	-1.560000	-2.120000	-1.560000	-1.790000	-0.810000	0.030000	0.110000
5751	YPL086C  	-0.810000	-2.640000	-2.560000	-1.510000	-1.690000	-1.180000	0.200000	0.110000
5758	YPL093W  	-2.940000	-5.640000	-5.640000	-4.640000	-3.060000	-2.000000	-0.600000	-0.470000
5766	YPL101W  	-1.360000	-1.250000	-1.640000	-1.470000	-1.250000	-0.640000	-0.940000	-1.060000
5776	YPL111W  	1.420000	2.190000	1.910000	1.710000	0.690000	-0.200000	0.100000	0.360000
5791	YPL126W  	-0.810000	-3.640000	-4.060000	-2.000000	-3.320000	0.110000	0.250000	-0.230000
5807	YPL142C  	-0.270000	-1.150000	-2.060000	-1.940000	-1.640000	-1.640000	-0.490000	-0.920000
5811	YPL146C  	-1.740000	-2.740000	-3.320000	-2.470000	-1.940000	-2.180000	-0.560000	-0.320000
5819	YPL154C  	0.510000	1.350000	2.000000	1.930000	1.500000	1.360000	0.790000	0.370000
5822	YPL157W  	-0.560000	-0.600000	-0.670000	-1.400000	-1.290000	-2.060000	-0.600000	-0.890000
5825	YPL160W  	-0.290000	-2.200000	-1.840000	-1.540000	-1.260000	-1.180000	-0.470000	-0.600000
5828	YPL163C  	-0.340000	-1.320000	-2.400000	-2.840000	-2.470000	-0.840000	-0.400000	-0.940000
5848	YPL183C  	-1.290000	-3.320000	-2.740000	-2.180000	-2.180000	-1.030000	-0.470000	-0.860000
5861	YPL196W  	0.790000	1.510000	1.440000	1.770000	1.550000	0.160000	0.290000	0.450000
5863	YPL198W  	-0.490000	-1.430000	-2.180000	-1.790000	-1.740000	-1.740000	-0.760000	-0.640000
5872	YPL207W  	-1.030000	-2.640000	-3.470000	-2.940000	-2.470000	-1.360000	-1.060000	-0.970000
5876	YPL211W  	-0.760000	-2.840000	-4.640000	-4.060000	-3.060000	-2.640000	-1.290000	-1.090000
5885	YPL220W  	-0.290000	-1.360000	-2.060000	-2.470000	-2.320000	-2.060000	-1.090000	-0.790000
5891	YPL226W  	-1.080000	-4.080000	-3.660000	-3.060000	-2.480000	-1.480000	-0.980000	-1.000000
5895	YPL230W  	2.790000	3.360000	4.780000	4.590000	3.550000	2.080000	1.780000	1.420000
5896	YPL231W  	-0.390000	-2.050000	-1.700000	-1.740000	-1.680000	-0.940000	-0.670000	-0.380000
5902	YPL237W  	-0.490000	-2.000000	-2.400000	-1.890000	-1.690000	-1.600000	-1.000000	-0.740000
5903	YPL238C  	-0.670000	-2.120000	-2.400000	-1.690000	-1.510000	-1.560000	-0.970000	-0.810000
5905	YPL240C  	1.370000	2.620000	2.790000	3.100000	2.710000	1.960000	2.570000	2.170000
5910	YPL245W  	-0.860000	-1.600000	-2.000000	-2.250000	-1.890000	-0.840000	-0.640000	-0.470000
5917	YPL252C  	-1.470000	-2.250000	-1.400000	-1.150000	-0.840000	-0.170000	-0.360000	-0.560000
5928	YPL263C  	-0.140000	-1.380000	-1.940000	-1.600000	-1.400000	-0.790000	-0.020000	0.290000
5930	YPL265W  	1.050000	1.110000	2.280000	1.950000	1.820000	1.660000	0.330000	0.710000
5931	YPL266W  	-0.760000	-2.940000	-4.320000	-3.180000	-2.940000	-1.690000	-0.740000	-0.290000
5932	YPL267W  	-0.220000	-0.200000	-2.120000	-1.400000	-0.470000	-0.420000	0.580000	0.740000
5938	YPL273W  	-0.420000	-1.220000	-2.180000	-2.230000	-1.710000	-1.190000	-0.700000	-0.510000
5958	YPR010C  	-0.730000	-2.710000	-3.450000	-2.930000	-2.610000	-1.530000	-0.800000	-0.690000
5964	YPR016C  	-0.790000	-1.610000	-2.140000	-1.970000	-1.290000	-1.690000	-1.620000	-1.890000
5981	YPR033C  	-0.620000	-1.740000	-1.690000	-1.640000	-1.180000	-1.090000	-0.200000	-0.200000
5989	YPR041W  	-0.660000	-1.920000	-1.450000	-1.140000	-1.240000	-1.070000	-0.590000	-0.760000
5991	YPR043W  	-0.560000	-1.000000	-1.890000	-1.890000	-1.600000	-1.740000	-1.120000	-0.890000
5992	YPR044C  	-0.130000	-0.790000	-1.590000	-1.990000	-1.890000	-1.790000	-1.170000	-0.820000
5996	YPR048W  	-1.000000	-2.180000	-2.060000	-2.000000	-1.510000	-0.740000	-0.580000	-0.270000
5999	YPR051W  	-0.170000	-0.940000	-1.220000	-0.600000	-0.320000	-1.740000	-0.490000	-0.400000
6006	YPR058W  	-0.670000	-0.810000	-1.470000	-1.890000	-1.740000	-0.740000	-0.430000	-0.790000
6066	YPR118W  	-0.490000	-1.220000	-2.120000	-2.000000	-1.640000	-1.510000	-0.920000	-0.890000
6068	YPR120C  	-0.740000	-1.250000	-2.740000	-1.740000	-1.740000	-0.690000	-0.490000	-0.920000
6084	YPR136C  	-1.400000	-1.520000	-1.190000	-1.490000	-1.940000	-1.090000	-0.560000	-0.510000
6085	YPR137W  	-1.890000	-2.740000	-2.640000	-1.840000	-1.640000	-1.360000	-0.400000	-0.090000
6090	YPR142C  	-1.740000	-2.640000	-3.320000	-2.470000	-2.120000	-1.360000	-0.670000	-0.270000
6091	YPR143W  	-2.120000	-3.180000	-3.320000	-2.180000	-1.890000	-2.250000	-0.560000	-0.010000
6092	YPR144C  	-1.560000	-2.250000	-4.640000	-4.320000	-3.320000	-1.290000	-0.810000	-0.690000
6097	YPR149W  	1.080000	2.130000	2.260000	2.050000	1.440000	1.010000	0.560000	0.670000
6118	YPR170C  	0.400000	0.650000	-0.430000	-0.740000	-0.860000	1.910000	-0.690000	-0.510000
6138	YPR190C  	-0.490000	-2.320000	-2.320000	-2.250000	-1.840000	-1.090000	-0.510000	-0.560000
