#	GID	1	2	3	4	5	6	7
1	YHR124W  	-0.170000	-0.470000	-0.790000	3.190000	4.480000	4.060000	4.570000
3	YGR145W  	-0.380000	-3.470000	-1.400000	-0.090000	-0.890000	-1.030000	-0.540000
4	YIR031C  	-0.170000	2.410000	1.680000	-0.670000	-0.740000	-1.840000	-1.400000
6	YGR146C  	-0.170000	-1.510000	-2.250000	-2.940000	-3.470000	-3.060000	-2.940000
7	YLR266C  	-0.090000	0.590000	0.000000	0.370000	1.480000	0.970000	2.180000
8	YLR339C  	0.120000	-1.640000	-2.180000	-2.320000	-2.000000	-1.320000	-0.560000
9	YJR010W  	-0.040000	2.340000	0.060000	-0.580000	-0.640000	-1.250000	-1.090000
10	YHL021C  	-0.170000	0.060000	-1.640000	-2.740000	-3.320000	-3.470000	-3.470000
11	YMR172W  	-0.580000	0.380000	0.630000	1.160000	1.800000	1.590000	1.340000
12	YIR032C  	-0.490000	2.140000	1.510000	-0.150000	-0.120000	-0.420000	-0.540000
13	YHR053C  	-0.010000	2.890000	-0.290000	-0.380000	0.930000	1.180000	0.730000
14	YPR110C  	-0.250000	-1.940000	-1.220000	-0.430000	0.250000	0.740000	0.450000
15	YLR194C  	-0.030000	-3.060000	-3.640000	-4.060000	-4.060000	-3.060000	-3.470000
16	YHL022C  	-0.340000	1.260000	2.140000	3.490000	3.670000	2.830000	1.040000
18	YMR246W  	-0.230000	0.240000	-0.100000	-0.430000	-1.290000	-1.890000	-2.000000
19	YGR148C  	-0.060000	-1.840000	-1.640000	-2.320000	-2.250000	-1.360000	-0.560000
20	YLR195C  	-0.120000	-0.400000	0.200000	1.240000	2.460000	2.030000	2.470000
21	YGL116W  	-0.220000	0.670000	0.210000	2.520000	4.640000	3.760000	4.350000
22	YOL100W  	-0.320000	0.770000	0.920000	1.870000	1.730000	1.010000	1.320000
24	YAL018C  	-0.510000	-0.620000	-0.760000	3.740000	4.540000	3.220000	4.330000
25	YPR111W  	-0.230000	0.870000	0.660000	0.950000	1.880000	1.930000	1.700000
26	YIR034C  	-0.220000	1.630000	0.190000	-0.970000	-0.510000	-0.170000	-0.060000
27	YHR055C  	-0.320000	2.260000	-0.320000	-0.420000	0.770000	1.000000	0.630000
29	YKL185W  	-0.150000	-0.670000	-0.430000	-1.940000	-2.400000	-2.320000	-2.400000
30	YHR128W  	-0.150000	-0.840000	-0.690000	1.340000	1.640000	1.380000	1.190000
31	YOR206W  	-0.420000	-3.840000	-2.400000	-1.250000	-2.320000	-1.430000	-0.760000
32	YGL118C  	-0.290000	0.830000	0.100000	-0.040000	1.740000	0.800000	1.100000
33	YLR196W  	0.040000	-4.060000	-2.560000	-1.690000	-2.740000	-1.290000	-2.120000
34	YDR496C  	-0.120000	-2.400000	-1.430000	-0.810000	-1.890000	-0.810000	-0.760000
35	YHL024W  	-0.230000	1.770000	2.100000	2.930000	2.430000	1.420000	0.750000
37	YLR197W  	0.190000	-2.250000	-2.320000	-1.150000	-1.640000	-0.860000	-0.670000
38	YKL187C  	-0.150000	1.740000	-0.740000	-0.710000	-0.760000	0.900000	2.130000
39	YOR135C  	-0.250000	0.830000	0.160000	-0.540000	-0.710000	-1.740000	-1.790000
40	YDR497C  	-0.180000	-0.490000	-1.690000	-1.640000	-2.250000	-2.120000	-2.250000
41	YLR198C  	0.210000	-2.120000	-2.180000	-0.790000	-1.560000	-0.840000	-0.560000
42	YOR208W  	-0.150000	-1.840000	-2.250000	-1.560000	-2.320000	-2.470000	-2.840000
43	YOL104C  	-1.180000	2.600000	2.730000	3.040000	3.750000	3.180000	2.930000
44	YJR016C  	-0.060000	2.100000	1.740000	1.280000	0.480000	0.840000	1.240000
45	YOR209C  	-0.250000	-2.320000	-1.840000	-1.890000	-2.320000	-2.640000	-2.470000
46	YOR063W  	-0.060000	-1.740000	-2.060000	-1.790000	-2.180000	-1.180000	-0.740000
47	YOR136W  	-0.200000	1.120000	0.370000	-0.580000	-0.740000	-2.000000	-2.400000
48	YIR038C  	0.070000	0.280000	0.430000	-0.270000	0.080000	1.430000	2.140000
49	YOR137C  	-0.200000	-0.620000	-1.560000	-1.470000	-2.470000	-1.690000	-1.890000
50	YNL126W  	-0.200000	0.750000	1.030000	1.410000	2.040000	1.600000	2.130000
51	YKL189W  	-0.060000	0.240000	-0.540000	1.520000	2.950000	2.930000	3.440000
52	YHL028W  	-0.230000	0.630000	-0.490000	-0.320000	1.870000	1.590000	2.230000
54	YJR019C  	-0.380000	0.200000	-0.620000	-1.790000	-2.120000	-1.640000	-0.920000
55	YNL128W  	-0.220000	-0.040000	-0.200000	2.740000	3.750000	3.230000	4.290000
56	YOR350C  	-0.470000	1.530000	1.520000	2.540000	2.410000	1.500000	0.820000
57	YIL009W  	-0.200000	0.300000	-0.120000	-0.890000	-1.890000	-2.250000	-2.120000
58	YBR247C  	-0.220000	-2.320000	-1.510000	-0.540000	-1.360000	-0.140000	-0.510000
59	YOR351C  	-0.340000	3.340000	3.840000	3.990000	3.950000	3.750000	2.140000
60	YDR133C  	0.000000	-0.510000	-0.060000	0.060000	1.100000	1.460000	1.550000
62	YML079W  	-0.150000	0.070000	-0.540000	-1.290000	-1.940000	-1.250000	-1.220000
63	YDL103C  	0.110000	0.330000	1.290000	1.710000	2.540000	2.710000	2.760000
64	YBL072C  	0.610000	-1.600000	-1.940000	-2.320000	-2.560000	-1.600000	-0.540000
66	YNL270C  	-0.150000	0.400000	0.450000	1.270000	1.790000	2.110000	2.520000
67	YBR177C  	-0.170000	-0.940000	-1.060000	-1.290000	-2.000000	-1.400000	-2.400000
68	YGL192W  	-0.560000	0.760000	0.710000	1.530000	1.860000	1.170000	1.070000
69	YOL039W  	-0.250000	-1.430000	-2.320000	-2.320000	-2.250000	-1.690000	-0.970000
70	YER115C  	-0.200000	-0.070000	0.370000	2.320000	4.150000	3.700000	4.660000
71	YEL010W  	-0.510000	0.140000	0.710000	1.560000	0.790000	0.520000	0.800000
72	YJL131C  	-0.300000	-0.420000	0.300000	1.070000	1.600000	1.200000	0.750000
73	YER043C  	0.120000	-0.560000	-1.120000	-1.030000	-1.940000	-1.890000	-2.180000
74	YOR355W  	-0.490000	-2.400000	-0.940000	-0.380000	2.410000	3.010000	3.100000
75	YBR179C  	-0.430000	-0.490000	-0.010000	0.450000	1.660000	0.560000	1.390000
76	YEL011W  	0.100000	0.360000	-0.810000	-1.470000	-2.120000	-1.600000	-1.430000
77	YFR023W  	-0.580000	-0.640000	-0.380000	4.130000	4.290000	4.570000	5.650000
78	YER117W  	0.240000	-2.000000	-1.400000	-1.940000	-2.120000	-1.290000	-0.540000
79	YDR065W  	-0.690000	-0.640000	-0.100000	1.790000	2.940000	2.750000	2.220000
80	YNL274C  	-0.170000	-0.320000	-0.560000	-2.000000	-2.470000	-2.560000	-2.640000
81	YBR084C-A	0.150000	-1.890000	-1.120000	-1.470000	-1.840000	-1.150000	-0.510000
82	YJL060W  	-0.250000	1.860000	-0.400000	-1.740000	-1.690000	-1.690000	-2.060000
83	YGL196W  	-0.320000	0.540000	-0.580000	-1.740000	-1.840000	-1.510000	-1.360000
85	YER046W  	0.040000	-0.250000	0.150000	0.720000	1.940000	1.800000	1.930000
86	YBL078C  	-0.090000	0.990000	1.100000	1.470000	1.950000	2.460000	2.710000
87	YPR192W  	-0.420000	-0.420000	1.840000	1.940000	1.040000	1.410000	0.860000
88	YMR031C  	-0.140000	0.440000	-0.220000	-0.890000	-1.510000	-2.470000	-2.250000
89	YMR104C  	-0.200000	0.500000	-1.180000	-1.940000	-2.560000	-2.840000	-3.470000
91	YOR287C  	-0.270000	-1.890000	-0.640000	0.230000	-0.510000	-0.580000	-0.200000
92	YEL016C  	-0.340000	-0.100000	0.770000	1.880000	2.770000	2.710000	1.730000
93	YDL037C  	-0.030000	-2.560000	-1.890000	-0.620000	-1.940000	-2.000000	-2.000000
94	YMR105C  	-0.380000	0.770000	0.120000	0.150000	-0.810000	-1.690000	-2.180000
96	YKL042W  	0.110000	0.200000	0.740000	2.040000	2.230000	3.160000	3.760000
98	YLL022C  	-0.040000	-0.540000	0.580000	0.700000	1.530000	1.120000	1.370000
99	YCL059C  	-0.010000	-2.840000	-0.840000	-0.540000	-1.320000	-1.290000	-1.180000
100	YNL277W  	-0.180000	2.290000	0.660000	0.110000	0.990000	0.060000	0.830000
101	YJR095W  	-0.030000	1.490000	0.630000	-1.470000	-1.940000	-2.400000	-2.180000
102	YFR028C  	-0.320000	0.840000	1.300000	1.950000	2.670000	2.540000	3.280000
103	YPL090C  	0.040000	-2.180000	-2.060000	-2.840000	-2.640000	-1.940000	-1.150000
105	YLR127C  	-0.320000	-0.540000	-0.940000	0.500000	1.540000	1.210000	1.180000
106	YDR353W  	-0.320000	0.120000	-0.580000	-1.470000	-2.000000	-2.000000	-1.510000
107	YLR410W  	-0.100000	0.340000	-0.810000	-1.320000	-2.060000	-1.250000	-0.970000
108	YER049W  	0.110000	-1.220000	-0.970000	-1.600000	-2.560000	-1.890000	-2.180000
109	YDL039C  	-0.290000	-2.320000	-1.400000	-0.230000	-1.470000	-1.030000	-1.180000
110	YJR096W  	-0.420000	1.660000	-0.540000	-1.250000	-1.400000	-1.030000	-0.740000
111	YGR008C  	-0.250000	-0.620000	-1.400000	-2.250000	-2.400000	-1.690000	-1.600000
112	YLR411W  	-0.030000	-2.250000	0.730000	1.270000	-0.890000	-0.580000	-1.060000
113	YIL159W  	-0.540000	-0.180000	0.800000	3.000000	3.670000	3.920000	2.810000
114	YPL091W  	-0.180000	-0.070000	0.230000	-1.060000	-1.510000	-2.180000	-2.320000
115	YLL024C  	0.120000	-0.470000	-1.360000	-1.250000	-2.000000	-2.120000	-2.250000
116	YDR355C  	-0.140000	0.140000	0.650000	1.710000	2.040000	2.000000	2.280000
117	YNR014W  	-0.580000	-0.300000	-1.150000	0.120000	2.450000	2.310000	1.430000
118	YMR108W  	-0.430000	1.960000	1.340000	0.140000	-0.420000	-0.120000	0.510000
120	YLR056W  	-0.620000	-0.600000	-0.150000	-1.940000	-2.560000	-1.640000	-1.470000
121	YLR129W  	-0.430000	-3.320000	-1.740000	-1.360000	-1.840000	-1.360000	-1.150000
122	YMR036C  	-0.200000	0.410000	-1.090000	-1.320000	-1.470000	-1.690000	-2.060000
123	YBR101C  	0.150000	-0.740000	-1.180000	-1.510000	-1.940000	-1.560000	-1.220000
124	YLR340W  	0.010000	-1.470000	-2.250000	-2.060000	-1.940000	-1.220000	-0.510000
125	YPL093W  	-0.360000	-2.470000	-1.470000	-0.510000	-1.470000	-0.670000	-0.670000
126	YJR099W  	-0.450000	0.370000	0.590000	1.430000	3.110000	2.490000	2.440000
127	YLR414C  	0.100000	-1.360000	-1.690000	-2.000000	-2.400000	-1.940000	-2.740000
128	YLR058C  	-0.140000	-1.290000	-1.790000	-2.250000	-2.740000	-2.640000	-1.180000
129	YLL026W  	0.060000	-1.740000	-2.740000	-2.940000	-3.840000	-3.840000	-3.320000
130	YLR341W  	-0.060000	-0.430000	-0.040000	3.100000	4.730000	3.690000	5.120000
131	YLL027W  	-0.200000	2.200000	1.870000	1.690000	2.190000	1.630000	1.300000
132	YDR285W  	-0.150000	2.370000	3.270000	4.380000	4.270000	3.390000	3.430000
133	YKL049C  	-0.490000	-0.200000	0.730000	1.000000	1.930000	1.320000	1.060000
134	YMR322C  	-0.620000	0.480000	0.340000	-1.030000	-0.890000	1.450000	2.650000
135	YMR039C  	-0.100000	-1.510000	-1.430000	-1.940000	-2.180000	-1.840000	-1.690000
136	YHR202W  	-0.340000	1.330000	1.350000	2.350000	2.330000	0.820000	1.460000
138	YCR010C  	-0.090000	2.160000	2.050000	2.180000	2.390000	1.720000	1.950000
139	YLR343W  	-0.290000	-0.010000	-0.450000	3.100000	4.490000	3.930000	5.260000
140	YHR203C  	-0.270000	-1.600000	-1.940000	-2.400000	-2.470000	-1.740000	-1.000000
141	YML008C  	0.010000	0.780000	0.700000	-0.740000	-1.690000	-2.470000	-3.470000
142	YGR224W  	0.010000	0.600000	0.750000	1.630000	2.780000	3.240000	0.400000
143	YLL029W  	-0.320000	0.650000	0.160000	0.110000	1.860000	1.970000	2.280000
144	YER0871C 	-0.230000	-0.450000	0.420000	0.860000	1.670000	1.260000	0.960000
145	YMR250W  	-0.170000	-0.580000	-1.180000	-1.600000	-2.180000	-0.790000	0.010000
146	YBR032W  	0.070000	-1.250000	-1.290000	-1.250000	-2.000000	-1.560000	-1.220000
147	YGR225W  	-0.270000	1.620000	1.690000	3.310000	4.440000	4.610000	5.560000
150	YCR012W  	0.070000	-3.320000	-1.640000	-2.940000	-3.640000	-3.470000	-2.640000
151	YCR013C  	0.330000	-2.940000	-1.400000	-2.940000	-3.320000	-3.470000	-2.400000
154	YGR227W  	0.000000	0.860000	0.430000	0.700000	1.370000	1.990000	2.050000
155	YLR274W  	-0.420000	0.640000	1.420000	1.610000	2.250000	1.940000	2.040000
156	YLR348C  	-0.620000	1.870000	0.450000	-0.920000	-0.890000	-1.470000	-1.180000
157	YAL025C  	-0.140000	-3.320000	-1.840000	-1.120000	-2.400000	-1.030000	-0.600000
158	YGR228W  	0.210000	-0.560000	0.840000	1.480000	2.430000	1.800000	2.200000
159	YOR212W  	-0.640000	-0.320000	-0.860000	0.380000	1.540000	1.420000	1.120000
160	YLR275W  	-0.270000	-0.180000	-0.340000	-0.290000	0.140000	0.450000	-2.180000
161	YDL187C  	-0.400000	-1.360000	-0.670000	3.180000	4.370000	3.230000	3.160000
162	YGR229C  	-0.150000	-0.200000	0.960000	1.620000	2.510000	2.340000	2.080000
163	YHL030W  	-0.270000	2.130000	1.340000	1.680000	1.460000	1.010000	0.490000
164	YLR276C  	-0.420000	-2.320000	-1.360000	-0.300000	-1.220000	-1.030000	-0.920000
165	YHR208W  	-0.040000	3.080000	3.960000	3.160000	3.130000	2.450000	2.760000
166	YNL203C  	-0.220000	1.820000	0.870000	0.590000	1.280000	0.930000	1.550000
167	YIR042C  	0.180000	2.220000	1.870000	-0.030000	0.820000	1.110000	1.050000
170	YKL193C  	-0.200000	-0.450000	-1.120000	-1.790000	-2.180000	-2.560000	-2.470000
171	YPR120C  	-0.420000	0.570000	1.490000	2.370000	3.330000	2.720000	2.690000
172	YOR141C  	-0.040000	-0.090000	-1.030000	-1.290000	-2.180000	-2.120000	-1.890000
173	YOR214C  	-0.060000	-0.250000	0.580000	1.570000	3.230000	3.040000	3.920000
174	YCR016W  	0.310000	-2.320000	-0.510000	-0.030000	-0.840000	-0.790000	-0.940000
175	YHL032C  	0.110000	0.520000	-0.230000	-1.060000	-2.180000	-1.430000	-0.840000
177	YHR064C  	-0.430000	-1.430000	-1.290000	-1.640000	-2.470000	-2.180000	-1.890000
178	YGR085C  	0.100000	-1.560000	-1.690000	-2.120000	-2.560000	-1.560000	-0.580000
179	YMR184W  	-0.040000	0.400000	0.610000	1.500000	2.410000	2.200000	2.210000
180	YNL205C  	-0.340000	0.300000	-0.430000	2.210000	3.730000	2.550000	3.930000
181	YNL060C  	-0.250000	-3.180000	-2.250000	-1.000000	-1.890000	-1.510000	-0.840000
182	YHR139C  	-0.510000	-1.790000	-1.060000	-1.290000	-1.320000	-0.290000	3.100000
183	YGR087C  	0.240000	-1.250000	-1.400000	-1.940000	-2.000000	-1.600000	-0.560000
184	YBR250W  	-0.200000	-0.360000	-0.060000	2.890000	3.160000	1.810000	2.510000
185	YGL055W  	-0.150000	-2.640000	-1.890000	-2.400000	-3.470000	-3.840000	-4.320000
186	YOL040C  	0.000000	-1.890000	-1.840000	-2.180000	-2.320000	-1.560000	-0.810000
187	YNL134C  	-0.070000	-0.970000	-0.860000	-0.940000	-1.690000	-0.290000	0.420000
188	YBL009W  	-0.010000	0.620000	1.040000	1.300000	2.520000	2.150000	2.240000
189	YNL061W  	0.000000	-3.320000	-2.180000	-1.150000	-2.060000	-0.890000	-0.810000
191	YNL062C  	-0.090000	-2.740000	-2.000000	-1.030000	-2.000000	-0.540000	-1.600000
192	YKR005C  	-0.220000	0.860000	1.070000	2.990000	3.690000	3.090000	3.550000
193	YMR188C  	-0.380000	-1.360000	-0.860000	1.000000	3.350000	2.950000	3.070000
194	YNL208W  	0.310000	1.000000	-0.970000	-1.290000	-1.740000	-1.400000	-1.740000
195	YOR073W  	-0.580000	0.560000	0.950000	2.540000	3.400000	2.800000	2.740000
196	YHR069C  	-0.180000	-1.840000	-0.300000	0.180000	-0.640000	-0.760000	-0.580000
197	YPL021W  	-0.300000	0.200000	-0.150000	2.780000	3.940000	3.710000	4.570000
198	YBR181C  	0.080000	-2.120000	-2.000000	-2.640000	-2.560000	-1.790000	-1.000000
199	YKR007W  	0.150000	0.400000	-0.090000	-0.710000	1.160000	1.280000	1.710000
200	YER0441C 	-0.090000	1.170000	2.180000	2.220000	3.150000	1.690000	2.470000
201	YIL018W  	0.040000	-2.320000	-2.060000	-2.470000	-2.840000	-1.890000	-0.890000
203	YKR009C  	0.190000	2.550000	1.380000	1.420000	0.820000	0.770000	1.440000
206	YOR077W  	0.000000	1.110000	1.750000	2.190000	2.160000	0.880000	1.580000
208	YBR184W  	-0.230000	0.930000	1.770000	2.960000	3.190000	3.020000	3.040000
209	YOL047C  	0.000000	0.420000	-0.140000	2.650000	3.680000	2.860000	3.670000
211	YOR079C  	-0.070000	-1.090000	-1.250000	-1.640000	-1.840000	-1.560000	-2.120000
212	YCR091W  	0.080000	0.330000	-0.740000	-1.470000	-2.560000	-2.060000	-1.400000
213	YNL069C  	-0.060000	-1.840000	-1.890000	-2.060000	-2.470000	-1.690000	-0.740000
214	YER123W  	0.000000	-0.450000	-0.230000	1.450000	2.380000	1.820000	2.100000
215	YBR186W  	0.030000	1.950000	1.510000	2.340000	2.090000	1.490000	1.340000
216	YPL027W  	-0.540000	0.280000	0.340000	2.610000	4.240000	3.450000	3.670000
217	YJL212C  	-0.320000	1.480000	0.430000	0.880000	2.200000	1.010000	2.160000
218	YIL160C  	-0.030000	2.150000	0.960000	-0.230000	-0.200000	0.410000	1.360000
219	YDR218C  	-0.470000	-0.060000	0.000000	3.610000	5.160000	4.400000	5.800000
220	YFR030W  	-0.200000	3.250000	1.080000	0.700000	0.980000	0.330000	0.640000
221	YEL020C  	-0.140000	-0.540000	-1.150000	-1.890000	-2.470000	-1.890000	-1.840000
222	YDR502C  	0.110000	1.630000	-0.940000	-1.290000	-2.320000	-1.940000	-1.940000
223	YOR364W  	-0.400000	-0.140000	-0.470000	0.660000	2.070000	1.230000	1.940000
224	YDR219C  	0.030000	-0.030000	0.460000	0.900000	1.770000	1.640000	2.070000
225	YDL114W  	-0.510000	-0.670000	-0.450000	1.740000	3.310000	2.740000	3.180000
226	YOR365C  	-0.510000	0.000000	-0.270000	2.120000	3.080000	3.250000	3.670000
227	YJL213W  	-0.140000	-0.600000	-0.890000	-1.890000	-2.400000	-2.470000	-2.250000
228	YIL161W  	-0.640000	-0.470000	0.490000	0.420000	1.280000	1.580000	0.700000
229	YDL115C  	-0.300000	-0.170000	0.010000	1.080000	1.790000	1.910000	1.660000
230	YBL084C  	-0.100000	0.010000	-0.200000	0.730000	2.930000	3.110000	3.070000
231	YFR032C  	-0.490000	-0.560000	-0.620000	3.610000	4.240000	3.720000	2.470000
232	YER053C  	-0.300000	-0.140000	0.710000	-0.300000	-0.740000	-0.970000	-2.120000
233	YER126C  	-0.250000	-2.940000	-1.690000	-1.320000	-2.000000	-1.600000	-1.400000
235	YKL120W  	-0.470000	2.800000	2.920000	2.180000	2.240000	1.960000	1.960000
236	YDR074W  	0.250000	-0.140000	-0.690000	-1.740000	-2.400000	-2.060000	-1.790000
237	YDR147W  	-0.200000	-0.490000	-0.060000	1.100000	2.120000	1.800000	1.800000
238	YCL064C  	-0.060000	-2.400000	-1.940000	-2.640000	-3.640000	-0.640000	0.310000
239	YJL142C  	-0.140000	0.120000	-1.030000	-1.360000	-2.120000	-1.690000	-1.180000
240	YOR293W  	0.160000	-1.890000	-1.600000	-2.120000	-2.320000	-1.290000	-0.360000
241	YDR148C  	0.200000	-0.340000	0.990000	1.560000	2.150000	1.660000	1.430000
242	YOR366W  	-0.320000	-0.420000	-0.220000	0.860000	2.790000	0.790000	2.700000
243	YLR132C  	-0.400000	1.470000	0.680000	1.620000	1.870000	0.930000	0.830000
244	YKL121W  	-0.380000	0.860000	0.510000	1.360000	2.250000	1.780000	1.360000
245	YER127W  	-0.040000	-3.060000	-1.290000	-0.150000	-1.060000	-0.740000	-0.920000
246	YEL023C  	-0.430000	-0.640000	0.250000	4.170000	4.980000	2.970000	5.840000
247	YKR080W  	-0.030000	-2.120000	-2.320000	-2.250000	-2.840000	-2.400000	-2.320000
248	YER055C  	-0.470000	2.700000	1.170000	0.240000	1.480000	0.790000	0.580000
249	YKR081C  	0.430000	-2.470000	-1.470000	-0.620000	-1.600000	-0.620000	-0.340000
250	YDR432W  	0.240000	0.370000	-1.740000	-1.400000	-1.560000	-1.510000	-1.470000
251	YFL003C  	-0.380000	1.540000	2.680000	3.580000	4.200000	3.010000	2.610000
252	YKL050C  	-0.490000	0.540000	0.100000	0.560000	0.490000	2.690000	2.050000
253	YFR035C  	-0.270000	-0.380000	0.240000	0.240000	1.860000	1.340000	0.950000
254	YJL144W  	-0.090000	0.420000	-0.810000	-1.320000	-2.250000	-1.510000	-0.760000
255	YDR077W  	0.040000	0.010000	-1.220000	-1.470000	-1.840000	-2.120000	-1.840000
256	YLR061W  	-0.200000	-2.320000	-1.740000	-1.740000	-1.640000	-1.000000	-0.360000
257	YLR134W  	-0.290000	-2.470000	-1.790000	-2.840000	-3.320000	-2.940000	-1.690000
258	YDR361C  	0.150000	-1.600000	-0.300000	-0.380000	-0.600000	0.330000	0.900000
261	YLR062C  	-0.150000	-2.560000	-2.320000	-1.940000	-1.840000	-1.220000	-0.690000
262	YOR297C  	-0.340000	-0.300000	0.000000	1.320000	2.050000	1.620000	1.340000
263	YFR036W  	-0.810000	-0.470000	-0.100000	1.410000	2.090000	2.230000	0.990000
264	YLL031C  	-0.640000	0.750000	0.740000	1.620000	1.640000	1.010000	0.950000
265	YDR508C  	0.160000	-2.740000	-1.890000	1.050000	3.010000	2.810000	3.500000
266	YLR136C  	-0.150000	-1.690000	-1.640000	-2.940000	-2.740000	-2.470000	-2.640000
267	YLR209C  	-0.290000	0.120000	1.180000	2.030000	2.900000	2.590000	2.340000
268	YEL026W  	0.030000	-2.120000	-1.290000	-0.450000	-1.180000	-0.640000	-0.640000
269	YJL146W  	-0.540000	0.810000	-0.060000	0.460000	1.680000	1.500000	1.410000
270	YMR115W  	-0.600000	-0.070000	0.210000	1.200000	1.500000	1.160000	0.860000
271	YJL074C  	-0.220000	-1.790000	2.090000	2.230000	2.030000	0.490000	0.310000
273	YDL049C  	-0.420000	-0.690000	-0.070000	0.040000	2.030000	2.380000	2.190000
274	YPL247C  	-0.450000	0.060000	-1.180000	-1.470000	-2.120000	-1.840000	-1.220000
275	YOR299W  	-0.300000	-1.740000	-2.250000	-2.940000	-3.640000	-3.060000	-3.180000
276	YLL033W  	-0.510000	-0.270000	0.070000	0.830000	2.050000	1.580000	1.230000
277	YKL127W  	-0.300000	0.390000	0.280000	0.030000	-0.600000	-1.250000	-1.740000
278	YJL148W  	-0.170000	-2.470000	-1.470000	-0.510000	-0.920000	-0.670000	-0.810000
279	YDR365C  	-0.220000	-2.840000	-1.470000	-0.710000	-1.060000	-1.360000	-0.890000
282	YGR019W  	0.010000	1.930000	0.200000	-0.580000	-1.430000	-1.290000	-0.180000
283	YOR003W  	-0.290000	2.230000	0.990000	0.670000	-0.060000	-0.690000	-1.430000
285	YKL056C  	-0.420000	-1.030000	-2.470000	-2.120000	-2.560000	-1.740000	-1.470000
288	YNR026C  	0.460000	-0.620000	-0.510000	0.550000	1.980000	1.360000	1.730000
289	YKR089C  	-0.380000	0.410000	-0.070000	0.930000	2.530000	2.300000	1.930000
290	YIL099W  	-0.340000	0.770000	-0.430000	1.870000	3.860000	3.900000	5.000000
291	YDR368W  	-0.070000	-0.560000	-0.360000	-1.560000	-2.320000	-1.740000	-1.790000
292	YLR352W  	-0.840000	1.930000	-0.380000	-0.250000	-0.380000	-0.470000	-0.230000
293	YMR048W  	-0.230000	-0.290000	1.280000	0.920000	1.940000	0.040000	1.480000
294	YPL178W  	-0.360000	0.110000	0.240000	1.590000	2.950000	2.500000	2.580000
295	YOR007C  	0.440000	-0.010000	-0.170000	-0.220000	-0.940000	-1.790000	-2.060000
296	YMR049C  	-0.090000	-2.250000	-1.250000	-0.810000	-0.890000	-0.470000	-0.170000
297	YBR040W  	-0.710000	-0.580000	-0.690000	0.070000	2.110000	0.400000	0.460000
298	YLR354C  	-0.270000	0.180000	0.080000	-0.970000	-1.430000	-1.840000	-1.790000
299	YGL202W  	0.140000	0.750000	-0.320000	-1.320000	-1.940000	-1.740000	-1.740000
300	YBL010C  	0.010000	0.210000	0.700000	1.450000	2.250000	1.770000	1.240000
301	YCR021C  	0.000000	-0.740000	-1.430000	-1.470000	-2.000000	-1.840000	-1.400000
302	YHR141C  	0.140000	-1.840000	-1.220000	-1.510000	-1.890000	-0.740000	-0.470000
303	YLR428C  	0.180000	-0.040000	-0.620000	-0.890000	-1.790000	-0.450000	-2.250000
304	YDL193W  	-0.340000	1.150000	1.660000	2.500000	2.140000	1.220000	0.680000
307	YBR117C  	0.320000	-0.290000	-0.920000	-1.320000	-1.640000	0.340000	1.640000
308	YDR299W  	-0.140000	-3.060000	-1.430000	-0.860000	-2.060000	-1.600000	-1.430000
309	YLR429W  	-0.090000	-0.090000	-0.600000	-1.560000	-2.000000	-2.000000	-2.470000
311	YGL205W  	-0.040000	1.770000	0.910000	0.770000	1.460000	1.940000	2.480000
312	YDL195W  	0.120000	-0.470000	-0.810000	-0.940000	-1.640000	-2.180000	-1.840000
313	YAL034C  	0.190000	-0.030000	-1.030000	-1.290000	-1.840000	-1.940000	-1.740000
314	YBR045C  	0.190000	0.190000	0.100000	1.550000	2.880000	3.370000	3.560000
316	YGR239C  	-0.300000	2.200000	1.710000	0.900000	1.080000	0.500000	0.120000
317	YAL036C  	-0.150000	-2.740000	-1.790000	-1.320000	-2.120000	0.300000	-0.890000
318	YLR359W  	0.000000	-1.740000	-2.000000	-2.740000	-3.060000	-2.400000	-1.940000
319	YGL062W  	-0.100000	2.260000	1.700000	1.270000	0.710000	0.160000	0.120000
321	YMR193W  	-0.340000	-1.690000	-0.860000	-0.420000	0.890000	0.600000	0.500000
322	YOR152C  	-0.230000	0.650000	0.760000	1.120000	2.680000	1.740000	3.220000
324	YOR225W  	-0.290000	1.710000	1.880000	1.290000	0.990000	0.570000	0.400000
325	YOL121C  	0.110000	-1.940000	-1.320000	-2.000000	-2.120000	-1.360000	-0.470000
326	YKR012C  	-0.070000	-0.200000	-0.740000	-1.940000	-2.120000	-1.840000	-2.120000
328	YAL038W  	-0.060000	-1.890000	-1.690000	-2.320000	-2.400000	-0.810000	-1.600000
329	YGL137W  	-0.010000	-0.890000	-0.490000	-1.150000	-1.740000	-2.060000	-1.890000
330	YNL142W  	-0.560000	3.910000	4.020000	1.390000	-0.670000	-0.640000	-0.760000
331	YML090W  	-0.400000	1.060000	0.730000	1.810000	1.710000	1.570000	1.200000
332	YOR153W  	-0.060000	-2.060000	-1.360000	-1.790000	-1.840000	-1.640000	-1.640000
333	YGL138C  	0.040000	-0.510000	-0.470000	3.160000	4.550000	3.680000	4.820000
334	YML091C  	-0.380000	1.230000	1.100000	1.770000	2.120000	1.820000	1.900000
335	YOR081C  	-0.270000	0.520000	-0.010000	0.160000	1.650000	1.760000	2.060000
336	YKR013W  	-0.100000	-0.690000	-0.710000	-2.840000	-3.640000	-3.470000	-3.840000
337	YJR107W  	-0.450000	-0.740000	-1.090000	1.030000	1.860000	1.660000	1.650000
338	YMR196W  	-0.300000	1.520000	0.660000	0.550000	0.210000	-0.560000	-0.620000
339	YMR269W  	-0.540000	-2.120000	-1.120000	-0.290000	-0.970000	-0.510000	0.240000
340	YOR228C  	-0.300000	0.430000	-0.490000	-1.220000	-1.890000	-2.180000	-1.560000
341	YDR009W  	-0.320000	0.550000	-0.790000	-0.970000	-1.560000	-0.810000	0.030000
343	YOL124C  	-0.420000	-2.120000	-1.060000	-0.400000	-1.600000	-0.010000	-0.940000
344	YJR036C  	-0.200000	1.620000	1.390000	2.710000	3.590000	3.610000	3.930000
345	YJR109C  	-0.120000	2.990000	1.490000	-0.270000	0.250000	0.460000	0.840000
346	YML093W  	-0.290000	-2.250000	-1.690000	-0.890000	-1.690000	-0.890000	-0.220000
347	YGR099W  	-0.710000	0.730000	1.200000	1.730000	2.130000	1.590000	1.070000
349	YMR198W  	-0.490000	1.970000	2.540000	2.270000	3.530000	2.840000	2.480000
350	YNL219C  	-0.340000	0.420000	0.030000	0.250000	2.320000	2.310000	2.460000
351	YPL104W  	-0.360000	-0.640000	-1.320000	-2.060000	-2.400000	-2.320000	-2.250000
352	YOL125W  	-0.070000	2.060000	2.140000	1.180000	1.060000	0.570000	-0.010000
353	YKR016W  	-0.200000	-1.840000	-0.840000	-1.120000	-1.690000	-2.250000	-2.560000
355	YOR084W  	-0.580000	2.170000	0.180000	-0.070000	0.340000	0.360000	0.030000
357	YOL126C  	-0.070000	1.550000	1.040000	-0.540000	-1.060000	-1.690000	-2.120000
358	YNL074C  	-0.290000	0.120000	-1.510000	-1.940000	-2.560000	-2.740000	-2.560000
359	YMR199W  	0.360000	0.070000	0.230000	-1.030000	-1.890000	-1.640000	-1.220000
360	YNL147W  	-0.670000	0.330000	0.760000	0.720000	1.700000	1.260000	1.080000
361	YPL033C  	-0.560000	0.210000	0.520000	3.610000	4.240000	3.450000	3.680000
362	YPL106C  	0.040000	-1.690000	-1.430000	-0.920000	-1.690000	-2.320000	-2.320000
363	YPR138C  	-0.450000	1.550000	0.320000	-0.540000	-0.710000	-0.890000	-0.710000
364	YOL127W  	-0.010000	-1.600000	-1.150000	-1.740000	-2.180000	-1.560000	-0.620000
366	YBR266C  	0.150000	-2.000000	-0.890000	0.000000	-1.030000	-0.270000	-0.040000
367	YKR019C  	-0.430000	0.670000	0.260000	0.830000	2.450000	1.910000	1.600000
368	YPL034W  	-0.540000	1.530000	0.890000	1.750000	3.240000	2.630000	2.560000
369	YPL035C  	-0.740000	0.790000	0.800000	1.010000	2.560000	1.840000	1.610000
370	YER131W  	0.360000	-1.890000	-1.790000	-2.180000	-1.940000	-1.510000	-0.600000
371	YBR195C  	-0.270000	0.390000	0.100000	0.750000	1.840000	1.790000	1.280000
372	YOR088W  	-0.450000	1.550000	0.640000	0.820000	0.690000	0.010000	-0.120000
373	YDR226W  	0.080000	-0.860000	-0.340000	-1.290000	-1.890000	-1.890000	-2.060000
375	YBR268W  	-0.300000	-1.120000	-0.150000	1.120000	2.460000	2.180000	1.990000
376	YNL078W  	-0.090000	0.310000	-0.380000	-1.320000	-1.840000	-1.890000	-2.180000
377	YLR211C  	-0.340000	-0.060000	1.240000	1.000000	1.920000	2.070000	0.790000
378	YNL079C  	-0.270000	-0.450000	-0.560000	-1.470000	-1.640000	-1.740000	-2.470000
379	YDL050C  	0.190000	-1.430000	-0.970000	0.250000	1.670000	1.970000	1.870000
380	YOL058W  	-0.470000	2.720000	1.270000	0.190000	0.280000	-0.150000	-0.360000
381	YOL059W  	-0.070000	-1.690000	-1.690000	-2.180000	-3.060000	-3.060000	-2.840000
382	YER062C  	-0.040000	-2.120000	-0.320000	0.530000	-0.060000	-0.100000	-0.250000
383	YOR374W  	0.070000	1.640000	0.840000	-0.150000	-0.470000	-1.120000	-1.000000
384	YLR213C  	-0.300000	-0.860000	-0.250000	1.880000	3.210000	2.780000	3.100000
385	YDL051W  	-0.090000	-0.890000	-0.710000	0.190000	1.090000	1.590000	1.610000
387	YDR083W  	-0.300000	-3.320000	-1.510000	-0.740000	-1.220000	-0.620000	-0.510000
388	YNL292W  	-0.580000	-1.890000	-0.140000	0.200000	-0.580000	-0.940000	-0.790000
389	YER064C  	0.160000	-2.840000	-2.320000	-2.000000	-2.840000	-1.640000	-1.690000
390	YFL011W  	-0.470000	-2.320000	-0.380000	1.780000	3.980000	3.530000	4.690000
391	YEL032W  	-0.070000	0.340000	1.510000	1.070000	0.520000	-0.420000	-0.620000
392	YLR142W  	0.260000	-0.790000	-1.250000	-2.000000	-2.000000	-1.740000	-1.470000
393	YJL153C  	-0.180000	2.570000	0.770000	1.620000	1.060000	0.240000	-0.300000
394	YER065C  	0.360000	2.100000	0.700000	-1.740000	-0.490000	-0.150000	0.410000
396	YFL012W  	-0.300000	0.260000	0.030000	1.740000	2.320000	2.490000	2.500000
397	YDL055C  	0.120000	-1.470000	-0.710000	-1.640000	0.320000	0.690000	0.520000
398	YKL060C  	0.210000	-1.640000	-0.840000	-2.400000	-2.940000	-3.320000	-2.560000
399	YDR370C  	-0.510000	-0.400000	0.150000	0.450000	2.410000	0.770000	2.090000
400	YDR516C  	-0.320000	-0.100000	-1.430000	0.830000	2.780000	2.780000	4.120000
401	YFL014W  	0.390000	-0.250000	1.850000	1.060000	0.930000	0.630000	1.700000
403	YJL082W  	-0.300000	0.010000	-0.740000	-1.000000	-2.000000	-2.060000	-2.060000
404	YDR371W  	-0.290000	0.510000	-0.040000	1.990000	3.710000	3.850000	4.240000
406	YER067W  	-0.040000	-1.740000	-2.120000	-2.470000	-2.740000	-2.560000	-2.740000
407	YOR010C  	-0.600000	-0.230000	-0.620000	0.190000	1.930000	1.460000	1.060000
408	YBL099W  	0.230000	-1.600000	-0.320000	-0.670000	-1.250000	-2.180000	-2.250000
409	YMR125W  	-0.180000	0.850000	0.060000	2.300000	2.900000	2.700000	2.880000
410	YDR089W  	-0.360000	0.940000	0.150000	1.440000	2.030000	1.790000	0.900000
411	YPL255W  	-0.510000	-0.070000	0.030000	1.330000	1.830000	2.060000	1.610000
412	YFR031BC 	-0.300000	-2.470000	-2.060000	-2.740000	-2.840000	-1.940000	-1.030000
413	YDR446W  	-0.120000	1.440000	2.930000	3.960000	3.830000	4.000000	3.270000
414	YER069W  	-0.170000	2.360000	1.140000	0.420000	0.690000	1.240000	1.100000
415	YFL017C  	-0.150000	-0.200000	0.370000	0.620000	2.090000	2.090000	2.220000
416	YJL158C  	0.120000	-0.840000	-1.400000	-2.060000	-1.600000	-1.790000	-1.840000
417	YDR374C  	-0.540000	2.420000	3.350000	3.730000	4.320000	3.770000	4.100000
418	YMR127C  	-0.060000	0.670000	1.290000	1.160000	1.950000	0.510000	1.280000
419	YNR033W  	-0.200000	-1.180000	-1.940000	-2.250000	-2.470000	-2.640000	-2.940000
420	YNL002C  	-0.320000	-2.640000	-1.360000	-0.970000	-1.740000	-1.150000	-0.600000
421	YLR075W  	0.200000	-1.600000	-2.000000	-2.320000	-2.640000	-1.840000	-1.060000
422	YLR076C  	0.120000	-1.640000	-2.000000	-2.400000	-2.740000	-1.690000	-0.940000
423	YLL044W  	0.100000	-2.560000	-1.940000	-1.890000	-2.400000	-1.740000	-0.620000
424	YJL159W  	0.000000	-0.710000	-2.000000	-2.400000	-2.840000	-2.400000	-2.640000
425	YNR034W  	-0.230000	-0.360000	-0.170000	0.700000	3.380000	3.220000	4.550000
426	YGR240C  	-0.090000	-0.170000	-0.510000	-1.250000	-1.790000	-2.180000	-2.120000
427	YLL045C  	0.160000	-2.560000	-2.000000	-1.940000	-2.560000	-1.840000	-0.600000
428	YKR097W  	0.100000	-1.180000	-2.840000	-2.840000	-2.000000	-2.120000	-1.120000
429	YDR449C  	-0.360000	-2.640000	-1.600000	-0.430000	-0.450000	0.190000	-0.670000
430	YMR056C  	-0.400000	-0.540000	1.010000	1.890000	1.970000	1.510000	1.140000
431	YCR100C  	0.260000	0.580000	-0.220000	-0.810000	-1.510000	-0.690000	-1.090000
432	YGR241C  	-0.200000	1.000000	0.290000	-0.090000	-0.840000	-1.430000	-1.690000
433	YLL046C  	0.040000	1.000000	2.750000	5.350000	4.310000	3.840000	3.580000
434	YJL088W  	-0.180000	1.890000	1.380000	1.110000	1.010000	0.370000	0.620000
435	YKR099W  	-0.090000	0.160000	0.460000	0.820000	1.440000	1.250000	2.200000
436	YLL047W  	-0.230000	1.300000	2.030000	4.530000	4.240000	2.790000	2.360000
437	YMR058W  	-0.180000	-0.490000	-0.670000	-2.470000	-2.840000	-2.180000	-2.060000
438	YLR290C  	-0.100000	0.630000	1.000000	1.530000	2.350000	1.520000	2.380000
439	YAL040C  	-0.170000	-2.250000	-1.690000	-2.250000	-2.560000	-0.300000	-2.400000
440	YNR038W  	-0.380000	-2.640000	-1.940000	-1.640000	-2.060000	-1.940000	-1.600000
441	YHR150W  	0.110000	0.860000	0.570000	1.180000	2.790000	2.510000	2.650000
442	YCR031C  	-0.270000	-2.560000	-1.120000	-1.740000	-1.840000	-1.150000	-0.710000
443	YOR018W  	-0.580000	0.480000	-1.320000	-1.790000	-2.320000	-2.400000	-2.250000
444	YLR364W  	-0.420000	2.080000	-0.360000	-0.640000	0.570000	-0.180000	0.330000
445	YHR151C  	-0.140000	0.760000	0.250000	0.680000	1.290000	1.530000	2.060000
446	YOR019W  	0.120000	-0.340000	0.120000	1.120000	1.800000	1.380000	1.010000
447	YLR438W  	-0.070000	3.090000	2.580000	2.560000	2.440000	1.630000	1.740000
448	YMR272C  	-0.510000	-0.580000	0.700000	1.620000	2.570000	2.610000	1.700000
449	YDR011W  	-0.270000	-1.600000	-1.790000	-1.840000	-2.470000	-2.000000	-1.600000
450	YHR152W  	-0.140000	0.620000	0.200000	1.430000	2.790000	1.740000	1.830000
451	YNL009W  	-0.010000	1.800000	-0.070000	-1.060000	-1.600000	-0.600000	0.290000
453	YHR153C  	-0.490000	0.300000	2.090000	3.190000	3.070000	2.550000	1.160000
454	YLR294C  	0.030000	-2.000000	-0.580000	-0.620000	-1.000000	-0.740000	-1.690000
455	YDR012W  	-0.010000	-1.740000	-1.740000	-1.690000	-2.320000	-2.180000	-1.470000
457	YIL101C  	-0.170000	0.290000	-1.360000	-1.740000	-1.890000	-1.000000	-0.640000
458	YGL143C  	-0.490000	-1.090000	-0.220000	-0.250000	0.500000	1.800000	-0.670000
459	YOR304W  	-0.560000	0.150000	-0.250000	0.680000	1.620000	1.370000	1.180000
460	YLR367W  	0.150000	-1.220000	-2.060000	-2.000000	-2.060000	-1.220000	-0.450000
461	YGR175C  	-0.200000	-0.490000	0.300000	-0.810000	-1.740000	-1.360000	-1.290000
462	YCR034W  	0.230000	-1.250000	-0.200000	-0.510000	1.160000	1.550000	1.690000
463	YGL216W  	-0.420000	0.950000	1.030000	1.410000	1.860000	1.540000	1.270000
466	YBL024W  	0.140000	-2.120000	-0.670000	0.480000	-0.270000	-0.470000	-0.470000
467	YOR306C  	-0.360000	-2.840000	-2.400000	-1.560000	-1.640000	-1.560000	-1.740000
468	YBR056W  	0.060000	0.290000	-0.340000	-1.150000	-1.890000	-1.430000	-1.290000
469	YGR249W  	0.030000	-0.970000	-1.030000	-1.740000	-1.690000	-1.890000	-2.400000
470	YDR015C  	-0.450000	2.110000	2.820000	3.780000	3.970000	3.350000	2.390000
472	YJR041C  	-0.510000	-2.940000	-1.510000	-0.940000	-1.180000	-0.970000	-1.150000
474	YNL150W  	-0.060000	0.690000	1.120000	1.730000	2.050000	1.480000	1.300000
475	YNL223W  	-0.170000	0.960000	0.140000	0.860000	1.890000	1.080000	1.420000
476	YPR140W  	-0.030000	0.250000	0.040000	1.070000	2.950000	3.120000	3.580000
477	YMR276W  	-0.090000	1.780000	0.230000	0.030000	-0.220000	-0.760000	-1.250000
478	YPR141C  	-0.510000	-0.290000	0.820000	1.790000	2.620000	1.600000	1.810000
479	YGR178C  	0.150000	0.140000	-0.220000	-1.400000	-1.840000	-1.740000	-1.890000
480	YIL031W  	-0.380000	2.930000	2.050000	3.140000	3.250000	2.660000	2.140000
481	YKR021W  	-0.360000	0.730000	-0.250000	-0.790000	-1.510000	-1.560000	-1.180000
482	YHR157W  	-0.510000	1.040000	1.460000	2.560000	2.090000	1.780000	0.080000
483	YBR059C  	-0.030000	-0.320000	-1.030000	-1.740000	-2.320000	-1.320000	-1.400000
484	YNL225C  	-0.420000	0.700000	0.960000	2.810000	4.390000	3.490000	4.310000
485	YGR179C  	-0.040000	0.770000	1.200000	1.220000	2.180000	1.340000	1.490000
486	YOR309C  	-0.140000	-3.060000	-2.180000	-0.940000	-2.120000	-1.150000	-0.740000
488	YGL075C  	-0.170000	0.860000	0.930000	2.050000	1.900000	1.740000	0.300000
489	YLR002C  	-0.180000	-2.470000	-1.090000	-0.560000	-1.430000	-0.970000	-0.940000
490	YNL080C  	-0.200000	0.230000	0.700000	1.740000	2.280000	1.990000	1.850000
492	YLR299W  	-0.380000	1.660000	0.960000	0.580000	0.830000	0.390000	-0.170000
493	YPL111W  	-0.250000	2.560000	2.320000	2.730000	2.150000	1.420000	1.050000
494	YOL132W  	-0.430000	-0.040000	-0.560000	3.320000	5.070000	4.340000	5.410000
495	YIL034C  	-0.490000	-0.300000	-0.860000	-1.600000	-1.890000	-2.180000	-2.470000
496	YPR143W  	-0.270000	-2.560000	-0.740000	-0.040000	-0.740000	-0.620000	-0.840000
497	YOR091W  	-0.320000	-1.790000	-1.600000	-0.920000	0.100000	0.330000	0.290000
498	YGL076C  	0.080000	-1.640000	-2.180000	-2.470000	-2.560000	-1.840000	-0.970000
499	YOR237W  	-0.360000	0.120000	0.110000	0.580000	1.700000	1.200000	1.300000
500	YKR024C  	-0.430000	-2.640000	-0.970000	-0.420000	-1.430000	-0.860000	-1.000000
501	YNL154C  	0.120000	0.070000	-0.090000	1.040000	2.130000	1.770000	1.800000
502	YJR045C  	-0.100000	-0.760000	-1.890000	-2.180000	-2.000000	-2.320000	-2.060000
503	YPR144C  	-0.490000	-2.740000	-1.640000	-0.760000	-1.560000	-1.120000	-0.890000
504	YHR087W  	-0.290000	-0.790000	-1.600000	-2.180000	-2.060000	-0.620000	-0.070000
505	YPL113C  	-0.030000	1.230000	0.870000	1.890000	2.180000	1.860000	1.600000
506	YLR004C  	-0.420000	1.800000	0.750000	-0.070000	-0.490000	-0.270000	-0.300000
507	YJR119C  	-0.430000	-0.420000	-0.180000	1.610000	3.130000	2.860000	2.350000
510	YJL015C  	-0.340000	0.360000	0.060000	-1.890000	1.950000	0.260000	2.260000
511	YHR088W  	-0.560000	-2.640000	-0.690000	0.160000	-0.560000	-0.340000	-0.470000
512	YPR145W  	-0.230000	0.060000	-1.060000	-1.790000	-1.940000	-1.560000	-2.120000
513	YGL078C  	-0.220000	-2.840000	-2.000000	-0.450000	0.370000	0.700000	0.730000
514	YHR089C  	-0.300000	-2.470000	-2.060000	-0.860000	-1.430000	-1.220000	-1.250000
516	YIL037C  	-0.450000	-0.290000	-0.810000	0.570000	2.060000	2.090000	1.900000
517	YPR074C  	0.240000	-1.740000	-1.940000	-3.470000	-4.060000	-3.470000	-3.320000
518	YJL016W  	-0.180000	0.820000	0.780000	0.660000	1.980000	1.810000	2.070000
519	YOL064C  	-0.560000	0.910000	-0.170000	0.560000	1.640000	1.070000	0.620000
520	YJL017W  	-0.220000	0.940000	-0.040000	0.260000	1.870000	0.660000	2.610000
521	YPL043W  	-0.200000	-2.250000	-0.690000	-0.340000	-0.340000	-0.120000	-0.360000
522	YOR096W  	0.070000	-1.790000	-1.890000	-2.320000	-2.400000	-1.430000	-0.430000
523	YDL130W  	0.140000	-2.000000	-1.430000	-1.220000	-1.560000	-1.000000	-0.510000
525	YPL119C  	-0.170000	1.520000	1.370000	2.200000	1.490000	1.550000	1.770000
526	YOL067C  	-0.540000	0.400000	0.390000	1.500000	1.840000	1.340000	0.300000
527	YDL204W  	0.190000	0.960000	-0.560000	-1.000000	-1.560000	-0.170000	0.980000
528	YPR078C  	-0.400000	-0.100000	-0.760000	3.370000	4.330000	3.290000	4.470000
529	YLR220W  	-0.510000	1.210000	0.890000	2.340000	3.850000	2.990000	3.380000
530	YOR382W  	-0.060000	-0.860000	0.070000	-1.560000	-2.470000	-1.940000	-1.790000
532	YOL068C  	-0.420000	0.370000	0.190000	1.290000	2.230000	1.830000	1.760000
533	YER070W  	0.110000	-0.180000	1.950000	1.510000	0.990000	0.070000	0.080000
534	YLR222C  	-0.100000	-4.320000	-2.560000	-1.600000	-2.560000	-0.230000	-1.150000
535	YPR079W  	-0.430000	0.420000	-0.250000	0.500000	2.180000	2.060000	1.840000
536	YAR003W  	-0.290000	0.540000	0.600000	1.080000	1.420000	1.860000	1.420000
537	YJL160C  	-0.290000	0.450000	0.040000	2.390000	3.980000	3.330000	4.600000
538	YDR522C  	-0.430000	-0.400000	-0.510000	3.940000	4.730000	4.340000	4.960000
540	YGR103W  	-0.270000	-2.640000	-2.060000	-1.000000	-1.690000	-1.290000	-0.790000
541	YMR202W  	-0.140000	0.620000	0.750000	-0.150000	-1.030000	-1.060000	-1.740000
542	YLR150W  	0.150000	-0.420000	-1.560000	-2.060000	-2.120000	-1.560000	-0.580000
543	YKL213C  	-0.030000	-0.420000	-0.760000	-0.810000	-1.600000	-2.120000	-2.000000
544	YDR523C  	-0.250000	-0.230000	0.030000	3.390000	4.080000	3.980000	5.150000
545	YOR385W  	0.070000	-3.060000	-3.060000	-3.640000	-3.840000	-3.470000	-3.470000
546	YEL041W  	-0.540000	0.010000	0.940000	1.810000	2.510000	1.280000	1.920000
548	YHR010W  	0.010000	-2.320000	-1.640000	-2.120000	-2.400000	-1.220000	-0.300000
549	YFR053C  	0.040000	-2.560000	-1.640000	-1.180000	-2.250000	-2.470000	-2.400000
550	YMR131C  	-0.300000	-2.940000	-2.060000	-0.810000	-2.250000	-1.180000	-1.560000
551	YFL021W  	-0.100000	1.560000	0.880000	0.040000	-0.320000	-0.540000	-0.470000
553	YER074W  	0.400000	-2.560000	-1.840000	-1.940000	-2.320000	-1.430000	-0.600000
554	YAR007C  	-0.140000	1.740000	2.410000	2.100000	2.040000	0.570000	0.840000
555	YLR153C  	-0.380000	0.990000	0.570000	-2.120000	-2.640000	-3.180000	-2.400000
556	YML100W  	-0.150000	0.530000	-1.090000	-1.690000	-2.180000	-1.220000	-1.940000
557	YKL142W  	-0.150000	-0.290000	-0.290000	0.180000	1.820000	1.800000	1.770000
559	YDR096W  	0.180000	-0.510000	-0.790000	-0.040000	1.330000	1.510000	1.860000
560	YPL262W  	-0.010000	0.720000	0.480000	-0.250000	-0.710000	-1.510000	-2.250000
563	YLR227C  	-0.450000	-0.580000	0.250000	2.050000	3.110000	2.780000	2.830000
564	YKL143W  	-0.300000	-3.840000	-1.790000	-0.970000	-1.560000	-1.000000	-0.640000
565	YGR034W  	0.000000	-2.180000	-1.470000	-2.000000	-2.060000	-1.290000	-0.740000
566	YDR380W  	0.250000	-3.840000	-2.470000	-0.890000	0.080000	0.670000	1.440000
567	YGR107W  	0.010000	-0.090000	-0.340000	0.230000	1.820000	1.040000	1.660000
568	YFR055W  	-0.380000	-2.000000	-1.740000	-2.560000	-3.840000	-3.470000	-3.640000
569	YGL003C  	-0.270000	0.230000	-0.580000	0.600000	2.100000	1.840000	1.860000
570	YMR133W  	-0.300000	1.480000	2.210000	3.710000	4.180000	3.090000	2.540000
571	YJL165C  	0.180000	-2.120000	-2.250000	-2.740000	-3.320000	-2.840000	-2.740000
572	YDR454C  	0.300000	-0.790000	-0.060000	0.200000	1.870000	1.850000	1.820000
573	YFR056C  	-0.380000	-1.690000	-1.180000	-2.180000	-2.560000	-1.940000	-2.060000
575	YOR389W  	-0.070000	-1.940000	-1.890000	-2.320000	-2.840000	-2.470000	-2.940000
577	YKL217W  	-0.470000	0.550000	-0.640000	-1.090000	-1.640000	-2.000000	-1.600000
578	YJL092W  	-0.640000	0.580000	1.370000	1.710000	1.940000	1.290000	2.180000
580	YCRX06W  	-0.150000	0.060000	0.070000	1.800000	1.880000	3.490000	2.790000
581	YKL218C  	-0.200000	-0.560000	-1.150000	-1.940000	-2.250000	-2.120000	-2.320000
582	YGR109C  	-0.120000	-0.250000	0.210000	1.290000	4.050000	2.530000	4.080000
583	YNR041C  	-0.580000	0.280000	-1.090000	-1.790000	-1.320000	-1.360000	-1.150000
584	YPL192C  	-0.490000	-0.180000	-0.380000	0.490000	1.820000	2.030000	1.470000
585	YHR015W  	-0.810000	-0.670000	0.120000	4.270000	5.580000	4.850000	5.880000
586	YDR382W  	0.450000	-1.640000	-2.120000	-1.940000	-2.400000	-1.430000	-0.740000
587	YPL265W  	-0.230000	0.900000	-0.060000	-1.940000	-2.470000	-2.470000	-1.250000
588	YLR084C  	-0.380000	0.910000	0.180000	0.160000	1.810000	1.580000	1.620000
589	YJL167W  	0.060000	-0.150000	-0.810000	-2.470000	-2.740000	-2.060000	-1.600000
590	YMR136W  	-0.090000	-0.600000	-1.320000	-1.220000	-1.740000	-2.180000	-2.120000
591	YDR384C  	0.040000	2.270000	1.310000	0.340000	-0.120000	-0.400000	0.100000
592	YLR441C  	-0.100000	-2.250000	-2.180000	-2.840000	-2.940000	-2.000000	-0.640000
593	YGL006W  	-0.150000	-0.710000	-1.510000	-2.000000	-2.320000	-2.000000	-1.640000
594	YPR001W  	-0.230000	2.270000	1.310000	1.040000	0.760000	-0.170000	-0.450000
596	YNR043W  	-0.320000	0.510000	-0.420000	-0.470000	-1.640000	-2.060000	-1.840000
597	YPL267W  	-0.540000	0.140000	1.700000	1.560000	2.210000	1.410000	1.270000
598	YHR018C  	-0.320000	1.950000	1.230000	0.230000	0.820000	0.740000	0.240000
599	YML033W  	-0.300000	0.200000	0.660000	1.550000	2.290000	2.520000	1.060000
600	YPR002W  	-0.340000	2.360000	1.790000	1.700000	1.220000	0.150000	-0.510000
601	YDR385W  	0.180000	-0.840000	-1.320000	-1.890000	-2.120000	-1.740000	-0.640000
602	YNL013C  	-0.270000	0.480000	0.930000	1.750000	2.570000	2.290000	2.750000
603	YGR250C  	0.080000	0.550000	-0.840000	-1.120000	-1.640000	-1.840000	-2.400000
604	YML034W  	-0.340000	0.700000	0.700000	1.760000	3.240000	2.600000	2.460000
605	YGL009C  	-0.070000	3.860000	4.060000	4.130000	4.080000	3.720000	4.110000
607	YNL014W  	0.060000	0.580000	0.800000	1.530000	2.250000	2.190000	2.540000
608	YBR132C  	-0.320000	-1.290000	-1.220000	-1.790000	-1.790000	0.290000	-2.060000
610	YLR089C  	-0.300000	-1.000000	-1.470000	-2.320000	-2.400000	-1.890000	-1.790000
611	YNL015W  	0.110000	-0.920000	-0.540000	-1.690000	-2.560000	-2.320000	-2.640000
612	YKL078W  	-0.420000	-1.600000	-0.790000	0.400000	-0.380000	-0.620000	-0.940000
613	YLR372W  	-0.270000	-1.030000	-0.290000	0.760000	2.240000	1.750000	1.700000
614	YLR445W  	-0.560000	-0.220000	1.010000	2.360000	2.610000	2.010000	0.060000
615	YPL198W  	-0.120000	-1.320000	-1.790000	-2.470000	-2.400000	-1.640000	-0.620000
616	YGR180C  	0.060000	0.380000	-0.250000	-0.940000	-1.740000	-1.510000	-1.120000
617	YOR310C  	-0.030000	-2.740000	-2.470000	-1.030000	-2.560000	-1.220000	-1.400000
618	YPR006C  	-0.380000	2.920000	1.950000	1.570000	1.590000	0.240000	-0.640000
619	YGL222C  	-0.220000	-1.470000	-0.790000	-1.470000	-1.400000	-0.450000	-2.560000
621	YML038C  	-0.620000	-1.640000	-1.940000	-2.940000	-2.840000	-2.640000	-2.060000
622	YPR007C  	-0.620000	2.120000	3.450000	3.890000	4.210000	3.330000	2.750000
623	YNL301C  	0.180000	-2.180000	-1.790000	-2.000000	-2.250000	-1.510000	-0.620000
624	YNL018C  	-0.470000	0.000000	0.210000	1.520000	3.010000	2.330000	2.300000
627	YNL302C  	0.200000	-1.740000	-1.320000	-2.060000	-2.180000	-1.510000	-0.420000
628	YLR448W  	-0.040000	-2.060000	-1.400000	-2.060000	-2.250000	-1.640000	-0.600000
629	YNL019C  	-0.600000	-0.030000	-0.100000	2.400000	3.940000	3.220000	3.850000
630	YOR313C  	-0.340000	-0.070000	0.110000	5.050000	4.230000	3.850000	5.460000
633	YER001W  	0.030000	0.330000	0.230000	-0.450000	-2.000000	-1.510000	-1.740000
634	YLR377C  	-0.170000	0.370000	-0.760000	-3.320000	-3.470000	-2.840000	-2.060000
635	YBR064W  	-0.340000	-0.380000	-0.030000	1.290000	3.350000	2.670000	2.550000
636	YJR121W  	-0.010000	-0.840000	-0.620000	-1.290000	-1.940000	-2.840000	-3.060000
637	YAL054C  	0.510000	2.600000	1.900000	1.700000	1.350000	-0.030000	-0.230000
638	YGR185C  	-0.070000	0.580000	0.380000	0.780000	2.630000	2.230000	2.670000
639	YOR242C  	-0.290000	-0.230000	-0.380000	2.360000	4.240000	3.500000	4.960000
640	YIL111W  	-0.580000	0.260000	-0.430000	0.560000	1.490000	1.680000	1.240000
642	YER003C  	0.280000	0.480000	2.150000	1.770000	2.480000	2.080000	2.000000
643	YAL055W  	-0.320000	0.830000	0.580000	0.820000	1.400000	2.050000	2.240000
645	YIL112W  	-0.360000	-0.640000	-0.290000	1.460000	2.880000	2.650000	2.460000
646	YGL081W  	-0.230000	1.290000	2.230000	3.030000	2.990000	2.500000	2.050000
647	YJR123W  	-0.200000	-2.000000	-2.560000	-2.740000	-2.940000	-2.180000	-1.120000
648	YHR166C  	0.030000	0.520000	0.770000	1.640000	3.080000	2.400000	3.410000
649	YGR187C  	-0.070000	-2.320000	-1.430000	-1.320000	-1.600000	-0.810000	-1.400000
650	YDR025W  	0.320000	-1.740000	-1.600000	-1.360000	-1.840000	-1.510000	-0.790000
651	YNL160W  	-0.150000	-1.890000	-2.120000	-2.560000	-3.180000	-2.740000	-3.320000
653	YJR125C  	-0.290000	0.100000	-0.510000	-1.600000	-1.940000	-1.740000	-1.360000
655	YBR069C  	0.210000	0.000000	-2.180000	-0.810000	0.580000	0.990000	1.320000
656	YGR189C  	-0.270000	-0.560000	-1.510000	-2.640000	-3.470000	-3.180000	-3.840000
657	YER006W  	0.060000	-2.320000	-2.060000	-1.470000	-2.250000	-1.470000	-1.430000
658	YPL120W  	-0.450000	1.060000	1.400000	1.960000	1.840000	1.400000	1.100000
659	YNL162W  	-0.380000	-2.470000	-1.180000	-1.940000	-1.890000	-1.180000	-0.600000
660	YPL121C  	-0.560000	2.110000	4.420000	4.840000	5.130000	4.260000	2.830000
661	YLR012C  	-0.220000	-0.070000	-0.380000	-0.400000	2.310000	2.850000	2.580000
662	YKR033C  	-0.290000	3.300000	3.150000	0.700000	1.660000	0.720000	1.430000
664	YGL158W  	-0.230000	-0.300000	-0.510000	0.550000	1.790000	1.820000	1.860000
665	YBL039C  	0.310000	-0.810000	-1.320000	-1.090000	-2.060000	-1.290000	-1.150000
667	YPL122C  	-0.510000	0.320000	0.930000	1.730000	1.840000	1.610000	1.280000
668	YOR175C  	-0.250000	-0.010000	0.550000	1.130000	2.070000	1.750000	1.720000
669	YLR013W  	-0.490000	-0.300000	-0.230000	1.320000	3.440000	2.760000	2.540000
670	YKR034W  	-0.220000	3.090000	2.940000	1.360000	1.650000	1.120000	1.820000
671	YOR248W  	-0.060000	0.010000	-0.180000	-1.690000	-0.740000	-0.360000	-2.250000
672	YOR249C  	-0.290000	0.190000	0.120000	1.560000	3.470000	3.830000	3.820000
673	YIL045W  	-0.040000	0.150000	0.200000	0.550000	2.260000	2.240000	2.700000
675	YOR177C  	-0.300000	2.030000	1.670000	2.350000	2.960000	2.800000	2.410000
676	YPL124W  	-0.380000	0.620000	1.220000	1.770000	2.750000	2.510000	1.940000
677	YNL239W  	-0.380000	1.830000	0.600000	-0.100000	-0.490000	-0.710000	-0.540000
678	YOR178C  	-0.320000	-1.890000	-2.120000	-1.640000	-2.180000	-2.740000	-2.740000
679	YOL146W  	-0.580000	0.300000	0.370000	0.010000	1.290000	0.520000	1.860000
680	YNL095C  	-0.360000	-0.360000	-0.380000	0.390000	2.280000	2.300000	1.860000
681	YLR300W  	-0.470000	-0.710000	-1.180000	-2.120000	-2.640000	-2.560000	-2.560000
682	YBR285W  	0.300000	1.300000	-0.070000	0.410000	1.970000	2.020000	1.740000
683	YPL126W  	-0.470000	-2.400000	-1.220000	-0.270000	-0.640000	-0.290000	-0.450000
684	YJR059W  	-0.040000	0.540000	-0.420000	-1.400000	-2.250000	-1.640000	-1.120000
685	YNL096C  	-0.320000	-2.560000	-1.600000	-2.320000	-1.290000	-1.060000	-0.640000
687	YER150W  	-0.220000	-1.290000	-3.180000	-3.640000	-2.940000	-2.470000	-3.060000
688	YDR171W  	0.280000	-0.100000	-1.320000	-1.000000	-1.640000	-2.470000	-2.320000
689	YDR317W  	-0.230000	-0.040000	-0.600000	2.780000	3.910000	3.620000	4.300000
691	YOR391C  	-0.220000	0.250000	0.420000	-1.030000	-0.640000	0.870000	2.440000
692	YDL214C  	-0.220000	-0.120000	-0.450000	-0.340000	1.590000	1.680000	1.370000
693	YBR287W  	-0.060000	-0.060000	-1.600000	-2.060000	-2.060000	-1.890000	-1.840000
694	YER152C  	-0.290000	0.840000	0.360000	-0.090000	-0.420000	-1.120000	-1.510000
695	YOL077C  	-0.180000	-3.060000	-1.250000	-0.690000	-1.790000	-1.320000	-1.400000
696	YNL098C  	-0.290000	-0.670000	-1.120000	-3.060000	-2.400000	-1.790000	-0.940000
697	YGR110W  	0.010000	0.200000	0.590000	1.230000	1.910000	2.150000	2.520000
698	YKL009W  	-0.620000	-2.940000	-2.640000	-1.560000	-2.640000	-1.790000	-1.640000
699	YLR303W  	-0.450000	3.610000	1.680000	-0.760000	-1.030000	-0.760000	-0.380000
700	YLR304C  	-0.070000	2.410000	1.770000	1.010000	0.990000	0.210000	0.420000
701	YPL057C  	-0.070000	-1.470000	-1.180000	-1.890000	-2.400000	-1.890000	-1.600000
702	YKL221W  	-0.510000	-0.340000	0.010000	0.930000	1.700000	2.520000	0.630000
703	YER082C  	-0.170000	-2.250000	-1.400000	-0.670000	-1.180000	-0.810000	-0.670000
705	YJL171C  	-0.620000	-1.000000	-1.840000	-2.250000	-2.740000	-2.180000	-2.470000
706	YDR533C  	-0.300000	-0.490000	0.060000	0.110000	1.060000	1.380000	1.940000
707	YAR015W  	0.110000	-1.510000	-1.400000	-1.360000	-1.840000	-1.890000	-2.000000
708	YHR020W  	-0.400000	-1.180000	-0.860000	-0.140000	1.340000	1.570000	0.890000
709	YKL150W  	-0.150000	-0.940000	-0.510000	-1.320000	-2.180000	-2.470000	-1.690000
710	YDR177W  	-0.320000	-0.510000	-0.090000	1.120000	2.650000	2.580000	2.250000
711	YLR307W  	-0.420000	-0.070000	0.190000	3.210000	4.140000	3.750000	3.380000
712	YKL151C  	-0.270000	-0.140000	-0.140000	-1.470000	-2.180000	-2.400000	-1.150000
713	YJL172W  	-0.640000	0.400000	-0.170000	-2.120000	-2.560000	-1.600000	-0.760000
714	YER084W  	-0.230000	0.880000	0.860000	1.050000	2.270000	1.130000	1.640000
715	YLR308W  	-0.250000	0.380000	-0.220000	3.810000	4.580000	4.000000	5.150000
716	YKL152C  	0.060000	-3.640000	-2.400000	-4.060000	-4.060000	-3.840000	-3.470000
717	YGR043C  	-0.030000	0.750000	0.340000	-0.120000	0.930000	1.550000	2.240000
719	YOR100C  	-0.230000	2.760000	2.370000	1.810000	1.680000	0.860000	1.070000
721	YER158C  	-0.290000	-1.090000	-1.250000	-2.060000	-2.640000	-2.470000	-2.470000
722	YEL054C  	0.300000	-2.180000	-1.840000	-2.000000	-2.560000	-1.600000	-0.840000
723	YDL148C  	0.280000	-2.840000	-1.510000	-0.600000	-1.090000	-0.600000	-0.400000
724	YKL153W  	-0.010000	-3.640000	-2.250000	-4.060000	-3.640000	-3.320000	-3.060000
726	YDR537C  	-0.270000	0.690000	0.330000	1.230000	1.660000	1.840000	0.700000
727	YGR118W  	0.380000	-1.600000	-1.150000	-1.790000	-1.640000	-1.250000	-0.740000
728	YMR144W  	-0.430000	0.500000	2.010000	1.700000	2.010000	1.500000	0.800000
729	YMR217W  	-0.320000	-2.640000	-2.060000	-1.120000	-2.400000	-1.740000	-1.840000
730	YLR238W  	0.040000	-0.200000	-0.450000	0.660000	1.570000	0.800000	0.870000
731	YKL082C  	-0.430000	-3.180000	-1.290000	-0.320000	-0.760000	-0.510000	0.000000
732	YDR465C  	-0.320000	-2.560000	-1.150000	-0.100000	-0.710000	-0.100000	-0.540000
733	YIR004W  	-0.430000	-0.400000	-0.560000	0.390000	1.680000	1.310000	1.250000
734	YLL061W  	-0.560000	2.760000	0.750000	0.370000	0.280000	0.120000	0.480000
735	YGL015C  	-0.340000	-0.180000	-0.230000	2.780000	3.740000	3.340000	4.140000
736	YDR538W  	-0.320000	1.140000	0.700000	1.070000	2.370000	1.280000	1.100000
738	YEL057C  	-0.290000	-0.450000	-0.970000	-1.030000	0.640000	1.930000	2.380000
740	YJL177W  	-0.180000	-2.560000	-2.120000	-2.840000	-2.560000	-1.740000	-0.920000
742	YOR032C  	-0.180000	0.800000	-0.270000	0.520000	1.910000	0.930000	1.660000
743	YNR053C  	-0.180000	-3.470000	-1.640000	-0.840000	-1.640000	-0.890000	-0.890000
744	YFL037W  	0.000000	-0.360000	0.900000	1.890000	1.970000	1.180000	0.770000
745	YML042W  	-0.230000	3.400000	2.390000	2.310000	1.930000	1.060000	1.320000
746	YMR147W  	-0.060000	2.090000	1.940000	2.140000	2.440000	0.780000	1.460000
748	YOR033C  	-0.300000	1.000000	1.340000	3.200000	3.790000	3.880000	3.830000
749	YNR054C  	-0.360000	-2.470000	-1.060000	-0.320000	-1.400000	-0.220000	-0.790000
750	YPL278C  	-0.300000	-1.690000	-1.790000	-1.890000	-2.470000	-1.220000	-2.470000
751	YIR007W  	-0.340000	1.200000	0.200000	-0.790000	-1.470000	-1.690000	-1.940000
752	YFL039C  	0.010000	-0.290000	-0.300000	-1.090000	-1.690000	-2.120000	-2.120000
753	YMR148W  	-0.510000	1.580000	1.570000	1.870000	2.210000	1.360000	1.340000
754	YLR096W  	0.120000	1.530000	1.770000	2.830000	2.600000	1.080000	1.260000
755	YMR076C  	-0.220000	-0.600000	2.270000	2.150000	1.790000	0.810000	0.640000
756	YGR260W  	-0.040000	-0.140000	-1.090000	-1.150000	-2.060000	-1.690000	-1.690000
757	YBR214W  	0.310000	0.610000	-0.270000	-1.150000	-1.510000	-1.940000	-1.180000
758	YGL230C  	-0.220000	-0.070000	-0.010000	1.580000	2.870000	2.690000	3.380000
759	YOR108W  	-0.220000	2.200000	0.810000	-0.100000	-0.040000	0.070000	0.420000
761	YLR099C  	-0.150000	-1.290000	-0.360000	1.280000	2.140000	1.530000	1.280000
763	YML119W  	-0.150000	-0.010000	0.080000	2.300000	3.800000	3.110000	2.590000
764	YOR036W  	-0.100000	-1.000000	-1.400000	-1.890000	-2.320000	-2.250000	-2.560000
765	YDR398W  	-0.320000	-3.640000	-1.790000	-1.220000	-2.740000	-1.220000	-1.320000
766	YML047C  	-0.140000	-0.120000	-0.340000	0.550000	2.200000	1.380000	1.910000
767	YNL026W  	-0.600000	-0.490000	-0.060000	0.900000	2.020000	1.640000	1.100000
768	YAL060W  	0.210000	-0.470000	-0.760000	-1.400000	-1.940000	-1.000000	-0.040000
769	YMR290C  	-0.040000	-2.640000	-1.940000	-0.600000	-1.600000	-1.220000	-1.090000
771	YHR170W  	-0.140000	-2.400000	-1.250000	-0.450000	-1.690000	-0.600000	-0.180000
773	YGR192C  	-0.060000	-2.060000	-1.560000	-2.840000	-2.840000	-2.640000	-2.740000
774	YDR103W  	-0.580000	-0.300000	-0.690000	0.680000	2.060000	1.910000	1.520000
776	YDR104C  	-0.400000	0.550000	0.200000	1.460000	3.060000	3.070000	2.460000
777	YAL062W  	0.300000	2.590000	3.000000	1.440000	0.310000	0.340000	1.360000
778	YGL234W  	-0.120000	-0.890000	-1.360000	-1.840000	-2.470000	-2.120000	-1.510000
779	YNL312W  	-0.490000	0.410000	1.880000	1.850000	1.620000	0.640000	0.370000
780	YBL042C  	0.260000	-2.060000	-1.060000	-0.430000	0.540000	1.330000	1.580000
782	YGR266W  	-0.490000	0.230000	0.590000	1.340000	2.680000	2.260000	2.010000
783	YGR194C  	-0.490000	-0.380000	0.160000	0.380000	-0.250000	-0.970000	-1.890000
784	YOR251C  	-0.250000	-0.340000	0.630000	0.850000	2.000000	1.590000	0.770000
786	YGL162W  	0.070000	-0.540000	-0.690000	1.270000	2.970000	3.070000	2.830000
789	YIL121W  	-0.300000	1.700000	2.410000	1.760000	1.620000	1.370000	1.680000
790	YDR033W  	-0.070000	-0.710000	0.140000	-0.540000	-1.890000	-2.250000	-2.400000
791	YBR148W  	-0.340000	0.240000	0.340000	3.630000	4.870000	3.570000	4.060000
792	YHR174W  	0.310000	-2.180000	-1.940000	-2.940000	-3.320000	-3.320000	-2.470000
793	YCR055C  	-0.010000	-2.840000	-1.180000	-0.970000	-1.560000	-1.220000	-0.940000
794	YLR388W  	0.230000	-1.560000	-1.290000	-1.790000	-2.060000	0.380000	-0.490000
795	YGR196C  	-0.320000	0.030000	0.340000	1.140000	2.190000	2.160000	1.380000
796	YOR180C  	-0.450000	1.770000	0.720000	0.320000	2.030000	2.020000	1.710000
797	YIL122W  	-0.290000	-2.400000	-1.840000	-1.510000	-1.840000	-1.320000	-2.180000
798	YMR295C  	-0.510000	-1.060000	-1.560000	-2.250000	-2.560000	-2.180000	-2.470000
799	YBR149W  	-0.030000	0.380000	0.320000	-1.320000	-2.060000	-1.400000	-0.710000
800	YNL170W  	-0.420000	-0.230000	-0.600000	0.710000	1.840000	1.530000	1.160000
801	YCL025C  	-0.150000	2.240000	-0.890000	0.420000	0.040000	0.040000	0.250000
802	YAL067C  	-0.170000	3.440000	0.580000	1.550000	3.260000	1.610000	2.800000
803	YOL150C  	-0.220000	-1.840000	-0.600000	-1.640000	-2.640000	-0.290000	-1.250000
804	YCR057C  	-0.100000	-2.640000	-1.220000	-1.250000	-1.940000	-0.940000	-0.890000
805	YNL171C  	-0.670000	0.300000	0.140000	1.440000	2.580000	0.260000	2.170000
806	YDL004W  	0.140000	-1.290000	-0.710000	-0.940000	-1.690000	-2.060000	-2.060000
807	YER015W  	-0.140000	2.480000	0.330000	-0.740000	-1.470000	-0.710000	-0.100000
808	YBR078W  	-0.030000	0.180000	-0.380000	-1.470000	-2.250000	-2.120000	-2.560000
809	YIL052C  	0.330000	-2.470000	-1.690000	-2.180000	-2.120000	-1.250000	-0.430000
810	YOR255W  	-0.510000	-0.510000	-0.510000	4.150000	5.190000	3.830000	5.070000
811	YNL318C  	-0.560000	-0.380000	-0.470000	3.130000	4.560000	4.360000	5.060000
813	YPL130W  	-0.940000	-0.860000	-0.170000	3.660000	4.250000	3.420000	4.690000
815	YMR001C  	-0.380000	1.370000	1.120000	3.820000	4.640000	3.700000	4.330000
816	YJR137C  	-0.180000	2.360000	0.200000	0.710000	0.960000	1.030000	1.240000
818	YIL053W  	-0.250000	-2.940000	-0.560000	-0.120000	-0.810000	-0.810000	-0.690000
819	YPL131W  	0.080000	-1.890000	-2.560000	-2.250000	-2.560000	-1.790000	-0.860000
820	YNL319W  	-0.270000	0.110000	-0.230000	2.200000	2.950000	3.220000	4.400000
821	YIL127C  	-0.340000	-2.470000	-0.970000	-0.010000	0.390000	0.810000	0.260000
822	YPL205C  	-0.100000	-0.450000	-0.640000	0.640000	1.570000	1.510000	1.280000
824	YJL033W  	-0.290000	-3.320000	-1.560000	-0.300000	-1.000000	-0.810000	-0.450000
825	YJL106W  	-0.620000	4.610000	3.790000	4.650000	4.910000	4.030000	4.770000
826	YGL169W  	-0.290000	-2.740000	-1.060000	-0.840000	-0.170000	-0.170000	-0.170000
828	YJL107C  	-0.450000	-1.320000	-1.470000	-2.840000	-2.560000	-3.060000	-1.290000
829	YNL175C  	-0.180000	-3.180000	-2.320000	-0.920000	-2.180000	-0.560000	-1.030000
830	YDL008W  	-0.090000	-0.300000	0.260000	1.480000	2.800000	2.620000	2.530000
831	YDR324C  	-0.170000	-3.060000	-1.180000	-0.150000	-1.150000	-0.070000	-0.420000
833	YPL134C  	-0.030000	0.280000	-0.120000	-0.580000	-1.180000	-1.320000	-2.000000
835	YKR046C  	-0.150000	-0.670000	0.070000	-0.840000	-1.560000	-2.120000	-1.740000
836	YPL061W  	0.030000	-0.200000	-0.920000	-2.560000	-3.320000	-3.180000	-3.180000
837	YOL082W  	-0.420000	0.630000	-0.060000	-1.320000	-2.060000	-2.320000	-1.840000
838	YIL057C  	-0.100000	0.980000	1.800000	2.550000	3.060000	2.640000	2.920000
839	YPR167C  	-0.180000	1.790000	0.180000	-0.090000	-0.030000	-0.250000	-0.430000
840	YKL015W  	-0.170000	1.990000	1.040000	1.280000	0.980000	0.430000	0.580000
841	YDR325W  	-0.420000	0.530000	0.980000	1.770000	1.930000	1.090000	0.280000
842	YBR294W  	-0.100000	2.050000	1.070000	1.040000	0.870000	0.730000	0.250000
843	YPL208W  	-0.170000	1.340000	1.710000	1.400000	2.780000	0.770000	2.390000
844	YDR253C  	-0.380000	0.810000	1.000000	1.360000	1.700000	2.480000	2.780000
845	YDR326C  	-0.250000	0.580000	-0.640000	0.780000	2.920000	2.810000	2.830000
846	YPL209C  	-0.170000	1.210000	1.460000	2.050000	2.250000	1.380000	1.000000
847	YDR180W  	-0.400000	1.080000	1.460000	1.680000	1.960000	0.360000	0.400000
848	YJL037W  	0.060000	-0.230000	-0.040000	3.210000	4.400000	3.750000	5.230000
849	YDL222C  	0.040000	-0.860000	-1.740000	-1.510000	-2.320000	-0.920000	-0.030000
850	YOL084W  	-0.810000	-0.420000	-0.070000	0.320000	0.820000	1.020000	1.490000
851	YNL178W  	0.010000	-2.400000	-2.470000	-2.640000	-2.940000	-1.840000	-1.060000
852	YJL038C  	0.060000	-0.540000	0.330000	3.790000	5.180000	4.500000	5.490000
853	YOL158C  	-0.420000	-2.060000	-1.890000	-3.060000	-3.180000	-3.180000	-3.320000
854	YDL223C  	0.010000	-1.840000	-0.070000	-0.220000	-0.810000	-0.290000	1.450000
855	YER161C  	0.230000	-0.030000	-0.560000	0.120000	1.420000	1.490000	1.360000
856	YLR312C  	-0.250000	0.930000	1.490000	1.740000	2.420000	1.770000	1.930000
857	YDR256C  	0.230000	3.670000	1.580000	1.330000	0.900000	1.710000	2.540000
859	YDR184C  	-0.170000	-2.560000	-1.940000	-1.470000	-2.180000	-0.250000	-1.470000
860	YLR314C  	-0.070000	0.520000	0.780000	2.860000	3.930000	4.080000	4.250000
861	YDL152W  	0.200000	-2.840000	-1.560000	-1.150000	-1.250000	-0.230000	-0.340000
862	YDL080C  	-0.300000	0.290000	0.630000	0.790000	2.560000	2.090000	1.580000
863	YDL153C  	-0.010000	-2.840000	-1.430000	-0.890000	-1.360000	-0.970000	-0.140000
864	YER091C  	0.160000	2.630000	1.040000	0.240000	-1.180000	-0.360000	0.600000
865	YDR258C  	0.080000	-0.920000	-1.740000	-1.290000	-2.250000	-2.320000	-2.470000
866	YEL060C  	-0.070000	0.810000	-0.290000	-0.300000	-0.840000	-1.560000	-1.940000
868	YEL061C  	-0.360000	0.550000	1.040000	1.810000	2.530000	2.380000	2.100000
869	YHR030C  	0.070000	-1.120000	-1.470000	-1.790000	-2.060000	-1.790000	-2.470000
870	YFL040W  	-0.270000	0.060000	-0.320000	1.160000	3.000000	2.500000	2.870000
871	YDL082W  	0.210000	-2.060000	-1.640000	-1.740000	-2.470000	-1.600000	-0.970000
872	YDL155W  	-0.060000	0.080000	-0.120000	1.450000	2.800000	3.360000	3.560000
873	YPL280W  	-0.450000	0.000000	-0.140000	-0.600000	-0.710000	0.490000	1.660000
874	YDL083C  	0.160000	-2.000000	-1.690000	-2.000000	-2.000000	-1.360000	-0.400000
875	YFL041W  	0.120000	-0.400000	-0.640000	0.700000	1.970000	1.120000	2.240000
876	YBR005W  	0.100000	-1.940000	-2.000000	-2.740000	-2.470000	-1.840000	-1.510000
877	YDR471W  	-0.010000	-2.740000	-1.560000	-2.250000	-2.320000	-1.180000	-0.420000
878	YEL063C  	-0.090000	2.210000	1.570000	0.380000	-0.340000	-0.380000	-0.100000
879	YGR053C  	-0.320000	0.120000	0.930000	2.100000	2.240000	1.120000	0.420000
883	YDL085W  	0.100000	2.360000	1.080000	0.510000	0.010000	0.330000	1.290000
884	YGR127W  	-0.320000	1.600000	0.310000	-0.220000	-0.540000	-0.890000	-0.940000
885	YER096W  	-0.010000	0.860000	1.280000	1.410000	1.460000	2.530000	3.140000
887	YIR013C  	-0.200000	-0.220000	-0.560000	1.120000	4.050000	2.280000	4.420000
888	YKL164C  	0.120000	-0.470000	-1.510000	-2.060000	-2.640000	-2.250000	-2.560000
889	YGR128C  	-0.340000	-2.740000	-1.060000	-1.150000	-1.740000	-1.030000	-0.890000
891	YEL065W  	-0.140000	-1.000000	-0.740000	-1.890000	-2.400000	-2.000000	-1.890000
893	YGR055W  	-0.090000	-0.220000	-1.510000	-0.970000	0.570000	0.250000	0.360000
894	YLR175W  	0.180000	-3.060000	-1.940000	-1.000000	-1.890000	-1.060000	-0.810000
895	YML123C  	-0.070000	0.930000	-0.810000	-0.340000	-1.600000	-1.290000	-0.860000
896	YLR176C  	-0.220000	0.190000	-0.710000	-0.710000	-1.250000	-1.940000	-1.740000
897	YNL102W  	-0.380000	-1.000000	1.800000	1.610000	1.000000	0.120000	-0.140000
899	YMR229C  	-0.420000	-2.940000	-1.840000	-0.920000	-1.510000	-1.250000	-0.670000
900	YHR036W  	-0.710000	-0.290000	-0.100000	0.780000	1.590000	1.670000	0.560000
903	YNL104C  	0.000000	1.860000	1.100000	-0.270000	-0.400000	0.010000	0.520000
904	YOR115C  	-0.420000	0.030000	0.400000	0.560000	1.770000	1.440000	0.860000
905	YLR178C  	-0.380000	0.720000	-0.100000	-1.090000	-1.890000	-2.320000	-1.640000
906	YBR222C  	-0.170000	-0.040000	-0.510000	-1.560000	-2.060000	-1.890000	-1.740000
907	YML053C  	0.110000	-0.070000	0.800000	2.250000	1.910000	0.530000	1.110000
908	YML126C  	0.250000	0.580000	0.840000	-0.060000	-0.970000	-1.640000	-1.640000
909	YHR079BC 	-0.170000	0.840000	1.430000	2.270000	2.210000	1.480000	1.560000
910	YGR059W  	-0.180000	-0.290000	-0.270000	3.950000	4.880000	4.780000	5.420000
911	YML054C  	-0.400000	0.670000	-0.200000	-1.180000	-1.690000	-2.180000	-2.400000
912	YNL033W  	-0.270000	0.040000	0.030000	2.180000	3.720000	2.680000	4.160000
913	YKL096W  	-0.030000	-1.740000	-2.120000	0.560000	2.760000	2.280000	2.340000
914	YML128C  	-0.010000	0.900000	0.190000	-0.670000	-1.640000	-0.860000	1.150000
915	YNL034W  	-0.340000	0.080000	-0.010000	1.500000	2.670000	2.370000	2.740000
917	YGR272C  	-0.220000	-1.840000	-0.790000	0.150000	0.960000	0.720000	0.380000
918	YLR392C  	-0.420000	-0.690000	-1.560000	-2.320000	-2.640000	-2.560000	-2.320000
919	YGL240W  	-0.360000	1.400000	1.400000	2.030000	2.240000	1.370000	1.270000
920	YMR088C  	-0.290000	1.040000	0.780000	-1.400000	-2.000000	-2.000000	-1.320000
921	YGR273C  	0.010000	-0.790000	-0.400000	2.520000	4.860000	4.220000	5.130000
922	YKL099C  	-0.300000	-2.940000	-0.840000	-0.420000	-0.840000	-0.450000	-0.470000
923	YOL015W  	-0.940000	-1.250000	-0.860000	2.900000	4.810000	4.180000	4.230000
924	YNL036W  	-0.100000	1.650000	0.110000	-1.090000	-1.180000	-1.360000	-1.840000
925	YLR393W  	-0.340000	1.100000	1.200000	1.950000	1.900000	0.900000	0.070000
926	YOL016C  	-0.340000	-2.320000	-2.560000	-2.320000	-2.740000	-2.320000	-2.120000
927	YNL037C  	-0.060000	0.790000	0.440000	-0.420000	-0.970000	-2.250000	-2.940000
928	YPR027C  	-0.340000	-0.170000	-0.140000	2.230000	2.890000	2.540000	2.720000
929	YGL170C  	-0.430000	-0.940000	-0.150000	3.610000	4.720000	4.260000	5.370000
930	YDR113C  	-0.300000	1.090000	2.370000	3.500000	4.300000	3.550000	3.130000
931	YBR082C  	0.030000	-0.490000	-0.640000	-1.220000	-2.000000	-1.560000	-2.060000
932	YLR394W  	-0.270000	0.980000	1.300000	2.060000	2.260000	1.580000	1.280000
934	YER020W  	0.340000	-1.180000	-1.360000	-2.180000	-2.740000	-1.640000	-0.690000
935	YGL171W  	-0.320000	-3.840000	-1.840000	-0.420000	0.150000	0.510000	0.310000
936	YDR042C  	-0.060000	-0.400000	-0.090000	1.930000	3.470000	3.140000	3.510000
937	YOR261C  	-0.090000	0.300000	1.440000	1.920000	1.870000	1.210000	0.800000
938	YGL245W  	-0.290000	-0.470000	-0.600000	-2.060000	-2.470000	-2.180000	-1.470000
939	YJL110C  	-0.140000	0.380000	0.000000	-0.810000	-1.790000	-1.790000	-1.180000
940	YOL019W  	-0.540000	0.190000	-0.320000	-2.320000	-2.400000	-2.320000	-2.060000
941	YIL131C  	-0.450000	1.190000	1.310000	0.770000	1.530000	1.670000	0.100000
942	YHR184W  	-0.300000	-0.890000	-0.290000	4.560000	5.300000	4.720000	5.400000
944	YDR117C  	0.010000	0.860000	0.840000	1.290000	2.390000	2.160000	2.070000
945	YBR086C  	-0.180000	0.190000	-0.690000	-1.790000	-2.180000	-1.560000	-0.840000
946	YJR070C  	-0.400000	-2.470000	-1.180000	-0.170000	-0.970000	-0.540000	-0.710000
948	YHR185C  	-0.380000	-0.640000	-0.140000	3.000000	3.880000	3.400000	2.520000
949	YBL054W  	-0.040000	-2.060000	-1.790000	-1.090000	-1.690000	-1.250000	-1.470000
950	YGR279C  	0.120000	-0.040000	-0.540000	-1.060000	-1.840000	-2.320000	-2.560000
951	YIL133C  	-0.320000	-2.940000	-1.470000	-2.060000	-2.180000	-1.510000	-0.620000
952	YOR190W  	-0.340000	-0.470000	-0.380000	2.150000	4.210000	4.010000	4.710000
953	YGL175C  	-0.360000	0.230000	0.620000	0.930000	1.690000	1.080000	0.780000
954	YLR102C  	-0.010000	0.120000	0.480000	1.280000	2.050000	1.680000	2.130000
956	YER024W  	0.100000	3.110000	2.360000	1.920000	1.890000	1.160000	2.060000
957	YDR118W  	-0.170000	0.800000	1.360000	1.980000	3.770000	3.730000	4.000000
958	YDR402C  	-0.030000	-0.400000	-0.380000	-0.320000	2.180000	2.990000	3.510000
959	YDR046C  	-0.180000	-1.640000	-1.090000	-0.270000	0.300000	0.380000	0.400000
960	YBR088C  	-0.170000	0.990000	2.570000	2.200000	1.580000	0.490000	0.140000
961	YJR145C  	-0.040000	-1.840000	-2.250000	-2.840000	-2.640000	-1.940000	-1.060000
962	YLR030W  	-0.320000	1.480000	0.600000	1.540000	4.420000	3.430000	4.510000
963	YGL249W  	-0.320000	0.370000	1.290000	2.420000	2.520000	1.710000	1.400000
965	YER026C  	0.160000	-0.940000	-1.400000	-1.640000	-1.640000	-1.740000	-1.940000
966	YOR338W  	-0.070000	-1.790000	-1.320000	1.090000	1.880000	1.390000	1.430000
967	YNL182C  	-0.100000	-2.320000	-0.670000	-0.090000	-0.860000	-0.690000	-0.640000
968	YOR339C  	-0.640000	0.070000	-0.600000	1.510000	2.560000	2.850000	3.070000
969	YDR403W  	-0.040000	-0.300000	0.000000	-0.010000	2.510000	4.210000	5.640000
970	YDR331W  	-0.140000	0.200000	-0.170000	0.830000	2.010000	1.810000	1.740000
972	YMR011W  	-0.250000	-2.320000	-0.220000	-0.040000	-1.150000	-1.090000	-0.970000
973	YKL022C  	-0.090000	-0.070000	0.040000	1.130000	2.090000	2.140000	2.570000
975	YGL179C  	0.040000	0.080000	-1.000000	-3.180000	-2.060000	-1.180000	-2.740000
977	YJL043W  	-0.170000	-0.380000	-0.320000	1.450000	1.050000	2.190000	0.400000
978	YDR260C  	-0.030000	0.280000	0.100000	1.700000	3.120000	2.140000	2.410000
979	YIL138C  	0.450000	-0.340000	-0.180000	-0.170000	-0.490000	-0.970000	-1.890000
980	YOR195W  	-0.300000	-0.690000	1.210000	1.580000	1.020000	0.550000	0.240000
981	YER0561C 	0.140000	-2.470000	-1.510000	-2.250000	-2.180000	-1.150000	-0.430000
982	YOL091W  	-0.510000	-0.040000	0.330000	4.590000	5.040000	4.270000	4.120000
983	YLR107W  	-0.340000	-0.670000	-0.970000	-0.860000	-0.890000	-0.810000	-2.470000
984	YIL139C  	-0.340000	-0.300000	0.010000	1.580000	2.540000	2.490000	2.610000
985	YMR014W  	-0.120000	-2.470000	-1.000000	-0.060000	-0.860000	-0.740000	-0.580000
987	YLL004W  	-0.540000	0.120000	0.520000	1.840000	2.970000	2.410000	2.220000
988	YOR198C  	0.140000	-0.890000	-0.710000	-0.940000	-1.560000	-2.120000	-2.400000
990	YLR109W  	-0.220000	-0.890000	-0.100000	-1.470000	-2.180000	-0.970000	-0.740000
991	YLL005C  	-0.450000	0.210000	0.340000	1.580000	2.880000	2.190000	1.980000
992	YNL187W  	-0.620000	0.570000	0.520000	1.260000	2.080000	1.920000	1.410000
993	YJR078W  	-0.120000	-0.710000	-1.840000	-2.320000	-1.890000	-1.740000	-1.690000
994	YDR263C  	-0.790000	0.200000	0.890000	2.000000	3.130000	3.480000	2.490000
996	YNL188W  	-0.450000	-0.070000	0.430000	1.640000	2.420000	2.040000	1.690000
997	YDR191W  	-0.320000	0.610000	0.700000	1.770000	2.350000	2.380000	2.730000
998	YMR017W  	-0.320000	-0.030000	-0.270000	2.500000	4.180000	3.790000	4.900000
999	YGR202C  	-0.150000	-0.090000	0.030000	1.360000	2.410000	2.340000	2.370000
1000	YDL234C  	-0.120000	-1.320000	-2.640000	-2.940000	-3.180000	-3.180000	-3.320000
1001	YMR018W  	-0.380000	2.830000	0.570000	0.820000	0.770000	0.080000	0.290000
1002	YLR323C  	-0.360000	0.730000	-0.790000	-1.640000	-0.890000	-0.970000	-0.940000
1003	YLL008W  	-0.470000	-2.180000	-1.640000	-0.790000	0.310000	0.510000	0.370000
1004	YMR303C  	-0.090000	0.240000	0.290000	-1.400000	-1.360000	-1.740000	-1.220000
1005	YGR204W  	-0.100000	0.680000	-0.380000	-1.640000	-1.740000	-1.790000	-1.150000
1006	YPL078C  	-0.060000	-1.180000	-0.710000	-1.640000	-1.600000	-2.000000	-2.120000
1008	YER175C  	-0.120000	-0.070000	-0.710000	-1.560000	-2.180000	-2.180000	-2.400000
1009	YDR196C  	-0.170000	0.100000	-0.070000	0.410000	1.740000	1.600000	1.880000
1010	YMR305C  	-0.380000	-1.430000	-1.400000	-3.470000	-3.640000	-3.470000	-3.320000
1011	YGL102C  	0.070000	-1.470000	-1.690000	-1.840000	-2.000000	-1.890000	-1.120000
1013	YLR180W  	-0.220000	1.450000	-0.860000	-0.840000	-2.120000	-1.890000	-1.790000
1014	YDL238C  	-0.340000	2.530000	1.320000	0.690000	-0.010000	-0.250000	-0.170000
1015	YPL079W  	-0.290000	-2.060000	-1.290000	-2.060000	-2.400000	-1.430000	-0.710000
1016	YAL003W  	0.230000	-1.790000	-1.290000	-1.560000	-2.120000	-1.090000	-1.120000
1017	YDL239C  	-0.450000	1.180000	1.770000	3.350000	4.640000	4.190000	3.920000
1018	YAL004W  	0.410000	-0.380000	-0.890000	-1.060000	-1.600000	-1.840000	-1.600000
1019	YAL005C  	0.610000	-0.070000	-1.290000	-1.290000	-2.000000	-1.840000	-2.250000
1020	YGL031C  	-0.060000	-2.060000	-2.060000	-2.470000	-2.400000	-1.600000	-0.760000
1021	YCLX02C  	0.140000	-2.400000	-1.360000	-0.790000	-1.000000	-0.400000	-0.430000
1022	YDL167C  	-0.690000	-2.640000	-1.090000	-0.710000	-1.360000	-0.560000	0.040000
1023	YLR328W  	-0.290000	-0.670000	-0.290000	-1.600000	-1.840000	-2.320000	-2.000000
1024	YLR183C  	-0.340000	-0.320000	1.510000	1.280000	0.870000	-0.170000	-0.940000
1025	YKL172W  	-0.200000	-2.940000	-1.640000	-0.970000	-1.600000	-1.000000	-0.690000
1026	YGR136W  	0.180000	-0.510000	-1.030000	-1.220000	-1.640000	-1.940000	-2.470000
1027	YOR120W  	0.070000	-0.400000	-0.670000	-1.840000	-2.740000	-1.840000	-1.640000
1028	YGL032C  	-0.030000	0.060000	1.180000	1.420000	2.140000	0.940000	0.990000
1029	YCLX03C  	0.140000	0.150000	-0.290000	1.160000	3.280000	3.340000	3.680000
1030	YNL110C  	-0.450000	-2.740000	-1.470000	-0.710000	-1.290000	-1.430000	-0.970000
1031	YLR329W  	-0.710000	0.250000	1.360000	2.160000	2.170000	1.930000	0.480000
1032	YOR121C  	-0.030000	-0.670000	-0.600000	-1.690000	-2.180000	-1.510000	-1.470000
1034	YML131W  	-0.140000	1.020000	0.490000	-0.920000	-1.840000	-0.090000	-1.690000
1035	YGR137W  	0.410000	-0.290000	-0.740000	-0.740000	-1.060000	-1.290000	-1.840000
1036	YER179W  	-0.340000	4.440000	3.970000	3.670000	4.390000	3.330000	3.200000
1039	YGL033W  	-0.360000	1.160000	3.130000	3.040000	3.370000	2.880000	2.530000
1040	YMR237W  	-0.230000	0.460000	-0.140000	-0.170000	-0.810000	-1.120000	-2.060000
1041	YLR258W  	-0.140000	0.030000	-1.180000	-1.840000	-2.400000	-2.400000	-2.400000
1042	YPR102C  	-0.170000	-1.360000	-1.510000	-1.940000	-2.250000	-1.560000	-0.810000
1044	YMR092C  	-0.470000	-0.120000	-1.120000	-1.320000	-2.060000	-2.640000	-2.250000
1045	YFL055W  	-0.230000	2.160000	-0.180000	-0.710000	-0.690000	-0.620000	-0.360000
1046	YGR067C  	-0.010000	2.600000	1.630000	0.210000	-0.180000	-0.430000	-0.090000
1047	YOR051C  	0.040000	-3.320000	-0.620000	-0.840000	-1.430000	-1.250000	-1.640000
1049	YMR093W  	-0.640000	-3.180000	-1.890000	-1.180000	-2.320000	-2.060000	-1.510000
1050	YML062C  	-0.420000	-0.760000	-0.490000	0.230000	1.740000	1.260000	0.770000
1051	YHL015W  	0.030000	-1.400000	-2.120000	-2.120000	-2.400000	-1.400000	-0.670000
1052	YBR232C  	-0.060000	0.650000	0.690000	0.920000	1.550000	1.510000	2.010000
1054	YIR027C  	-0.400000	1.580000	1.670000	-0.740000	0.580000	-0.170000	-0.600000
1055	YDR488C  	-0.470000	0.410000	0.200000	0.230000	1.530000	1.190000	0.900000
1056	YNR074C  	-0.290000	1.820000	0.720000	-1.430000	-0.920000	-0.200000	-1.470000
1057	YMR095C  	-0.180000	2.180000	1.010000	0.960000	0.820000	0.700000	1.480000
1059	YML063W  	-0.100000	-1.890000	-2.180000	-2.740000	-2.740000	-2.060000	-0.760000
1061	YBR233W  	-0.070000	-0.120000	0.740000	1.390000	3.270000	2.170000	2.550000
1063	YCLX09W  	0.190000	1.990000	-0.920000	0.330000	0.200000	0.490000	0.590000
1064	YNL116W  	-0.320000	0.590000	1.510000	2.200000	2.320000	2.290000	1.760000
1065	YIR028W  	-0.540000	1.240000	1.690000	-0.010000	1.470000	1.140000	0.870000
1068	YOR128C  	-0.170000	-0.920000	-1.940000	-2.120000	-2.840000	-2.560000	-2.840000
1069	YNL117W  	-0.040000	2.290000	1.390000	-0.890000	-0.940000	-2.000000	-1.510000
1071	YIR029W  	-0.380000	2.470000	2.680000	0.400000	0.790000	0.360000	-0.100000
1072	YML066C  	-0.640000	-0.540000	-0.690000	0.880000	2.520000	2.090000	1.800000
1073	YGR282C  	-0.120000	0.290000	-1.030000	-1.430000	-1.840000	-1.640000	-1.470000
1074	YJR009C  	0.030000	-1.940000	-1.510000	-3.060000	-3.470000	-3.180000	-2.470000
1075	YOL024W  	-0.220000	-0.490000	0.000000	2.400000	3.810000	3.100000	3.990000
1076	YNL045W  	-0.400000	0.230000	-0.790000	-1.360000	-1.790000	-1.250000	-0.640000
1077	YGL251C  	-0.560000	2.590000	3.120000	3.640000	3.570000	3.330000	1.250000
1079	YNL119W  	-0.200000	-2.400000	-1.940000	-2.000000	-2.000000	-1.470000	-0.810000
1081	YDR050C  	0.180000	-1.840000	-1.400000	-2.470000	-3.320000	-2.940000	-3.060000
1082	YDR123C  	0.100000	-1.220000	-1.790000	-1.890000	-1.940000	-1.740000	-1.220000
1083	YER102W  	0.110000	-1.510000	-1.890000	-2.470000	-2.560000	-1.640000	-0.860000
1084	YGL180W  	0.040000	1.880000	1.190000	1.860000	2.650000	2.770000	3.220000
1085	YGL253W  	0.210000	-2.470000	-1.740000	-1.740000	-2.840000	-2.400000	-2.560000
1086	YER103W  	-0.010000	-0.920000	-2.320000	-1.060000	-1.360000	-1.220000	-1.220000
1087	YDL020C  	-0.180000	0.670000	-0.920000	-0.670000	-1.430000	-1.640000	-1.740000
1088	YDR125C  	0.190000	-0.710000	-1.470000	-1.510000	-2.250000	-1.510000	-1.470000
1089	YOR344C  	0.040000	-2.560000	-1.470000	-2.470000	-3.470000	-1.690000	-2.560000
1090	YGL255W  	-0.070000	-0.920000	0.100000	-0.940000	-1.400000	-1.430000	-2.640000
1091	YGL183C  	0.150000	2.790000	3.620000	4.220000	4.000000	3.460000	3.160000
1092	YJR152W  	-0.090000	4.160000	3.330000	0.230000	1.160000	0.860000	1.340000
1093	YKL100C  	-0.340000	0.930000	0.160000	0.420000	1.890000	1.610000	1.670000
1094	YOR272W  	-0.270000	-2.560000	-1.740000	-1.320000	-2.250000	-0.320000	-0.840000
1096	YOR273C  	-0.320000	2.360000	1.280000	0.390000	-0.090000	-0.420000	-0.600000
1097	YFR012W  	-0.060000	-0.470000	-0.070000	0.680000	2.800000	1.690000	2.220000
1098	YER106W  	-0.470000	-1.000000	-0.360000	3.320000	3.750000	3.750000	2.400000
1099	YDR055W  	-0.380000	-1.000000	-2.000000	-2.250000	-2.940000	-2.470000	-2.940000
1100	YDL024C  	-0.100000	0.910000	-0.200000	0.190000	1.310000	2.420000	2.390000
1101	YFR014C  	-0.100000	-0.600000	-1.090000	-1.600000	-2.180000	-1.690000	-1.220000
1102	YHR196W  	0.060000	-2.560000	-1.430000	-0.670000	-1.890000	-1.090000	-1.000000
1103	YDR129C  	-0.060000	-0.360000	-1.430000	-2.000000	-2.470000	-2.320000	-2.060000
1104	YNL264C  	-0.490000	0.030000	0.770000	1.540000	2.060000	1.450000	0.900000
1105	YOR348C  	-0.040000	0.210000	-0.790000	-2.000000	-1.180000	-0.940000	-0.740000
1106	YDR412W  	0.000000	-2.320000	-1.000000	-0.840000	-1.400000	-0.790000	-0.540000
1107	YIL144W  	0.000000	1.770000	1.680000	3.090000	3.350000	2.870000	3.210000
1108	YER035W  	-0.300000	-0.300000	0.260000	1.490000	2.200000	1.740000	0.860000
1109	YKR061W  	-0.420000	-1.510000	-1.690000	-1.940000	-2.400000	-2.400000	-2.740000
1110	YBL067C  	0.310000	0.570000	-0.600000	-1.640000	-2.400000	-1.640000	-1.150000
1111	YKL103C  	0.060000	1.190000	0.230000	-0.580000	-1.120000	-1.470000	-1.510000
1112	YDR413C  	-0.090000	-2.180000	-1.400000	-0.920000	-1.400000	-0.940000	-0.580000
1113	YPL223C  	-0.450000	0.880000	0.620000	0.480000	0.040000	0.400000	2.080000
1114	YKL104C  	-0.290000	0.650000	0.880000	2.070000	3.070000	3.000000	3.390000
1115	YMR021C  	-0.040000	-0.620000	-0.790000	-0.760000	-1.690000	-1.690000	-2.250000
1116	YGL188C  	-0.760000	-2.120000	-0.090000	-0.580000	-0.690000	-1.150000	-1.600000
1117	YJL052W  	-0.170000	-2.120000	-1.890000	-3.320000	-2.940000	-3.320000	-2.940000
1118	YLR115W  	-0.450000	0.260000	0.750000	1.950000	1.380000	0.920000	0.210000
1119	YJR157W  	-0.270000	-0.360000	-0.060000	0.730000	1.800000	1.670000	2.130000
1120	YGL189C  	-0.010000	-1.790000	-1.790000	-2.180000	-1.890000	-1.320000	-0.640000
1122	YLL011W  	-0.470000	-2.640000	-2.060000	-1.220000	-1.940000	-1.250000	-0.940000
1123	YCL048W  	0.010000	-0.010000	-0.250000	1.090000	2.260000	2.670000	3.030000
1125	YDL028C  	-0.030000	0.290000	-0.090000	0.580000	2.110000	1.300000	1.640000
1126	YNR002C  	-0.220000	0.710000	-0.230000	-0.580000	-1.030000	-1.320000	-1.640000
1127	YOR278W  	-0.320000	0.510000	0.520000	0.860000	2.020000	1.530000	0.930000
1128	YLR044C  	0.040000	-2.180000	-1.840000	-2.640000	-3.470000	-2.940000	-1.790000
1129	YLL012W  	-0.300000	0.230000	0.590000	2.930000	3.600000	2.870000	2.890000
1130	YKL106W  	0.000000	1.060000	-0.360000	-0.690000	-1.690000	-1.120000	-1.510000
1131	YOR279C  	-0.320000	0.260000	0.810000	1.210000	1.730000	1.370000	0.590000
1132	YDR417C  	0.010000	-2.470000	-1.600000	-1.840000	-2.320000	-1.320000	-0.810000
1133	YLR401C  	-0.270000	-2.320000	-1.360000	-0.840000	-0.620000	-0.690000	-0.640000
1134	YLR045C  	-0.140000	0.710000	1.820000	3.060000	4.280000	3.700000	4.060000
1135	YKR066C  	-0.540000	1.530000	1.080000	1.630000	2.830000	2.450000	1.140000
1136	YNL196C  	-0.150000	2.150000	3.140000	4.950000	4.340000	3.410000	3.620000
1137	YKL107W  	-0.250000	1.870000	1.500000	1.660000	2.400000	2.300000	3.240000
1138	YPL081W  	-0.150000	-2.400000	-1.940000	-2.320000	-2.320000	-1.400000	-0.690000
1141	YDR418W  	0.000000	-2.640000	-1.890000	-2.120000	-2.400000	-1.470000	-0.840000
1142	YDL241W  	-0.380000	-2.000000	-1.250000	-0.580000	0.660000	0.590000	-0.090000
1143	YDR273W  	-0.360000	-0.070000	0.340000	3.470000	4.150000	4.290000	4.660000
1144	YER180C  	-0.230000	0.110000	-0.010000	1.770000	3.680000	3.160000	3.160000
1145	YGR211W  	0.030000	-2.940000	-3.180000	-2.940000	-3.840000	-3.060000	-2.740000
1146	YMR027W  	0.030000	-0.040000	-0.510000	-1.640000	-1.840000	-2.000000	-1.690000
1147	YLR048W  	-0.100000	-2.120000	-1.430000	-1.600000	-2.060000	-1.510000	-0.250000
1148	YNR007C  	-0.320000	-0.060000	-0.230000	0.890000	1.990000	1.800000	1.600000
1149	YLR049C  	-0.180000	0.240000	1.820000	2.630000	3.740000	3.430000	4.420000
1150	YLR332W  	-0.070000	-0.620000	-1.090000	-0.810000	-1.320000	-1.690000	-2.120000
1151	YLR405W  	-0.070000	-2.470000	-0.580000	-0.600000	-1.000000	-0.510000	0.230000
1152	YAL010C  	0.160000	-0.150000	-0.760000	-1.250000	-1.890000	-1.740000	-1.600000
1153	YER182W  	-0.380000	-0.170000	0.000000	1.620000	2.740000	2.340000	1.860000
1154	YMR313C  	-0.230000	0.150000	-0.250000	0.970000	2.160000	2.140000	2.170000
1155	YGR214W  	-0.120000	-2.560000	-1.320000	-1.840000	-2.060000	-1.320000	-0.320000
1156	YGR142W  	-0.140000	-1.560000	-3.320000	-3.060000	-3.180000	-3.470000	-3.840000
1157	YCR002C  	0.040000	0.120000	0.590000	2.190000	3.510000	3.090000	3.260000
1159	YDL174C  	0.120000	1.130000	-0.170000	-0.920000	-1.510000	-1.600000	-1.470000
1160	YAL012W  	0.030000	1.390000	-0.840000	-1.640000	-2.840000	-2.470000	-2.400000
1161	YMR242C  	-0.090000	-2.470000	-1.510000	-2.320000	-2.120000	-1.400000	-0.740000
1162	YLR409C  	-0.170000	-2.560000	-1.740000	-0.790000	-1.430000	-0.840000	-0.380000
1163	YDL247W  	-0.070000	0.950000	-0.140000	0.850000	1.860000	1.850000	2.090000
1164	YGR070W  	-0.200000	-0.340000	-0.580000	-1.400000	-2.060000	-2.000000	-2.320000
1165	YLR190W  	0.150000	-0.070000	-0.030000	-0.790000	-1.430000	-1.250000	-2.180000
1166	YLR263W  	-0.400000	2.660000	3.720000	4.130000	4.760000	3.820000	3.840000
1167	YHR123W  	-0.140000	0.210000	-0.230000	0.550000	1.840000	0.930000	1.500000
1168	YBR025C  	0.500000	-2.640000	-1.940000	-1.000000	-0.180000	0.510000	0.730000
1169	YMR316W  	-0.230000	-3.180000	-3.180000	-2.840000	-2.120000	-1.560000	-1.790000
